Num_Acc;senc;catv;occutc;obs;obsm;choc;manv;num_veh
2,018E+11;1;7;0;0;2;3;15;B01
2,018E+11;1;7;0;14;0;4;1;B01
2,018E+11;1;7;0;0;2;1;2;A01
2,018E+11;2;2;0;0;2;7;1;A01
2,018E+11;2;7;0;0;2;3;15;B01
2,018E+11;1;33;0;12;0;1;15;A01
2,018E+11;0;7;0;0;1;2;1;A01
2,018E+11;0;7;0;0;1;1;16;A01
2,018E+11;1;7;0;0;1;3;2;A01
2,018E+11;1;7;0;0;2;7;1;B01
2,018E+11;0;10;0;0;2;1;19;A01
2,018E+11;2;7;0;0;2;4;23;A01
2,018E+11;2;7;0;0;2;1;9;B01
2,018E+11;1;33;0;0;2;7;1;B01
2,018E+11;2;7;0;0;2;1;19;A01
2,018E+11;2;7;0;0;2;4;23;C01
2,018E+11;2;7;0;0;2;1;2;A01
2,018E+11;2;7;0;0;2;4;23;B01
2,018E+11;2;7;0;9;2;1;1;B01
2,018E+11;1;7;0;9;2;9;16;A01
2,018E+11;0;7;0;0;1;1;0;A01
2,018E+11;2;7;0;0;2;1;1;B01
2,018E+11;1;31;0;0;2;1;19;A01
2,018E+11;2;2;0;0;2;1;1;A01
2,018E+11;2;10;0;0;9;7;19;B01
2,018E+11;0;10;0;1;0;4;2;A01
2,018E+11;0;7;0;1;0;4;23;B01
2,018E+11;0;7;0;1;0;4;23;C01
2,018E+11;0;7;0;1;2;4;23;D01
2,018E+11;0;7;0;1;2;4;23;E01
2,018E+11;2;7;0;0;2;8;1;A01
2,018E+11;0;7;0;0;2;2;12;B01
2,018E+11;1;7;0;0;2;2;1;B01
2,018E+11;1;31;0;0;2;1;1;A01
2,018E+11;1;7;0;0;2;2;1;B01
2,018E+11;1;7;0;8;2;1;14;A01
2,018E+11;0;40;3;0;1;7;1;A01
2,018E+11;1;34;0;0;2;1;17;A01
2,018E+11;2;34;0;0;2;1;1;B01
2,018E+11;1;7;0;0;1;1;1;A01
2,018E+11;2;33;0;0;2;1;2;A01
2,018E+11;2;7;0;0;2;4;23;B01
2,018E+11;1;7;0;0;2;1;2;A01
2,018E+11;1;7;0;0;2;5;2;B01
2,018E+11;1;7;0;0;1;1;1;A01
2,018E+11;1;10;0;1;0;1;16;A01
2,018E+11;0;7;0;0;2;2;9;A01
2,018E+11;0;7;0;0;2;1;1;B01
2,018E+11;1;7;0;0;2;0;1;A01
2,018E+11;1;34;0;0;2;6;1;B01
2,018E+11;2;30;0;0;2;7;17;A01
2,018E+11;2;2;0;0;2;8;14;B01
2,018E+11;0;7;0;14;0;4;0;C01
2,018E+11;0;7;0;0;2;1;2;A01
2,018E+11;0;7;0;0;2;0;2;B01
2,018E+11;0;30;0;0;2;1;1;A01
2,018E+11;0;34;0;0;2;2;1;B01
2,018E+11;0;7;0;0;2;3;1;C01
2,018E+11;0;10;0;0;2;1;1;A01
2,018E+11;0;10;0;0;2;1;13;B01
2,018E+11;2;10;0;0;1;2;1;A01
2,018E+11;2;7;0;13;2;3;13;A01
2,018E+11;1;7;0;3;2;3;1;B01
2,018E+11;2;40;3;0;1;5;1;A01
2,018E+11;0;7;0;0;2;1;2;A01
2,018E+11;0;7;0;0;2;4;1;B01
2,018E+11;2;7;0;0;1;1;15;A01
2,018E+11;1;7;0;1;2;1;1;B01
2,018E+11;2;7;0;1;2;7;1;A01
2,018E+11;1;7;0;0;1;1;15;A01
2,018E+11;2;30;0;1;0;2;1;A01
2,018E+11;0;7;0;0;2;6;24;B01
2,018E+11;2;34;0;0;2;1;21;A01
2,018E+11;1;37;3;0;2;3;1;B01
2,018E+11;0;7;0;0;6;0;15;Z01
2,018E+11;1;7;0;0;1;1;1;A01
2,018E+11;0;7;0;0;2;6;16;B01
2,018E+11;0;99;0;0;2;3;1;A01
2,018E+11;1;7;0;0;2;3;13;A01
2,018E+11;2;2;0;0;2;8;1;B01
2,018E+11;1;33;0;1;0;2;1;A01
2,018E+11;1;7;0;0;2;2;1;A01
2,018E+11;2;2;0;0;2;1;0;B01
2,018E+11;1;7;0;0;1;1;15;A01
2,018E+11;1;34;0;0;1;2;17;A01
2,018E+11;0;7;0;0;2;1;0;A01
2,018E+11;2;1;0;0;2;1;1;B01
2,018E+11;1;10;0;1;2;3;15;A01
2,018E+11;1;34;0;0;2;1;1;B01
2,018E+11;1;30;0;0;2;1;2;A01
2,018E+11;1;7;0;0;2;6;2;B01
2,018E+11;2;7;0;0;2;3;0;C01
2,018E+11;1;30;0;1;2;8;2;A01
2,018E+11;1;7;0;0;2;2;2;B01
2,018E+11;1;2;0;0;2;1;1;C01
2,018E+11;1;7;0;0;1;2;1;A01
2,018E+11;0;2;0;0;2;1;1;B01
2,018E+11;0;7;0;0;2;3;15;A01
2,018E+11;2;7;0;1;2;7;1;A01
2,018E+11;2;32;0;1;2;1;1;B01
2,018E+11;1;34;0;0;2;3;13;A01
2,018E+11;2;7;0;0;2;8;1;B01
2,018E+11;0;32;0;0;2;9;1;B01
2,018E+11;0;7;0;0;2;1;15;A01
2,018E+11;1;7;0;0;2;7;1;B01
2,018E+11;1;10;0;0;2;1;1;A01
2,018E+11;1;7;0;0;1;1;0;A01
2,018E+11;1;7;0;0;2;2;15;A01
2,018E+11;2;33;0;0;2;1;1;B01
2,018E+11;1;7;0;0;2;1;1;C01
2,018E+11;1;10;0;0;2;6;15;A01
2,018E+11;1;30;0;0;2;1;17;B01
2,018E+11;1;30;0;0;2;1;17;C01
2,018E+11;0;7;0;0;2;3;15;A01
2,018E+11;0;33;0;0;2;1;2;B01
2,018E+11;1;7;0;0;1;1;1;A01
2,018E+11;0;7;0;0;2;3;15;A01
2,018E+11;0;30;0;0;2;1;1;B01
2,018E+11;0;30;0;0;2;5;15;A01
2,018E+11;0;32;0;0;2;3;1;B01
2,018E+11;0;7;0;0;4;6;0;A01
2,018E+11;1;40;50;0;2;3;1;B01
2,018E+11;0;7;0;0;1;4;4;A01
2,018E+11;0;33;0;0;2;1;1;B01
2,018E+11;0;7;0;0;2;8;15;A01
2,018E+11;0;7;0;0;2;7;1;A01
2,018E+11;0;2;0;0;2;1;1;B01
2,018E+11;1;10;0;0;0;6;1;B01
2,018E+11;1;31;0;0;2;2;11;A01
2,018E+11;1;7;0;0;1;3;1;A01
2,018E+11;0;10;0;0;1;0;0;A01
2,018E+11;1;7;0;0;1;2;15;A01
2,018E+11;1;7;0;0;2;7;15;A01
2,018E+11;2;33;0;0;2;1;1;B01
2,018E+11;0;30;0;0;2;1;1;A01
2,018E+11;0;7;0;0;2;3;15;B01
2,018E+11;0;99;0;1;1;2;0;A01
2,018E+11;1;34;0;0;1;1;1;A01
2,018E+11;1;7;0;0;2;1;1;A01
2,018E+11;2;1;0;0;2;0;1;B01
2,018E+11;0;7;0;0;2;2;19;A01
2,018E+11;0;34;0;0;2;1;19;B01
2,018E+11;0;7;0;0;2;1;1;A01
2,018E+11;0;7;0;0;2;2;1;B01
2,018E+11;1;30;0;0;2;1;2;A01
2,018E+11;1;7;0;0;2;4;2;B01
2,018E+11;0;7;0;0;2;4;9;A01
2,018E+11;1;33;0;0;2;1;1;B01
2,018E+11;2;7;0;0;2;2;15;A01
2,018E+11;1;31;0;0;2;1;0;B01
2,018E+11;1;99;0;9;0;1;0;A01
2,018E+11;2;7;0;0;1;1;1;A01
2,018E+11;2;17;0;0;2;2;15;A01
2,018E+11;1;7;0;0;2;3;1;B01
2,018E+11;0;32;0;0;2;4;0;A01
2,018E+11;0;33;0;0;2;1;0;B01
2,018E+11;0;30;0;0;2;7;0;A01
2,018E+11;1;7;0;0;2;1;1;B01
2,018E+11;1;7;0;0;2;5;1;A01
2,018E+11;1;2;0;0;2;3;2;B01
2,018E+11;0;34;0;0;2;2;18;A01
2,018E+11;0;10;0;0;2;6;23;B01
2,018E+11;0;7;0;0;2;7;1;C01
2,018E+11;1;20;0;0;2;5;12;A01
2,018E+11;1;34;0;0;2;8;2;B01
2,018E+11;2;99;0;0;2;1;0;A01
2,018E+11;2;13;0;0;2;1;21;B01
2,018E+11;2;7;0;0;0;0;15;A01
2,018E+11;1;30;0;0;0;0;1;B01
2,018E+11;2;10;0;15;2;1;1;A01
2,018E+11;2;10;0;0;2;4;0;B01
2,018E+11;1;10;0;0;2;3;23;A01
2,018E+11;1;2;0;1;0;1;13;B01
2,018E+11;1;30;0;0;1;8;15;A01
2,018E+11;0;30;0;1;0;3;0;A01
2,018E+11;0;10;0;0;2;0;0;B01
2,018E+11;1;10;0;0;2;6;9;A01
2,018E+11;1;33;0;0;2;1;1;B01
2,018E+11;2;7;0;0;1;1;1;Z01
2,018E+11;1;7;0;0;2;3;15;A01
2,018E+11;1;32;0;0;2;3;1;B01
2,018E+11;2;33;0;0;2;3;1;B01
2,018E+11;1;7;0;0;2;3;17;A01
2,018E+11;1;7;0;0;2;3;16;A01
2,018E+11;1;33;0;0;2;7;0;B01
2,018E+11;0;7;0;0;2;2;10;A01
2,018E+11;2;10;0;0;2;3;1;B01
2,018E+11;1;7;0;0;2;3;0;B01
2,018E+11;0;7;0;0;2;2;0;A01
2,018E+11;2;7;0;0;1;1;1;A01
2,018E+11;1;40;2;0;2;2;2;A01
2,018E+11;0;1;0;0;4;8;19;B01
2,018E+11;1;30;0;0;2;2;17;A01
2,018E+11;1;10;0;0;2;3;1;B01
2,018E+11;2;10;0;0;1;2;10;A01
2,018E+11;1;30;0;0;1;0;1;A01
2,018E+11;0;7;0;0;2;0;0;B01
2,018E+11;0;7;0;0;2;0;0;C01
2,018E+11;0;7;0;0;6;3;9;A01
2,018E+11;1;7;0;0;2;7;15;A01
2,018E+11;2;30;0;0;2;0;1;B01
2,018E+11;1;7;0;0;2;3;10;A01
2,018E+11;1;7;0;0;2;7;1;B01
2,018E+11;0;32;0;0;1;3;1;A01
2,018E+11;1;34;0;0;1;1;0;A01
2,018E+11;1;7;0;0;2;3;13;A01
2,018E+11;2;7;0;0;2;1;1;B01
2,018E+11;1;33;0;0;2;1;17;A01
2,018E+11;1;7;0;0;2;3;15;B01
2,018E+11;2;7;0;2;2;1;1;A01
2,018E+11;0;7;0;0;2;3;9;B01
2,018E+11;0;30;0;4;0;1;1;A01
2,018E+11;0;1;0;0;2;1;0;B01
2,018E+11;0;7;0;0;2;0;0;Z01
2,018E+11;1;10;0;9;6;2;8;A01
2,018E+11;1;31;0;0;2;1;1;A01
2,018E+11;1;7;0;0;2;5;0;B01
2,018E+11;1;7;0;0;2;3;15;A01
2,018E+11;2;33;0;15;2;1;1;B01
2,018E+11;1;7;0;0;1;1;1;A01
2,018E+11;1;30;0;0;1;7;0;A01
2,018E+11;0;1;0;0;1;8;0;A01
2,018E+11;0;7;0;0;2;3;9;A01
2,018E+11;1;7;0;0;2;2;1;B01
2,018E+11;1;7;0;0;2;3;20;A01
2,018E+11;1;2;0;0;2;1;1;B01
2,018E+11;1;14;0;0;1;3;1;A01
2,018E+11;1;37;4;4;2;1;2;A01
2,018E+11;1;10;0;0;2;0;0;B01
2,018E+11;1;10;0;0;2;0;0;C01
2,018E+11;1;10;0;0;2;5;23;D01
2,018E+11;1;10;0;0;2;4;0;E01
2,018E+11;1;10;0;0;2;4;23;1 F
2,018E+11;1;10;0;0;2;4;23;G01
2,018E+11;1;10;0;0;2;4;23;H01
2,018E+11;1;10;0;0;2;5;23;I01
2,018E+11;1;10;0;0;2;0;0;J01
2,018E+11;2;10;0;0;2;0;0;K01
2,018E+11;1;10;0;0;2;7;0;L01
2,018E+11;1;1;0;0;2;4;1;M01
2,018E+11;0;10;0;0;2;3;15;A01
2,018E+11;0;2;0;0;2;2;15;B01
2,018E+11;1;7;0;0;2;3;1;B01
2,018E+11;1;32;0;0;2;1;1;A01
2,018E+11;1;7;0;0;2;8;1;B01
2,018E+11;1;7;0;0;2;1;0;A01
2,018E+11;1;2;0;0;2;8;1;B01
2,018E+11;1;10;0;0;2;1;15;A01
2,018E+11;1;30;0;0;2;1;1;A01
2,018E+11;1;10;0;14;0;8;1;B01
2,018E+11;1;32;0;1;0;1;2;A01
2,018E+11;1;33;0;0;1;1;0;A01
2,018E+11;2;7;0;0;2;3;0;B01
2,018E+11;2;33;0;3;0;7;1;A01
2,018E+11;0;2;0;0;2;8;0;A01
2,018E+11;1;7;0;0;2;2;0;B01
2,018E+11;1;7;0;0;2;1;1;A01
2,018E+11;1;33;0;0;2;4;1;B01
2,018E+11;1;33;0;0;2;1;13;A01
2,018E+11;2;7;0;0;2;1;1;B01
2,018E+11;2;33;0;0;0;0;11;A01
2,018E+11;2;33;0;0;2;2;17;A01
2,018E+11;2;7;0;0;2;8;0;B01
2,018E+11;0;30;0;14;0;1;21;A01
2,018E+11;0;33;0;0;0;4;1;B01
2,018E+11;0;7;0;0;2;3;15;A01
2,018E+11;2;33;0;0;2;1;13;B01
2,018E+11;2;33;0;0;0;0;0;C01
2,018E+11;0;20;0;0;0;7;15;A01
2,018E+11;0;7;0;0;2;6;0;A01
2,018E+11;1;32;0;0;2;3;1;B01
2,018E+11;2;7;0;0;2;8;15;A01
2,018E+11;1;34;0;0;2;1;1;B01
2,018E+11;1;34;0;15;2;6;18;A01
2,018E+11;1;10;0;0;2;7;12;B01
2,018E+11;1;7;0;0;2;5;12;A01
2,018E+11;1;33;0;0;2;8;1;B01
2,018E+11;2;30;0;0;2;1;0;A01
2,018E+11;2;7;0;0;2;4;0;B01
2,018E+11;1;1;0;0;2;1;1;B01
2,018E+11;1;7;0;0;6;6;15;A01
2,018E+11;1;33;0;0;1;1;0;A01
2,018E+11;1;10;0;0;2;2;2;A01
2,018E+11;1;34;0;0;2;4;2;B01
2,018E+11;2;7;0;0;2;3;19;A01
2,018E+11;1;33;0;0;2;1;1;B01
2,018E+11;1;40;50;0;1;7;1;A01
2,018E+11;2;31;0;0;2;1;1;B01
2,018E+11;1;7;0;0;2;2;15;A01
2,018E+11;0;33;0;0;2;3;0;B01
2,018E+11;0;7;0;0;2;0;0;Z01
2,018E+11;1;7;0;0;6;2;19;A01
2,018E+11;1;30;0;0;2;1;19;B01
2,018E+11;1;7;0;0;1;1;1;A01
2,018E+11;1;10;0;0;2;1;15;A01
2,018E+11;2;2;0;0;2;1;1;B01
2,018E+11;0;7;0;0;2;1;13;A01
2,018E+11;0;33;0;0;2;4;1;B01
2,018E+11;1;7;0;0;2;1;1;A01
2,018E+11;1;2;0;0;2;4;2;B01
2,018E+11;1;7;0;0;2;4;2;C01
2,018E+11;0;10;0;0;1;1;15;A01
2,018E+11;0;30;0;0;1;1;1;A01
2,018E+11;2;30;0;0;1;1;1;A01
2,018E+11;0;30;0;0;2;1;13;A01
2,018E+11;0;7;0;0;2;0;0;B01
2,018E+11;1;7;0;1;2;1;2;A01
2,018E+11;1;7;0;0;2;4;2;B01
2,018E+11;2;33;0;0;2;3;0;C01
2,018E+11;1;7;0;1;2;8;24;W01
2,018E+11;1;2;0;0;2;8;15;A01
2,018E+11;1;7;0;0;2;2;1;B01
2,018E+11;1;14;0;0;2;5;12;A01
2,018E+11;1;1;0;0;2;8;1;B01
2,018E+11;1;10;0;0;1;3;1;A01
2,018E+11;1;32;0;0;2;7;15;A01
2,018E+11;1;7;0;0;2;8;15;B01
2,018E+11;1;7;0;0;2;1;0;A01
2,018E+11;1;7;0;0;2;4;1;B01
2,018E+11;1;7;0;0;2;2;0;C01
2,018E+11;1;34;0;0;1;1;18;A01
2,018E+11;2;34;0;0;1;3;7;A01
2,018E+11;1;7;0;0;2;6;15;A01
2,018E+11;1;33;0;0;2;1;17;B01
2,018E+11;1;7;0;0;2;7;16;A01
2,018E+11;1;33;0;0;2;1;1;B01
2,018E+11;1;40;4;0;2;3;1;B01
2,018E+11;1;10;0;0;4;3;16;A01
2,018E+11;2;10;0;0;2;2;1;B01
2,018E+11;1;30;0;0;2;1;1;A01
2,018E+11;0;7;0;0;2;1;2;A01
2,018E+11;0;33;0;0;2;9;2;B01
2,018E+11;0;7;0;1;2;0;2;Z01
2,018E+11;2;33;0;0;2;1;1;A01
2,018E+11;1;7;0;0;2;6;1;B01
2,018E+11;1;10;0;0;1;3;15;A01
2,018E+11;0;7;0;0;2;3;0;A01
2,018E+11;0;7;0;0;2;2;15;B01
2,018E+11;1;7;0;0;1;1;1;A01
2,018E+11;0;7;0;0;1;3;21;A01
2,018E+11;1;7;0;0;2;4;2;B01
2,018E+11;1;7;0;0;2;1;2;A01
2,018E+11;0;7;0;0;1;3;0;A01
2,018E+11;1;7;0;0;2;4;23;D01
2,018E+11;1;7;0;0;2;1;1;A01
2,018E+11;1;7;0;0;2;4;1;C01
2,018E+11;1;7;0;0;2;4;1;B01
2,018E+11;1;7;0;1;0;2;1;A01
2,018E+11;0;31;0;0;2;1;18;A01
2,018E+11;0;7;0;0;2;5;12;B01
2,018E+11;1;30;0;0;2;1;9;A01
2,018E+11;1;14;0;0;2;5;1;B01
2,018E+11;0;10;0;0;1;1;1;A01
2,018E+11;0;7;0;0;1;1;15;A01
2,018E+11;0;7;0;0;1;1;0;A01
2,018E+11;0;31;0;0;2;1;0;A01
2,018E+11;0;7;0;0;2;1;0;B01
2,018E+11;2;32;0;0;2;1;18;A01
2,018E+11;2;7;0;0;2;5;1;B01
2,018E+11;2;7;0;0;2;2;1;A01
2,018E+11;1;2;0;0;2;1;1;B01
2,018E+11;2;7;0;2;2;1;18;A01
2,018E+11;2;7;0;0;2;1;0;B01
2,018E+11;0;7;0;0;2;4;0;A01
2,018E+11;1;7;0;0;2;1;0;B01
2,018E+11;2;7;0;0;2;8;15;B01
2,018E+11;1;33;0;0;2;1;21;A01
2,018E+11;0;32;0;0;2;2;0;A01
2,018E+11;0;7;0;0;2;2;0;B01
2,018E+11;1;32;0;0;1;6;13;A01
2,018E+11;1;10;0;0;2;3;1;B01
2,018E+11;0;32;0;0;1;1;13;A01
2,018E+11;2;7;0;0;1;2;1;A01
2,018E+11;2;1;0;0;4;8;15;A01
2,018E+11;2;40;1;0;2;1;1;B01
2,018E+11;1;10;0;0;2;2;0;A01
2,018E+11;1;33;0;1;2;9;2;B01
2,018E+11;0;7;0;0;2;4;2;B01
2,018E+11;0;7;0;0;2;1;2;A01
2,018E+11;1;7;0;0;2;7;1;A01
2,018E+11;2;7;0;0;2;1;1;B01
2,018E+11;0;1;0;0;2;7;23;A01
2,018E+11;1;1;0;0;2;1;21;B01
2,018E+11;1;7;0;9;2;9;15;A01
2,018E+11;1;7;0;0;2;1;1;B01
2,018E+11;1;2;0;0;2;8;1;C01
2,018E+11;0;7;0;0;2;1;15;A01
2,018E+11;0;33;0;0;2;1;0;B01
2,018E+11;0;7;0;0;2;1;15;A01
2,018E+11;0;33;0;0;2;3;1;B01
2,018E+11;1;31;0;1;0;2;1;A01
2,018E+11;1;33;0;0;2;8;1;B01
2,018E+11;1;10;0;0;2;2;1;A01
2,018E+11;1;30;0;0;2;1;2;A01
2,018E+11;1;32;0;0;2;4;2;B01
2,018E+11;1;7;0;0;2;1;2;A01
2,018E+11;1;7;0;0;2;4;23;B01
2,018E+11;2;1;0;0;1;1;1;A01
2,018E+11;2;7;0;0;2;1;0;A01
2,018E+11;2;33;0;0;2;4;0;B01
2,018E+11;2;7;0;16;0;1;2;A01
2,018E+11;1;2;0;0;2;3;2;B01
2,018E+11;2;7;0;0;1;2;0;A01
2,018E+11;2;1;0;0;2;1;0;A01
2,018E+11;1;7;0;0;6;7;15;B01
2,018E+11;1;33;0;0;2;3;13;A01
2,018E+11;2;31;0;0;2;3;1;B01
2,018E+11;1;1;0;0;2;4;12;A01
2,018E+11;1;7;0;0;6;3;1;B01
2,018E+11;1;10;0;0;2;7;20;A01
2,018E+11;1;2;0;0;2;1;1;B01
2,018E+11;2;30;0;0;2;1;1;A01
2,018E+11;2;33;0;0;2;4;23;B01
2,018E+11;1;33;0;0;2;1;9;A01
2,018E+11;1;7;0;0;2;6;9;B01
2,018E+11;0;7;0;0;2;0;0;A01
2,018E+11;2;33;0;0;2;6;21;B01
2,018E+11;0;10;0;0;1;0;0;A01
2,018E+11;1;10;0;0;1;1;15;A01
2,018E+11;2;7;0;0;2;4;0;A01
2,018E+11;2;33;0;0;2;1;2;B01
2,018E+11;1;10;0;0;1;0;0;Z01
2,018E+11;1;20;0;0;2;3;1;A01
2,018E+11;2;30;0;0;2;1;1;B01
2,018E+11;1;33;0;0;2;1;1;A01
2,018E+11;1;10;0;0;2;4;15;B01
2,018E+11;1;20;0;0;2;6;1;C01
2,018E+11;1;7;0;0;2;3;10;A01
2,018E+11;1;33;0;0;2;2;0;B01
2,018E+11;2;31;0;0;2;1;13;A01
2,018E+11;1;37;2;0;2;3;1;B01
2,018E+11;2;10;0;0;1;1;0;A01
2,018E+11;2;14;0;0;1;3;1;A01
2,018E+11;1;31;0;0;2;1;1;B01
2,018E+11;2;7;0;0;2;2;1;A01
2,018E+11;2;30;0;0;1;1;0;A01
2,018E+11;0;32;0;0;1;1;19;A01
2,018E+11;1;10;0;0;1;1;1;A01
2,018E+11;0;7;0;0;2;1;1;B01
2,018E+11;0;7;0;0;0;1;13;A01
2,018E+11;0;32;0;0;2;1;1;C01
2,018E+11;0;33;0;0;1;1;21;A01
2,018E+11;0;10;0;0;2;8;15;A01
2,018E+11;0;31;0;0;2;2;1;B01
2,018E+11;2;1;0;0;1;1;1;A01
2,018E+11;1;30;0;0;2;1;1;A01
2,018E+11;1;7;0;0;0;0;0;Z01
2,018E+11;2;7;0;0;2;1;15;A01
2,018E+11;1;30;0;0;2;1;1;B01
2,018E+11;2;7;0;0;2;2;15;A01
2,018E+11;1;30;0;0;2;1;1;B01
2,018E+11;2;33;0;0;1;2;3;A01
2,018E+11;2;33;0;0;2;1;1;A01
2,018E+11;2;7;0;0;2;8;1;B01
2,018E+11;1;7;0;0;2;5;10;A01
2,018E+11;1;34;0;0;2;1;1;B01
2,018E+11;1;7;0;0;1;3;1;A01
2,018E+11;0;7;0;0;1;1;1;A01
2,018E+11;2;7;0;0;1;1;1;A01
2,018E+11;2;7;0;1;0;0;0;A01
2,018E+11;2;33;0;0;1;4;18;A01
2,018E+11;2;7;0;0;2;2;16;B01
2,018E+11;0;99;0;0;0;2;19;A01
2,018E+11;0;7;0;0;0;2;1;B01
2,018E+11;0;32;0;0;2;1;17;A01
2,018E+11;0;30;0;0;2;6;2;B01
2,018E+11;2;7;0;0;2;7;1;B01
2,018E+11;0;10;0;0;2;1;0;A01
2,018E+11;0;1;0;0;0;0;0;A01
2,018E+11;0;2;0;0;0;0;1;B01
2,018E+11;1;2;0;0;1;1;17;A01
2,018E+11;1;7;0;0;2;1;0;A01
2,018E+11;1;7;0;0;2;4;23;B01
2,018E+11;0;32;0;0;2;1;21;B01
2,018E+11;0;7;0;0;2;5;0;A01
2,018E+11;1;20;0;0;2;3;1;A01
2,018E+11;1;7;0;0;2;7;1;B01
2,018E+11;2;30;0;2;0;1;14;A01
2,018E+11;2;7;0;0;0;0;11;A01
2,018E+11;2;2;0;0;0;0;0;B01
2,018E+11;0;10;0;0;1;5;9;A01
2,018E+11;1;32;0;0;2;4;0;B01
2,018E+11;1;7;0;0;2;1;1;Z01
2,018E+11;0;30;0;0;2;1;3;A01
2,018E+11;0;7;0;0;2;5;1;B01
2,018E+11;1;15;0;0;1;5;16;A01
2,018E+11;0;7;0;0;2;7;9;A01
2,018E+11;1;37;45;0;2;1;1;B01
2,018E+11;2;7;0;1;0;4;13;A01
2,018E+11;1;37;15;0;2;3;24;B01
2,018E+11;1;7;0;7;0;0;12;A01
2,018E+11;1;7;0;7;0;0;1;B01
2,018E+11;1;7;0;8;0;1;13;A01
2,018E+11;2;7;0;0;1;1;1;A01
2,018E+11;0;7;0;0;2;3;9;A01
2,018E+11;1;30;0;0;2;1;1;B01
2,018E+11;2;7;0;9;0;2;14;A01
2,018E+11;0;37;5;0;1;7;15;A01
2,018E+11;1;7;0;0;2;2;1;A01
2,018E+11;1;2;0;0;2;1;1;B01
2,018E+11;0;7;0;6;0;1;14;A01
2,018E+11;0;7;0;0;2;1;13;A01
2,018E+11;0;7;0;0;2;1;1;B01
2,018E+11;1;30;0;0;2;3;9;A01
2,018E+11;2;7;0;0;2;1;1;B01
2,018E+11;1;7;0;0;2;3;20;A01
2,018E+11;2;2;0;0;2;1;1;B01
2,018E+11;0;34;0;8;0;6;18;B02
2,018E+11;0;7;0;0;2;7;12;A01
2,018E+11;2;21;0;0;0;0;1;A01
2,018E+11;1;33;0;0;2;1;21;A01
2,018E+11;2;7;0;0;2;5;15;B01
2,018E+11;0;1;0;0;2;4;2;B01
2,018E+11;0;7;0;0;2;2;2;A01
2,018E+11;0;1;0;0;2;4;2;A01
2,018E+11;0;7;0;0;2;2;2;B01
2,018E+11;1;7;0;0;2;3;19;A01
2,018E+11;1;7;0;13;2;1;1;B01
2,018E+11;1;7;0;0;0;1;1;B01
2,018E+11;1;7;0;0;0;4;1;A01
2,018E+11;1;7;0;2;0;2;1;A01
2,018E+11;1;15;0;0;2;1;2;A01
2,018E+11;1;7;0;0;2;1;2;B01
2,018E+11;1;7;0;0;2;1;2;C01
2,018E+11;0;33;0;0;2;1;1;A01
2,018E+11;0;37;1;0;2;7;15;B01
2,018E+11;0;7;0;2;0;8;1;A01
2,018E+11;2;7;0;0;1;1;1;A01
2,018E+11;0;10;0;15;0;1;13;A01
2,018E+11;2;31;0;0;2;1;1;B01
2,018E+11;1;7;0;0;2;7;15;A01
2,018E+11;2;7;0;0;0;4;20;A01
2,018E+11;2;1;0;1;0;1;1;B01
2,018E+11;0;7;0;0;1;2;1;A01
2,018E+11;1;7;0;0;2;6;2;A01
2,018E+11;1;33;0;0;2;7;2;B01
2,018E+11;1;7;0;13;0;1;1;A01
2,018E+11;1;7;0;0;2;1;2;B01
2,018E+11;2;31;0;0;2;1;5;A01
2,018E+11;1;7;0;15;0;9;14;A01
2,018E+11;0;1;0;0;2;1;15;B01
2,018E+11;0;7;0;0;9;3;16;A01
2,018E+11;1;7;0;8;0;6;14;A01
2,018E+11;2;7;0;6;0;1;0;A01
2,018E+11;2;15;0;0;2;3;13;A01
2,018E+11;1;7;0;13;2;3;0;B01
2,018E+11;1;2;0;0;2;1;21;B01
2,018E+11;2;7;0;0;2;3;19;A01
2,018E+11;1;7;0;8;1;1;1;A01
2,018E+11;1;7;0;0;2;3;13;A01
2,018E+11;2;7;0;0;2;3;21;B01
2,018E+11;2;7;0;6;0;1;1;A01
2,018E+11;1;7;0;0;2;2;1;B01
2,018E+11;2;7;0;0;2;3;1;C01
2,018E+11;1;7;0;0;2;8;9;A01
2,018E+11;0;7;0;0;1;2;1;A01
2,018E+11;2;7;0;0;1;4;0;B01
2,018E+11;2;10;0;0;2;1;0;A01
2,018E+11;1;7;0;0;2;1;1;B01
2,018E+11;2;7;0;0;2;1;13;A01
2,018E+11;2;7;0;0;2;7;13;A01
2,018E+11;1;7;0;0;2;8;1;B01
2,018E+11;0;7;0;0;2;1;16;A01
2,018E+11;1;7;0;6;2;7;1;B01
2,018E+11;0;14;0;0;1;7;1;A01
2,018E+11;0;7;0;1;1;4;0;A01
2,018E+11;0;33;0;11;0;1;6;A01
2,018E+11;1;7;0;0;2;3;1;B01
2,018E+11;0;7;0;0;2;1;0;A01
2,018E+11;0;10;0;0;1;1;1;A01
2,018E+11;2;7;0;0;1;2;1;A01
2,018E+11;2;31;0;0;2;1;1;B01
2,018E+11;1;7;0;0;2;2;15;A01
2,018E+11;2;7;0;0;1;1;16;A01
2,018E+11;1;10;0;0;2;1;13;A01
2,018E+11;2;7;0;0;2;1;1;B01