Num_Acc;senc;catv;occutc;obs;obsm;choc;manv;num_veh
2,018E+11;2;10;0;0;2;0;1;A01
2,018E+11;1;1;0;0;2;0;0;B01
2,018E+11;2;7;0;0;2;3;1;B01
2,018E+11;1;7;0;0;2;3;5;A01
2,018E+11;1;7;0;2;0;1;14;A01
2,018E+11;0;7;0;0;2;8;15;B01
2,018E+11;2;33;0;0;2;1;2;A01
2,018E+11;2;1;0;0;2;4;2;A01
2,018E+11;2;1;0;0;2;1;2;B01
2,018E+11;1;32;0;0;2;2;1;B01
2,018E+11;2;7;0;0;2;3;19;A01
2,018E+11;1;14;0;0;2;1;2;A01
2,018E+11;1;15;0;0;2;4;16;B01
2,018E+11;0;7;0;13;0;1;6;A01
2,018E+11;0;7;0;0;2;1;15;A01
2,018E+11;0;31;0;0;2;1;17;B01
2,018E+11;1;7;0;0;2;4;2;A01
2,018E+11;1;7;0;0;2;1;2;B01
2,018E+11;2;10;0;0;2;7;21;B01
2,018E+11;1;7;0;0;2;1;13;A01
2,018E+11;2;7;0;6;0;3;0;A01
2,018E+11;0;30;0;6;0;2;14;A01
2,018E+11;2;7;0;0;1;2;1;A01
2,018E+11;0;30;0;0;0;7;16;A01
2,018E+11;1;7;0;8;0;1;1;A01
2,018E+11;2;7;0;0;1;1;1;A01
2,018E+11;2;1;0;0;2;1;2;B01
2,018E+11;2;33;0;0;2;1;0;A01
2,018E+11;2;7;0;0;2;1;0;A01
2,018E+11;2;33;0;0;6;4;23;B01
2,018E+11;0;10;0;0;2;3;1;B01
2,018E+11;0;7;0;0;2;3;13;A01
2,018E+11;1;7;0;15;0;1;5;A01
2,018E+11;2;2;0;0;2;1;2;B01
2,018E+11;1;7;0;0;2;7;9;A01
2,018E+11;0;7;0;0;2;3;1;B01
2,018E+11;0;10;0;0;2;3;13;A01
2,018E+11;0;7;0;0;2;3;15;A01
2,018E+11;0;31;0;0;2;1;17;B01
2,018E+11;0;7;0;0;2;7;1;A01
2,018E+11;0;31;0;0;2;1;1;B01
2,018E+11;0;7;0;0;2;4;1;A01
2,018E+11;0;7;0;0;2;2;1;B01
2,018E+11;0;7;0;0;2;1;1;C01
2,018E+11;1;33;0;13;0;1;2;A01
2,018E+11;0;7;0;13;0;0;1;A01
2,018E+11;2;10;0;0;2;7;15;A01
2,018E+11;1;30;0;0;2;1;1;B01
2,018E+11;2;2;0;0;0;7;1;A01
2,018E+11;0;7;0;0;2;1;2;A01
2,018E+11;0;7;0;0;2;4;2;B01
2,018E+11;2;15;0;0;1;1;1;B01
2,018E+11;2;17;0;0;2;4;2;B01
2,018E+11;2;7;0;0;2;1;2;A01
2,018E+11;2;7;0;3;0;9;0;A01
2,018E+11;1;7;0;4;0;1;0;A01
2,018E+11;2;7;0;3;0;3;14;A01
2,018E+11;1;7;0;13;0;3;12;A01
2,018E+11;1;10;0;0;0;4;23;B01
2,018E+11;1;17;0;0;2;1;1;A01
2,018E+11;2;7;0;0;2;1;18;A01
2,018E+11;2;7;0;0;0;4;1;B01
2,018E+11;1;7;0;7;0;1;1;A01
2,018E+11;2;7;0;13;0;2;1;A01
2,018E+11;2;33;0;3;0;3;16;A01
2,018E+11;2;7;0;13;2;5;1;B01
2,018E+11;2;7;0;13;2;3;21;A01
2,018E+11;1;7;0;13;0;2;14;A01
2,018E+11;2;10;0;0;2;4;1;A01
2,018E+11;2;17;0;0;2;1;2;B01
2,018E+11;2;7;0;1;0;1;14;A01
2,018E+11;2;17;0;0;0;6;24;B01
2,018E+11;1;7;0;3;0;1;14;A01
2,018E+11;1;7;0;13;0;2;14;A01
2,018E+11;2;7;0;0;0;9;1;A01
2,018E+11;2;7;0;13;0;2;0;A01
2,018E+11;2;7;0;0;2;5;1;G01
2,018E+11;2;7;0;13;2;4;23;1 F
2,018E+11;2;7;0;0;2;4;2;C01
2,018E+11;2;15;0;0;2;1;1;A01
2,018E+11;2;7;0;0;2;7;12;E01
2,018E+11;2;7;0;0;2;4;14;D01
2,018E+11;1;7;0;0;2;3;1;B01
2,018E+11;2;7;0;0;2;3;5;A01
2,018E+11;1;10;0;0;2;3;1;C01
2,018E+11;2;7;0;13;0;2;21;A01
2,018E+11;1;7;0;15;2;2;0;A01
2,018E+11;1;7;0;0;2;6;0;B01
2,018E+11;0;33;0;0;0;7;1;A01
2,018E+11;2;1;0;0;2;7;1;A01
2,018E+11;1;7;0;0;2;1;1;B01
2,018E+11;1;7;0;0;2;3;5;A01
2,018E+11;2;33;0;0;2;8;1;B01
2,018E+11;0;7;0;0;2;1;1;A01
2,018E+11;0;10;0;0;0;4;15;B01
2,018E+11;2;7;0;7;2;3;1;B01
2,018E+11;1;10;0;0;2;7;1;A01
2,018E+11;2;33;0;0;2;3;0;A01
2,018E+11;1;7;0;0;2;1;15;B01
2,018E+11;0;7;0;0;1;1;1;A01
2,018E+11;0;7;0;0;2;3;9;A01
2,018E+11;0;2;0;0;2;1;1;B01
2,018E+11;0;7;0;0;1;0;17;A01
2,018E+11;1;30;0;0;0;9;1;A01
2,018E+11;0;1;0;0;2;4;5;B01
2,018E+11;0;10;0;0;2;4;4;A01
2,018E+11;2;31;0;0;2;1;1;B01
2,018E+11;1;7;0;0;2;1;1;A01
2,018E+11;1;33;0;0;0;4;1;A01
2,018E+11;2;7;0;0;1;2;15;A01
2,018E+11;1;7;0;0;2;3;11;A01
2,018E+11;2;33;0;0;2;8;1;B01
2,018E+11;1;7;0;0;1;1;1;A01
2,018E+11;1;33;0;0;2;1;1;A01
2,018E+11;1;7;0;0;2;4;2;B01
2,018E+11;2;33;0;0;2;2;17;A01
2,018E+11;2;7;0;0;2;3;15;B01
2,018E+11;1;7;0;6;2;1;1;A01
2,018E+11;2;7;0;0;2;1;1;C01
2,018E+11;1;7;0;0;2;4;23;B01
2,018E+11;2;7;0;1;1;7;1;A01
2,018E+11;1;7;0;10;0;3;1;B01
2,018E+11;2;7;0;0;0;3;13;A01
2,018E+11;2;33;0;3;0;8;2;A01
2,018E+11;1;7;0;2;0;1;13;A01
2,018E+11;1;7;0;0;2;2;17;A01
2,018E+11;1;15;0;0;2;6;1;B01
2,018E+11;2;17;0;0;0;3;1;B01
2,018E+11;2;7;0;0;2;3;11;A01
2,018E+11;1;7;0;13;0;1;1;A01
2,018E+11;1;15;0;4;0;3;13;A01
2,018E+11;2;7;0;0;2;4;2;C01
2,018E+11;2;7;0;0;2;4;2;B01
2,018E+11;2;7;0;0;2;4;2;D01
2,018E+11;2;7;0;0;0;1;2;A01
2,018E+11;2;38;30;13;0;2;1;A01
2,018E+11;2;7;0;4;2;3;17;A01
2,018E+11;2;7;0;0;2;7;1;B01
2,018E+11;2;7;0;0;2;8;1;C01
2,018E+11;2;7;0;4;2;8;1;D01
2,018E+11;1;7;0;4;0;6;1;A01
2,018E+11;1;7;0;0;9;1;1;B01
2,018E+11;1;7;0;0;9;1;1;C01
2,018E+11;1;7;0;0;2;2;19;A01
2,018E+11;1;7;0;0;2;3;1;B01
2,018E+11;1;7;0;3;2;2;1;A01
2,018E+11;1;7;0;0;0;6;1;B01
2,018E+11;1;7;0;4;0;1;2;A01
2,018E+11;1;7;0;1;0;1;2;B01
2,018E+11;1;7;0;0;2;2;0;A01
2,018E+11;1;33;0;0;2;4;0;B01
2,018E+11;2;7;0;15;0;1;1;A01
2,018E+11;1;7;0;0;0;9;14;A01
2,018E+11;1;16;0;0;2;2;2;A01
2,018E+11;1;10;0;0;0;4;2;C01
2,018E+11;2;7;0;4;0;1;13;A01
2,018E+11;1;7;0;0;2;1;2;A01
2,018E+11;1;17;0;0;0;4;2;B01
2,018E+11;1;7;0;0;2;2;15;A01
2,018E+11;2;7;0;0;2;1;1;B01
2,018E+11;2;7;0;0;2;2;2;A01
2,018E+11;2;7;0;14;0;0;1;C01
2,018E+11;2;7;0;13;0;1;1;B01
2,018E+11;2;7;0;0;2;1;1;A01
2,018E+11;2;7;0;0;0;4;23;B01
2,018E+11;2;7;0;0;0;4;1;A01
2,018E+11;2;7;0;0;2;1;1;B01
2,018E+11;2;7;0;0;2;1;1;C01
2,018E+11;2;7;0;0;2;1;1;D01
2,018E+11;2;7;0;0;2;1;1;E01
2,018E+11;2;7;0;1;0;1;2;A01
2,018E+11;2;15;0;0;2;4;24;B01
2,018E+11;1;7;0;0;2;1;2;A01
2,018E+11;1;7;0;0;0;4;2;B01
2,018E+11;2;14;0;0;2;8;13;A01
2,018E+11;2;10;0;0;2;7;17;B01
2,018E+11;1;7;0;0;0;0;1;A01
2,018E+11;2;7;0;5;0;2;9;A01
2,018E+11;1;7;0;2;0;3;0;A01
2,018E+11;2;7;0;13;0;1;1;A01
2,018E+11;2;7;0;3;0;3;1;A01
2,018E+11;2;15;0;0;0;7;14;A01
2,018E+11;1;7;0;4;0;8;13;A01
2,018E+11;0;7;0;2;0;9;14;A01
2,018E+11;1;7;0;3;0;1;14;A01
2,018E+11;1;7;0;0;9;0;0;1 F
2,018E+11;1;7;0;0;2;1;1;A01
2,018E+11;1;7;0;0;2;1;1;H01
2,018E+11;1;7;0;0;9;0;0;G01
2,018E+11;1;7;0;0;2;3;0;B01
2,018E+11;1;7;0;0;2;4;1;E01
2,018E+11;1;7;0;0;2;1;1;D01
2,018E+11;1;7;0;0;9;0;0;I01
2,018E+11;1;7;0;0;2;1;1;C01
2,018E+11;2;7;0;13;0;1;1;A01
2,018E+11;2;7;0;0;0;9;2;A01
2,018E+11;1;7;0;0;0;0;14;A01
2,018E+11;1;7;0;0;2;5;21;D01
2,018E+11;1;7;0;0;2;3;21;C01
2,018E+11;1;7;0;0;2;2;14;A01
2,018E+11;1;17;0;0;0;6;2;A01
2,018E+11;1;7;0;0;2;1;14;B01
2,018E+11;1;33;0;0;2;8;1;A01
2,018E+11;1;7;0;0;2;2;12;B01
2,018E+11;1;15;0;3;0;1;0;A01
2,018E+11;2;7;0;0;2;1;2;C01
2,018E+11;2;7;0;0;2;2;17;A01
2,018E+11;2;17;0;0;2;3;1;B01
2,018E+11;2;7;0;4;2;1;0;A01
2,018E+11;2;7;0;0;2;1;1;B01
2,018E+11;2;7;0;0;2;1;1;C01
2,018E+11;1;33;0;0;0;0;1;A01
2,018E+11;1;7;0;0;2;1;1;A01
2,018E+11;1;15;0;0;2;6;1;B01
2,018E+11;1;7;0;0;9;1;1;C01
2,018E+11;2;17;0;4;0;8;1;A01
2,018E+11;2;7;0;4;2;2;17;B01
2,018E+11;2;17;0;0;0;4;2;A01
2,018E+11;2;10;0;0;2;1;2;B01
2,018E+11;1;7;0;4;0;1;1;A01
2,018E+11;1;7;0;14;2;1;1;B01
2,018E+11;1;17;0;0;0;4;23;C01
2,018E+11;1;10;0;1;0;1;1;D01
2,018E+11;2;7;0;4;0;4;2;A01
2,018E+11;2;7;0;0;2;1;2;B01
2,018E+11;2;17;0;0;0;4;11;A01
2,018E+11;2;17;0;0;2;1;1;B01
2,018E+11;2;7;0;3;0;2;1;A01
2,018E+11;2;15;0;0;0;4;1;B01
2,018E+11;2;7;0;0;2;1;1;A01
2,018E+11;1;15;0;0;2;8;2;A01
2,018E+11;1;7;0;0;2;9;2;B01
2,018E+11;2;7;0;0;2;1;2;A01
2,018E+11;2;10;0;0;2;4;1;B01
2,018E+11;2;7;0;0;2;4;1;C01
2,018E+11;1;7;0;0;2;1;0;A01
2,018E+11;1;7;0;3;0;4;0;B01
2,018E+11;1;7;0;3;0;5;2;B01
2,018E+11;1;7;0;0;2;3;2;A01
2,018E+11;2;7;0;0;2;2;1;A01
2,018E+11;2;7;0;0;2;3;1;B01
2,018E+11;1;7;0;4;0;3;1;A01
2,018E+11;1;7;0;4;0;2;1;A01
2,018E+11;1;17;0;0;0;4;0;B01
2,018E+11;1;7;0;0;2;1;0;A01
2,018E+11;1;33;0;0;2;1;17;A01
2,018E+11;1;7;0;0;0;5;12;B01
2,018E+11;1;7;0;0;2;1;2;B01
2,018E+11;1;7;0;0;2;9;2;A01
2,018E+11;2;7;0;3;0;2;1;A01
2,018E+11;2;7;0;0;2;8;1;B01
2,018E+11;2;7;0;3;2;2;2;A01
2,018E+11;2;7;0;0;2;0;2;B01
2,018E+11;1;17;0;7;0;8;1;A01
2,018E+11;2;7;0;14;0;1;1;I01
2,018E+11;2;7;0;14;0;1;1;G01
2,018E+11;2;7;0;14;0;1;1;D01
2,018E+11;2;7;0;14;0;1;1;1 F
2,018E+11;2;7;0;14;0;1;1;J01
2,018E+11;2;7;0;14;0;1;1;B01
2,018E+11;2;15;0;0;2;0;1;A01
2,018E+11;2;7;0;14;0;1;1;C01
2,018E+11;2;7;0;14;0;1;1;E01
2,018E+11;2;7;0;14;0;1;1;H01
2,018E+11;1;10;0;0;2;1;0;A01
2,018E+11;1;13;0;0;0;4;0;B01
2,018E+11;1;7;0;0;2;2;1;C01
2,018E+11;1;7;0;0;0;0;9;A01
2,018E+11;1;7;0;0;2;3;1;B01
2,018E+11;2;10;0;3;0;1;1;A01
2,018E+11;1;7;0;7;0;2;1;A01
2,018E+11;2;7;0;0;2;4;1;B01
2,018E+11;2;7;0;0;2;4;11;A01
2,018E+11;2;7;0;0;2;1;2;C01
2,018E+11;1;7;0;4;0;1;1;A01
2,018E+11;1;7;0;0;2;2;17;A01
2,018E+11;1;15;0;0;0;6;1;B01
2,018E+11;2;7;0;3;2;8;1;B01
2,018E+11;2;7;0;0;0;4;1;D01
2,018E+11;2;7;0;0;2;4;1;C01
2,018E+11;2;7;0;3;2;3;1;A01
2,018E+11;2;7;0;0;2;4;1;E01
2,018E+11;2;7;0;0;2;4;1;B01
2,018E+11;2;7;0;0;2;1;1;A01
2,018E+11;2;7;0;0;2;4;1;D01
2,018E+11;2;7;0;0;2;4;1;C01
2,018E+11;1;10;0;0;2;4;2;B01
2,018E+11;1;14;0;0;2;1;2;A01
2,018E+11;2;31;0;0;2;1;2;A01
2,018E+11;2;7;0;0;0;6;23;B01
2,018E+11;2;7;0;1;0;1;2;C01
2,018E+11;2;7;0;1;0;4;2;B01
2,018E+11;2;7;0;0;0;4;2;A01
2,018E+11;2;7;0;0;2;1;2;D01
2,018E+11;2;7;0;3;0;2;1;A01
2,018E+11;2;7;0;3;0;4;2;B01
2,018E+11;2;7;0;3;2;1;2;A01
2,018E+11;2;7;0;0;2;5;2;B01
2,018E+11;1;7;0;0;2;4;2;C01
2,018E+11;1;10;0;0;2;1;2;A01
2,018E+11;1;7;0;0;0;4;1;D01
2,018E+11;1;7;0;3;0;1;1;A01
2,018E+11;1;7;0;0;2;4;23;B01
2,018E+11;1;10;0;0;0;5;23;A01
2,018E+11;1;7;0;0;2;1;2;C01
2,018E+11;1;7;0;0;2;3;0;B01
2,018E+11;1;7;0;0;2;7;16;A01
2,018E+11;2;7;0;0;0;5;2;C01
2,018E+11;2;7;0;0;2;1;1;A01
2,018E+11;2;7;0;0;0;4;2;B01
2,018E+11;2;7;0;0;2;4;2;C01
2,018E+11;2;7;0;0;2;1;2;A01
2,018E+11;2;7;0;0;2;4;2;B01
2,018E+11;2;7;0;3;2;1;1;A01
2,018E+11;2;17;0;0;0;6;1;B01
2,018E+11;2;7;0;0;2;1;1;C01
2,018E+11;2;7;0;3;2;1;1;A01
2,018E+11;2;7;0;0;2;1;1;C01
2,018E+11;2;7;0;0;2;1;1;D01
2,018E+11;2;7;0;4;0;4;1;B01
2,018E+11;2;33;0;0;2;1;3;A01
2,018E+11;2;7;0;0;2;4;1;B01
2,018E+11;2;7;0;0;2;6;2;B01
2,018E+11;2;7;0;0;2;2;2;A01
2,018E+11;2;7;0;0;0;4;2;C01
2,018E+11;1;10;0;0;2;2;1;C01
2,018E+11;1;33;0;0;2;1;1;B01
2,018E+11;1;10;0;0;2;1;5;A01
2,018E+11;2;10;0;0;2;2;0;B01
2,018E+11;2;10;0;0;0;6;1;A01
2,018E+11;2;7;0;3;0;3;1;A01
2,018E+11;1;7;0;1;0;2;1;A01
2,018E+11;1;17;0;0;2;6;24;B01
2,018E+11;2;7;0;3;0;7;14;A01
2,018E+11;1;17;0;0;0;6;1;B01
2,018E+11;1;10;0;0;2;2;13;A01
2,018E+11;2;7;0;0;0;4;1;B01
2,018E+11;2;7;0;0;0;7;1;C01
2,018E+11;2;7;0;0;2;1;1;A01
2,018E+11;2;7;0;0;0;8;1;D01
2,018E+11;1;7;0;0;2;1;0;A01
2,018E+11;1;10;0;14;0;2;2;D01
2,018E+11;1;7;0;0;2;4;2;B01
2,018E+11;1;7;0;14;0;1;2;C01
2,018E+11;1;15;0;0;0;6;2;B01
2,018E+11;1;7;0;0;2;1;2;A01
2,018E+11;2;7;0;3;2;1;12;A01
2,018E+11;2;7;0;0;0;4;1;B01
2,018E+11;2;7;0;4;0;1;1;A01
2,018E+11;2;7;0;0;2;1;14;A01
2,018E+11;2;10;0;0;0;2;1;B01
2,018E+11;1;7;0;0;2;1;2;B01
2,018E+11;1;7;0;3;2;4;2;A01
2,018E+11;2;7;0;3;0;3;1;A01
2,018E+11;2;7;0;14;0;1;2;C01
2,018E+11;2;7;0;0;2;2;0;A01
2,018E+11;2;7;0;0;0;6;0;B01
2,018E+11;1;7;0;4;0;0;0;A01
2,018E+11;2;7;0;0;0;9;21;A01
2,018E+11;2;7;0;3;0;3;21;B01
2,018E+11;2;7;0;0;2;6;21;C01
2,018E+11;2;7;0;0;2;7;21;D01
2,018E+11;1;7;0;0;2;4;1;A01
2,018E+11;1;7;0;0;2;1;9;B01
2,018E+11;1;14;0;1;0;2;14;B01
2,018E+11;1;7;0;3;0;6;24;A01
2,018E+11;2;7;0;6;0;2;1;A01
2,018E+11;1;17;0;0;0;4;2;A01
2,018E+11;1;7;0;0;2;1;2;B01
2,018E+11;1;17;0;15;2;2;1;C01
2,018E+11;2;7;0;0;2;1;2;A01
2,018E+11;2;7;0;0;2;4;2;B01
2,018E+11;1;7;0;0;0;9;1;A01
2,018E+11;2;7;0;4;0;9;1;A01
2,018E+11;1;33;0;3;0;2;0;A01
2,018E+11;1;7;0;0;2;5;1;B01
2,018E+11;2;10;0;0;2;1;1;D01
2,018E+11;1;7;0;3;2;2;2;B01
2,018E+11;1;17;0;3;2;1;1;A01
2,018E+11;2;7;0;0;2;1;1;C01
2,018E+11;2;15;0;0;1;8;0;A01
2,018E+11;2;10;0;0;2;5;23;C01
2,018E+11;2;7;0;0;0;4;23;B01
2,018E+11;2;7;0;0;0;5;23;E01
2,018E+11;2;7;0;0;0;6;23;1 F
2,018E+11;2;10;0;1;2;1;23;D01
2,018E+11;2;10;0;1;0;1;2;A01
2,018E+11;2;7;0;0;2;1;2;C01
2,018E+11;2;7;0;0;0;9;2;B01
2,018E+11;2;7;0;0;2;2;2;A01
2,018E+11;1;7;0;0;2;1;1;A01
2,018E+11;1;7;0;0;0;4;1;C01
2,018E+11;1;7;0;0;0;4;1;B01
2,018E+11;2;7;0;3;2;9;14;A01
2,018E+11;2;14;0;0;0;6;2;B01
2,018E+11;1;7;0;0;9;1;1;C01
2,018E+11;1;7;0;0;2;1;12;A01
2,018E+11;1;7;0;0;0;6;1;B01
2,018E+11;1;10;0;0;2;1;2;B01
2,018E+11;1;15;0;0;0;4;2;A01
2,018E+11;1;7;0;3;0;0;18;A01
2,018E+11;2;38;27;0;2;3;16;B01
2,018E+11;2;15;0;0;2;2;1;A01
2,018E+11;2;7;0;3;6;3;21;A01
2,018E+11;1;7;0;0;0;7;21;A01
2,018E+11;1;7;0;0;2;2;1;B01
2,018E+11;1;7;0;4;0;3;1;A01
2,018E+11;1;7;0;3;0;3;1;A01
2,018E+11;1;7;0;4;0;1;1;A01
2,018E+11;1;7;0;0;2;3;1;B01
2,018E+11;1;10;0;0;2;3;13;A01
2,018E+11;2;17;0;0;0;8;1;A01
2,018E+11;2;7;0;4;0;3;1;A01
2,018E+11;1;7;0;0;2;3;21;B01
2,018E+11;1;7;0;0;2;3;5;A01
2,018E+11;1;7;0;1;0;2;14;A01
2,018E+11;1;7;0;0;0;4;24;C01
2,018E+11;1;7;0;0;0;4;24;B01
2,018E+11;0;7;0;0;2;3;17;A01
2,018E+11;0;15;0;0;0;8;1;B01
2,018E+11;0;15;0;0;0;8;1;C01
2,018E+11;1;7;0;4;0;4;1;B01
2,018E+11;1;17;0;0;2;3;11;A01
2,018E+11;2;7;0;0;0;9;1;A01
2,018E+11;2;7;0;1;0;2;1;A01
2,018E+11;2;7;0;0;0;6;24;B01
2,018E+11;2;7;0;0;0;4;2;B01
2,018E+11;2;7;0;0;2;1;2;A01
2,018E+11;2;2;0;0;0;4;1;B01
2,018E+11;2;7;0;0;2;1;2;A01
2,018E+11;2;7;0;0;9;1;2;C01
2,018E+11;1;7;0;0;0;9;1;A01
2,018E+11;1;7;0;0;2;1;13;A01
2,018E+11;2;15;0;0;2;3;1;B01
2,018E+11;2;14;0;0;2;1;1;C01
2,018E+11;1;33;0;0;0;8;1;A01
2,018E+11;1;7;0;3;0;3;0;A01
2,018E+11;1;7;0;0;2;3;13;A01
2,018E+11;1;15;0;0;2;3;1;B01
2,018E+11;2;7;0;4;0;3;1;A01
2,018E+11;1;17;0;0;0;6;1;B01
2,018E+11;1;10;0;0;2;1;2;A01
2,018E+11;1;7;0;0;2;4;2;A01
2,018E+11;1;7;0;0;2;1;2;B01
2,018E+11;1;10;0;0;2;1;2;A01
2,018E+11;1;10;0;0;2;5;2;B01
2,018E+11;1;7;0;4;0;1;0;A01
2,018E+11;1;7;0;4;0;1;0;A01
2,018E+11;2;7;0;0;2;1;2;A01
2,018E+11;2;17;0;0;0;4;2;B01
2,018E+11;1;7;0;1;0;2;14;A01
2,018E+11;1;17;0;0;0;6;24;B01
2,018E+11;2;7;0;4;0;3;1;A01
2,018E+11;2;10;0;0;2;2;2;A01
2,018E+11;2;7;0;1;0;1;1;B01
2,018E+11;2;17;0;0;2;6;1;C01
2,018E+11;1;33;0;3;0;8;1;A01
2,018E+11;2;7;0;0;0;1;2;A01
2,018E+11;1;7;0;4;0;3;1;A01
2,018E+11;1;17;0;0;2;1;1;A01
2,018E+11;2;7;0;0;2;1;13;B01
2,018E+11;2;7;0;4;0;3;1;A01
2,018E+11;0;38;10;0;0;8;1;A01
2,018E+11;0;1;0;0;2;1;16;B01
2,018E+11;1;7;0;0;2;1;2;A01
2,018E+11;1;7;0;0;0;4;1;B01
2,018E+11;2;7;0;0;2;1;13;A01
2,018E+11;1;14;0;0;2;3;1;B01
2,018E+11;1;15;0;0;2;4;12;B01
2,018E+11;1;7;0;0;2;1;12;A01
2,018E+11;1;7;0;0;0;4;2;B02
2,018E+11;1;7;0;0;2;1;1;A01
2,018E+11;1;17;0;0;0;6;1;B01
2,018E+11;1;7;0;0;2;1;1;A01
2,018E+11;1;7;0;0;2;2;1;B01
2,018E+11;1;10;0;0;2;1;19;A01
2,018E+11;1;7;0;0;2;1;2;A01
2,018E+11;1;15;0;0;0;4;2;B01
2,018E+11;2;7;0;3;2;1;12;A01
2,018E+11;2;17;0;0;0;6;2;B01
2,018E+11;1;7;0;3;0;3;1;A01
2,018E+11;1;7;0;4;0;3;1;A01
2,018E+11;1;10;0;3;2;2;14;A01
2,018E+11;1;16;0;0;0;0;1;B01
2,018E+11;2;17;0;4;9;7;1;A01
2,018E+11;2;7;0;4;0;3;13;A01
2,018E+11;1;10;0;0;2;1;2;A01
2,018E+11;1;17;0;0;0;4;2;B01
2,018E+11;1;7;0;5;0;1;11;A01
2,018E+11;0;7;0;13;0;3;1;A01
2,018E+11;2;17;0;0;0;6;2;B01
2,018E+11;2;10;0;0;2;2;3;A01
2,018E+11;1;7;0;0;2;1;2;A01
2,018E+11;1;10;0;0;2;4;2;B01
2,018E+11;1;10;0;0;2;1;2;A01
2,018E+11;1;15;0;0;0;5;2;B01
2,018E+11;1;7;0;0;2;2;2;C01
2,018E+11;1;7;0;0;2;3;2;D01
2,018E+11;1;7;0;0;2;2;2;E01
2,018E+11;1;13;0;0;0;6;1;B01
2,018E+11;1;7;0;0;2;7;17;A01
2,018E+11;2;10;0;0;2;1;17;B01
2,018E+11;2;13;0;0;0;4;13;A01
2,018E+11;1;10;0;0;2;2;2;A01
2,018E+11;1;15;0;0;0;6;2;B01
2,018E+11;1;10;0;14;2;3;1;C01
2,018E+11;1;10;0;0;0;8;1;D01
2,018E+11;1;7;0;0;2;3;1;B01
2,018E+11;2;7;0;0;2;1;0;A01
2,018E+11;2;7;0;0;2;1;2;A01
2,018E+11;2;17;0;0;2;6;2;B01
2,018E+11;2;7;0;14;0;1;2;C01
2,018E+11;2;15;0;0;0;6;1;A01
2,018E+11;2;7;0;0;2;2;1;C01
2,018E+11;1;7;0;0;2;3;1;C01
2,018E+11;1;7;0;0;2;3;21;A01
2,018E+11;2;38;28;0;2;3;1;B01
2,018E+11;1;7;0;0;2;7;13;A01
2,018E+11;2;13;0;0;2;1;1;B01
2,018E+11;1;7;0;6;2;5;17;A01
2,018E+11;2;38;16;0;2;1;1;B01
2,018E+11;2;14;0;0;2;1;21;B01
2,018E+11;1;7;0;0;2;3;19;A01
2,018E+11;1;7;0;4;2;1;1;B01
2,018E+11;1;15;0;0;2;6;11;A01
2,018E+11;1;7;0;0;2;3;1;A01
2,018E+11;2;17;0;0;2;3;1;B01
2,018E+11;1;7;0;0;2;8;23;B01
2,018E+11;2;17;0;3;2;8;5;A01
2,018E+11;2;7;0;4;0;8;2;A01
2,018E+11;2;7;0;13;0;3;14;A01
2,018E+11;1;14;0;0;2;3;1;A01
2,018E+11;2;30;0;0;2;1;5;B01
2,018E+11;2;38;2;0;2;1;2;A01
2,018E+11;2;7;0;0;2;4;23;B01
2,018E+11;1;7;0;0;2;6;16;C01
2,018E+11;1;7;0;0;1;3;1;A01
2,018E+11;2;14;0;12;0;7;14;A01
2,018E+11;2;7;0;3;0;1;1;A01
2,018E+11;1;7;0;0;0;0;13;A01
2,018E+11;1;33;0;0;0;4;17;B01
2,018E+11;1;2;0;0;2;1;1;A01
2,018E+11;2;37;1;0;2;3;1;B01
2,018E+11;2;7;0;0;0;4;1;A01
2,018E+11;2;7;0;0;2;1;2;C01
2,018E+11;2;7;0;0;2;4;2;B01
2,018E+11;0;38;7;0;2;3;1;B01
2,018E+11;0;10;0;0;2;3;1;A01
2,018E+11;2;7;0;3;0;3;0;A01
2,018E+11;2;7;0;0;2;1;2;A01
2,018E+11;2;7;0;4;0;4;2;B01
2,018E+11;1;7;0;0;2;1;2;B01
2,018E+11;1;7;0;3;2;3;13;A01
2,018E+11;2;7;0;0;2;3;2;B01
2,018E+11;2;7;0;0;0;5;2;A01
2,018E+11;1;7;0;10;0;6;2;A01
2,018E+11;1;37;7;0;2;2;2;B01
2,018E+11;1;7;0;0;2;3;9;A01
2,018E+11;1;15;0;0;2;2;0;B01
2,018E+11;2;7;0;0;2;1;1;A01
2,018E+11;2;15;0;0;0;4;1;B01
2,018E+11;2;7;0;3;2;1;1;B01
2,018E+11;2;10;0;0;2;4;1;A01
2,018E+11;1;7;0;0;0;4;1;C01
2,018E+11;1;7;0;0;2;4;1;B01
2,018E+11;1;7;0;0;2;1;1;A01
2,018E+11;2;17;0;6;0;5;1;A01
2,018E+11;2;7;0;0;2;3;15;A01
2,018E+11;1;1;0;0;0;3;1;B01
2,018E+11;1;7;0;2;2;2;17;A01
2,018E+11;1;7;0;0;0;8;15;B01
2,018E+11;2;7;0;0;0;7;1;B01
2,018E+11;1;7;0;0;0;1;1;C01
2,018E+11;2;7;0;8;2;3;9;A01
2,018E+11;1;33;0;2;0;1;17;A01
2,018E+11;2;7;0;7;0;3;1;A01
2,018E+11;2;7;0;0;2;2;1;B01
2,018E+11;1;31;0;0;2;1;1;A01
2,018E+11;1;7;0;0;0;2;10;B01