Num_Acc;senc;catv;occutc;obs;obsm;choc;manv;num_veh
2,018E+11;1;1;0;0;2;3;19;B01
2,018E+11;0;32;0;0;2;2;17;A01
2,018E+11;0;10;0;0;2;3;15;B01
2,018E+11;0;7;0;0;1;6;4;A01
2,018E+11;1;7;0;0;1;3;1;A01
2,018E+11;2;7;0;0;2;2;10;A01
2,018E+11;1;33;0;0;2;1;1;B01
2,018E+11;2;7;0;9;0;2;0;A01
2,018E+11;1;7;0;0;9;2;1;A01
2,018E+11;1;1;0;0;0;4;1;B01
2,018E+11;2;7;0;0;2;3;1;A01
2,018E+11;1;7;0;0;2;3;1;B01
2,018E+11;1;7;0;0;2;3;1;C01
2,018E+11;1;7;0;0;2;6;1;D01
2,018E+11;2;7;0;0;2;3;1;A01
2,018E+11;1;7;0;0;2;3;13;B01
2,018E+11;2;33;0;0;0;7;1;A01
2,018E+11;2;33;0;13;0;7;1;A01
2,018E+11;0;7;0;0;1;1;1;A01
2,018E+11;1;7;0;0;2;1;11;A01
2,018E+11;2;7;0;0;2;1;1;B01
2,018E+11;2;7;0;10;0;1;1;A01
2,018E+11;1;7;0;0;2;1;13;A01
2,018E+11;1;7;0;0;2;1;1;B01
2,018E+11;2;7;0;0;2;3;13;A01
2,018E+11;1;7;0;0;2;6;1;B01
2,018E+11;1;7;0;0;0;4;0;A01
2,018E+11;1;7;0;0;2;1;2;B01
2,018E+11;1;14;0;0;2;1;2;C01
2,018E+11;1;33;0;13;0;0;14;A01
2,018E+11;2;7;0;2;0;9;2;A01
2,018E+11;1;7;0;13;0;2;14;A01
2,018E+11;1;10;0;0;0;1;0;A01
2,018E+11;1;15;0;1;0;5;2;B01
2,018E+11;1;7;0;7;0;9;21;A01
2,018E+11;1;7;0;3;0;1;1;A01
2,018E+11;1;16;0;0;2;6;2;B01
2,018E+11;1;7;0;0;2;2;2;A01
2,018E+11;2;7;0;0;2;6;0;A01
2,018E+11;2;7;0;0;2;1;1;B01
2,018E+11;2;7;0;0;2;1;2;C01
2,018E+11;1;7;0;0;2;8;22;A01
2,018E+11;1;7;0;1;0;2;1;B01
2,018E+11;2;7;0;3;0;3;1;A01
2,018E+11;1;38;44;3;0;1;1;B01
2,018E+11;2;7;0;13;0;1;1;A01
2,018E+11;1;7;0;4;0;8;1;A01
2,018E+11;1;7;0;0;2;7;17;B01
2,018E+11;2;10;0;3;0;1;17;A01
2,018E+11;1;33;0;0;0;8;1;A01
2,018E+11;2;10;0;0;2;1;2;A01
2,018E+11;2;7;0;0;2;4;2;B01
2,018E+11;2;7;0;3;0;4;2;C01
2,018E+11;2;7;0;0;2;1;2;A01
2,018E+11;2;15;0;0;0;4;2;B01
2,018E+11;1;17;0;0;1;0;15;A01
2,018E+11;1;7;0;0;0;4;1;A01
2,018E+11;1;7;0;0;2;4;2;B01
2,018E+11;1;7;0;0;2;3;2;C01
2,018E+11;1;7;0;0;2;2;2;D01
2,018E+11;2;15;0;0;2;4;2;B01
2,018E+11;2;7;0;0;2;1;2;A01
2,018E+11;1;7;0;3;0;1;1;A01
2,018E+11;1;7;0;0;2;1;2;A01
2,018E+11;1;7;0;0;2;4;1;B01
2,018E+11;1;7;0;0;2;1;1;C01
2,018E+11;1;7;0;0;0;4;1;D01
2,018E+11;1;10;0;0;2;2;0;A01
2,018E+11;1;17;0;0;2;6;0;B01
2,018E+11;1;14;0;12;0;2;1;A01
2,018E+11;2;10;0;0;2;2;2;A01
2,018E+11;2;17;0;0;0;6;1;B01
2,018E+11;2;34;0;0;2;1;17;A01
2,018E+11;0;15;0;0;0;8;15;B01
2,018E+11;1;7;0;4;0;1;13;A01
2,018E+11;1;7;0;14;2;8;14;B01
2,018E+11;1;10;0;4;0;8;17;A01
2,018E+11;2;10;0;0;2;3;13;A01
2,018E+11;1;15;0;0;2;3;1;B01
2,018E+11;1;7;0;0;2;1;1;C01
2,018E+11;1;7;0;3;2;3;17;A01
2,018E+11;1;14;0;0;2;6;1;B01
2,018E+11;1;7;0;0;2;3;17;A01
2,018E+11;1;33;0;0;0;4;2;B01
2,018E+11;2;10;0;5;0;1;13;A01
2,018E+11;2;7;0;13;0;9;0;A01
2,018E+11;1;10;0;7;2;2;17;A01
2,018E+11;1;7;0;7;2;6;1;B01
2,018E+11;2;10;0;13;0;9;21;A01
2,018E+11;1;7;0;15;2;7;12;A01
2,018E+11;1;7;0;2;2;3;1;B01
2,018E+11;1;7;0;0;2;3;13;A01
2,018E+11;1;14;0;0;2;3;1;B01
2,018E+11;1;17;0;0;0;8;10;A01
2,018E+11;1;7;0;0;2;1;1;B01
2,018E+11;1;2;0;0;2;8;16;A01
2,018E+11;2;15;0;0;2;5;1;B01
2,018E+11;1;38;41;0;0;7;14;A01
2,018E+11;1;7;0;0;2;5;15;A01
2,018E+11;2;17;0;0;2;2;1;B01
2,018E+11;1;14;0;6;0;1;13;A01
2,018E+11;1;7;0;0;0;9;1;A01
2,018E+11;1;7;0;0;2;2;1;A01
2,018E+11;1;17;0;0;2;6;1;B01
2,018E+11;2;7;0;5;0;1;1;A01
2,018E+11;1;10;0;0;2;2;13;A01
2,018E+11;1;13;0;0;2;4;1;B01
2,018E+11;1;7;0;0;2;2;2;B01
2,018E+11;1;7;0;0;2;3;2;A01
2,018E+11;1;7;0;0;0;0;1;A01
2,018E+11;0;14;0;0;0;8;1;B01
2,018E+11;0;33;0;0;2;0;5;A01
2,018E+11;1;10;0;13;0;1;1;A01
2,018E+11;1;7;0;13;0;1;1;A01
2,018E+11;1;7;0;0;0;9;1;A01
2,018E+11;1;7;0;12;0;2;1;A01
2,018E+11;1;7;0;1;0;2;21;B01
2,018E+11;1;7;0;0;0;4;23;A01
2,018E+11;1;15;0;1;0;2;14;A01
2,018E+11;1;38;42;0;0;6;24;B01
2,018E+11;2;7;0;3;0;1;17;A01
2,018E+11;2;7;0;0;0;4;2;B01
2,018E+11;2;7;0;0;2;1;2;A01
2,018E+11;1;7;0;13;0;1;1;A01
2,018E+11;1;7;0;14;2;3;6;A01
2,018E+11;2;7;0;0;2;3;1;B01
2,018E+11;1;13;0;4;0;2;1;A01
2,018E+11;2;7;0;1;0;2;2;A01
2,018E+11;2;7;0;0;0;6;23;B01
2,018E+11;1;34;0;0;2;1;2;A01
2,018E+11;1;10;0;0;0;6;2;B01
2,018E+11;1;10;0;1;0;4;4;A01
2,018E+11;1;33;0;0;2;1;2;B01
2,018E+11;1;7;0;12;0;3;0;A01
2,018E+11;1;7;0;4;0;7;0;A01
2,018E+11;2;33;0;0;2;1;1;A01
2,018E+11;2;7;0;0;2;5;1;B01
2,018E+11;1;33;0;0;2;1;1;B01
2,018E+11;1;7;0;4;2;8;13;A01
2,018E+11;2;32;0;0;0;8;1;A01
2,018E+11;2;7;0;3;0;1;0;A01
2,018E+11;1;7;0;0;2;1;2;A01
2,018E+11;1;7;0;0;2;4;2;B01
2,018E+11;1;7;0;0;2;7;1;C01
2,018E+11;1;7;0;4;0;8;1;A01
2,018E+11;2;7;0;0;2;3;13;A01
2,018E+11;2;7;0;0;2;2;1;B01
2,018E+11;2;13;0;0;0;8;1;C01
2,018E+11;2;7;0;0;2;5;12;A01
2,018E+11;2;32;0;0;2;3;1;B01
2,018E+11;2;33;0;0;2;1;2;A01
2,018E+11;2;7;0;0;0;4;2;B01
2,018E+11;1;33;0;0;2;0;1;A01
2,018E+11;1;7;0;4;2;3;1;B01
2,018E+11;2;7;0;0;0;4;2;A01
2,018E+11;2;7;0;0;2;1;2;B01
2,018E+11;2;14;0;0;2;1;2;A01
2,018E+11;2;10;0;3;0;4;14;B01
2,018E+11;2;33;0;6;0;0;1;A01
2,018E+11;1;7;0;3;0;1;1;A01
2,018E+11;2;10;0;4;2;1;2;A01
2,018E+11;2;7;0;4;0;6;2;B01
2,018E+11;1;7;0;4;0;3;21;A01
2,018E+11;1;7;0;0;2;4;1;A01
2,018E+11;1;33;0;0;2;1;1;B01
2,018E+11;2;7;0;0;1;2;1;A01
2,018E+11;2;33;0;0;0;7;9;A01
2,018E+11;2;7;0;7;0;2;14;A01
2,018E+11;1;7;0;0;2;3;13;A01
2,018E+11;1;17;0;0;2;3;1;B01
2,018E+11;1;15;0;0;2;1;1;C01
2,018E+11;2;7;0;13;0;1;14;A01
2,018E+11;1;7;0;1;1;2;14;B01
2,018E+11;2;7;0;3;0;8;13;A01
2,018E+11;2;17;0;1;2;2;1;A01
2,018E+11;2;7;0;0;0;6;23;B01
2,018E+11;2;7;0;0;2;1;11;B01
2,018E+11;2;7;0;0;2;2;11;C01
2,018E+11;2;31;0;3;0;3;13;A01
2,018E+11;1;7;0;2;0;2;0;A01
2,018E+11;1;7;0;3;0;1;1;A01
2,018E+11;1;7;0;14;0;1;2;B01
2,018E+11;2;7;0;15;0;1;1;A01
2,018E+11;1;7;0;4;0;1;0;A01
2,018E+11;2;17;0;0;0;5;1;A01
2,018E+11;2;17;0;0;2;1;2;B01
2,018E+11;2;15;0;0;2;1;2;C01
2,018E+11;2;17;0;0;0;4;23;A01
2,018E+11;2;7;0;0;2;4;2;B01
2,018E+11;1;7;0;4;0;3;2;A01
2,018E+11;1;7;0;2;0;6;2;B01
2,018E+11;1;7;0;4;0;3;3;A01
2,018E+11;2;33;0;0;2;0;9;A01
2,018E+11;2;17;0;0;2;3;1;B01
2,018E+11;1;15;0;0;1;2;1;A01
2,018E+11;1;7;0;15;0;2;21;A01
2,018E+11;2;17;0;0;0;4;2;B01
2,018E+11;2;7;0;0;2;1;2;A01
2,018E+11;2;15;0;0;1;1;1;A01
2,018E+11;2;7;0;3;0;2;15;A01
2,018E+11;1;38;13;2;0;7;1;A01
2,018E+11;1;38;39;0;2;3;1;B01
2,018E+11;2;7;0;0;2;3;13;A01
2,018E+11;2;14;0;2;0;0;14;A01
2,018E+11;1;7;0;0;2;5;13;A01
2,018E+11;2;37;1;0;2;1;1;B01
2,018E+11;1;13;0;16;0;7;14;A01
2,018E+11;0;37;4;0;1;8;1;A01
2,018E+11;2;37;1;0;1;2;1;A01
2,018E+11;0;15;0;0;2;6;1;B01
2,018E+11;0;7;0;0;2;1;16;A01
2,018E+11;1;14;0;0;2;3;1;B01
2,018E+11;2;7;0;0;2;3;13;A01
2,018E+11;1;17;0;10;0;2;1;A01
2,018E+11;2;14;0;0;2;1;1;A01
2,018E+11;1;7;0;0;2;1;13;B01
2,018E+11;2;17;0;13;0;1;21;A01
2,018E+11;1;7;0;0;2;2;15;A01
2,018E+11;2;14;0;0;2;1;1;B01
2,018E+11;1;7;0;0;1;2;19;A01
2,018E+11;2;17;0;0;0;4;2;B01
2,018E+11;2;7;0;0;2;1;2;A01
2,018E+11;2;7;0;4;0;1;14;A01
2,018E+11;2;7;0;8;0;1;1;A01
2,018E+11;2;10;0;0;0;4;1;B01
2,018E+11;2;10;0;0;2;1;2;A01
2,018E+11;0;14;0;0;2;2;1;A01
2,018E+11;0;37;5;0;2;2;1;B01
2,018E+11;2;7;0;0;2;3;13;A01
2,018E+11;1;38;5;0;2;3;1;B01
2,018E+11;0;38;44;6;1;2;0;A01
2,018E+11;0;7;0;0;2;3;1;A01
2,018E+11;0;14;0;0;2;2;1;B01
2,018E+11;0;7;0;0;2;1;5;C01
2,018E+11;1;17;0;0;0;7;1;A01
2,018E+11;1;37;38;0;2;1;2;B01
2,018E+11;2;7;0;0;2;1;13;A01
2,018E+11;2;14;0;0;0;9;19;A01
2,018E+11;2;14;0;0;2;3;1;B01
2,018E+11;1;7;0;0;2;3;5;A01
2,018E+11;2;7;0;0;2;3;13;A01
2,018E+11;1;17;0;0;2;3;1;B01
2,018E+11;2;38;6;0;2;1;2;A01
2,018E+11;2;17;0;0;2;4;23;B01
2,018E+11;2;7;0;0;2;1;2;C01
2,018E+11;2;17;0;3;0;2;1;A01
2,018E+11;1;7;0;13;0;6;1;C01
2,018E+11;1;7;0;0;2;3;17;A01
2,018E+11;1;7;0;13;2;4;17;B01
2,018E+11;1;7;0;3;0;7;14;A01
2,018E+11;2;7;0;0;2;3;1;B01
2,018E+11;2;7;0;0;2;0;12;A01
2,018E+11;2;7;0;0;2;3;13;A01
2,018E+11;1;15;0;0;2;3;1;B01
2,018E+11;1;7;0;0;2;1;13;A01
2,018E+11;2;17;0;0;2;3;1;B01
2,018E+11;1;7;0;0;2;1;1;C01
2,018E+11;2;7;0;0;2;3;10;A01
2,018E+11;2;14;0;0;2;1;21;B01
2,018E+11;1;7;0;0;2;2;2;B01
2,018E+11;1;15;0;0;0;6;1;A01
2,018E+11;2;10;0;0;2;3;13;A01
2,018E+11;1;14;0;0;2;3;1;B01
2,018E+11;1;13;0;0;2;5;17;A01
2,018E+11;1;1;0;0;2;3;1;B01
2,018E+11;1;7;0;0;2;1;1;C01
2,018E+11;1;7;0;0;2;4;1;B01
2,018E+11;1;7;0;0;0;4;1;A01
2,018E+11;2;14;0;0;2;0;1;A01
2,018E+11;2;1;0;0;2;0;0;B01
2,018E+11;2;7;0;15;0;2;2;A01
2,018E+11;2;7;0;0;2;4;2;B01
2,018E+11;2;7;0;0;2;1;2;A01
2,018E+11;2;7;0;0;2;4;2;C01
2,018E+11;1;34;0;3;0;1;2;A01
2,018E+11;1;7;0;3;0;1;16;A01
2,018E+11;1;7;0;0;2;4;1;D01
2,018E+11;1;7;0;0;0;5;1;E01
2,018E+11;1;13;0;0;2;4;1;B01
2,018E+11;1;7;0;0;2;1;2;A01
2,018E+11;1;7;0;0;2;6;1;C01
2,018E+11;2;7;0;0;0;1;2;A01
2,018E+11;2;7;0;0;0;4;1;B01
2,018E+11;1;7;0;0;1;3;5;A01
2,018E+11;2;10;0;3;0;1;14;A01
2,018E+11;1;7;0;0;2;4;2;C01
2,018E+11;1;7;0;0;2;1;2;B01
2,018E+11;1;7;0;0;0;4;2;A01
2,018E+11;1;7;0;0;2;4;2;E01
2,018E+11;1;7;0;0;2;4;2;D01
2,018E+11;1;7;0;0;2;1;2;1 F
2,018E+11;2;7;0;0;0;4;2;B01
2,018E+11;2;7;0;14;2;3;2;A01
2,018E+11;1;7;0;4;2;4;14;A01
2,018E+11;1;15;0;0;2;2;1;B01
2,018E+11;2;7;0;0;2;1;0;C01
2,018E+11;2;7;0;0;2;1;0;B01
2,018E+11;2;7;0;0;2;4;23;A01
2,018E+11;2;7;0;3;0;1;1;A01
2,018E+11;1;7;0;0;2;2;12;B01
2,018E+11;1;7;0;0;2;6;1;A01
2,018E+11;1;7;0;4;0;0;0;A01
2,018E+11;1;15;0;0;2;2;0;B01
2,018E+11;1;7;0;4;2;6;0;A01
2,018E+11;2;33;0;0;2;4;9;A01
2,018E+11;2;7;0;0;2;2;1;B01
2,018E+11;1;7;0;0;0;5;2;A01
2,018E+11;1;7;0;0;2;1;2;B01
2,018E+11;1;7;0;0;2;8;1;A01
2,018E+11;1;17;0;0;2;2;1;B01
2,018E+11;2;10;0;0;2;1;2;A01
2,018E+11;2;37;64;0;0;4;2;B01
2,018E+11;2;34;0;0;2;1;1;A01
2,018E+11;1;7;0;3;2;1;1;A01
2,018E+11;1;7;0;0;0;4;14;B01
2,018E+11;2;7;0;0;0;6;1;A01
2,018E+11;2;7;0;0;2;3;13;B01
2,018E+11;2;7;0;0;0;4;2;A01
2,018E+11;2;7;0;0;0;1;2;B01
2,018E+11;1;7;0;0;0;4;2;B01
2,018E+11;1;7;0;0;2;1;2;A01
2,018E+11;2;7;0;0;2;1;1;A01
2,018E+11;2;7;0;0;2;4;2;B01
2,018E+11;1;33;0;0;0;0;1;A01
2,018E+11;2;7;0;3;0;4;20;A01
2,018E+11;2;10;0;1;0;1;2;B01
2,018E+11;2;7;0;0;2;1;2;B01
2,018E+11;2;7;0;0;0;4;2;A01
2,018E+11;2;7;0;14;0;5;23;E01
2,018E+11;2;7;0;0;2;4;23;1 F
2,018E+11;2;7;0;0;2;1;2;A01
2,018E+11;2;7;0;14;2;1;2;C01
2,018E+11;2;7;0;0;2;4;2;B01
2,018E+11;2;7;0;14;2;3;23;D01
2,018E+11;2;33;0;4;0;2;1;B01
2,018E+11;2;7;0;0;0;6;17;A01
2,018E+11;2;7;0;0;2;6;1;A01
2,018E+11;2;15;0;0;2;2;12;B01
2,018E+11;1;7;0;4;0;3;1;A01
2,018E+11;1;15;0;0;0;2;12;B01
2,018E+11;2;7;0;0;0;4;2;B01
2,018E+11;2;7;0;0;2;1;2;A01
2,018E+11;2;7;0;0;2;4;4;A01
2,018E+11;2;7;0;0;2;1;1;B01
2,018E+11;1;7;0;0;2;8;2;A01
2,018E+11;2;7;0;0;2;1;2;A01
2,018E+11;2;7;0;0;2;4;2;B01
2,018E+11;1;7;0;6;9;1;0;A01
2,018E+11;2;7;0;0;2;4;2;B01
2,018E+11;2;7;0;0;2;1;2;A01
2,018E+11;1;7;0;0;2;8;1;A01
2,018E+11;1;16;0;0;2;2;12;B01
2,018E+11;1;7;0;4;2;1;0;C01
2,018E+11;2;7;0;0;9;1;1;B01
2,018E+11;2;7;0;0;9;6;2;C01
2,018E+11;2;33;0;0;2;1;2;A01
2,018E+11;2;7;0;4;0;1;0;A01
2,018E+11;2;7;0;0;0;6;2;B01
2,018E+11;2;34;0;0;2;1;2;A01
2,018E+11;2;7;0;0;2;2;2;B01
2,018E+11;2;7;0;0;2;8;11;A01
2,018E+11;1;7;0;0;0;1;2;C01
2,018E+11;1;7;0;0;0;4;23;B01
2,018E+11;1;7;0;0;0;4;1;A01
2,018E+11;2;7;0;5;0;1;1;A01
2,018E+11;1;7;0;3;2;6;1;B01
2,018E+11;1;7;0;0;2;2;0;A01
2,018E+11;1;7;0;4;0;1;13;A01
2,018E+11;1;7;0;0;2;6;11;A01
2,018E+11;1;15;0;0;2;2;1;B01
2,018E+11;2;7;0;0;2;2;3;B01
2,018E+11;2;7;0;3;0;6;1;A01
2,018E+11;1;17;0;0;2;2;12;B01
2,018E+11;1;7;0;4;2;3;1;A01
2,018E+11;2;7;0;0;0;4;1;B01
2,018E+11;2;10;0;0;2;1;1;A01
2,018E+11;2;7;0;0;0;6;23;A01
2,018E+11;2;33;0;1;0;1;0;B01
2,018E+11;2;10;0;0;2;7;1;C01
2,018E+11;2;7;0;0;2;6;1;B01
2,018E+11;2;13;0;0;2;2;12;A01
2,018E+11;1;13;0;0;2;4;1;B01
2,018E+11;1;7;0;0;2;1;1;A01
2,018E+11;1;7;0;4;0;6;23;B01
2,018E+11;1;13;0;1;0;2;13;A01
2,018E+11;1;7;0;4;0;9;6;A01
2,018E+11;2;33;0;0;2;0;3;A01
2,018E+11;2;15;0;0;9;0;1;B01
2,018E+11;1;7;0;4;2;1;17;A01
2,018E+11;1;7;0;0;2;5;3;B01
2,018E+11;2;7;0;5;0;1;1;A01
2,018E+11;2;10;0;0;2;7;1;B01
2,018E+11;2;7;0;4;2;3;9;A01
2,018E+11;2;17;0;14;0;2;2;B01
2,018E+11;2;7;0;4;0;2;2;A01
2,018E+11;1;32;0;3;0;0;1;A01
2,018E+11;1;7;0;0;0;6;1;A01
2,018E+11;1;7;0;0;2;2;14;B01
2,018E+11;1;7;0;0;0;0;1;A01
2,018E+11;1;33;0;0;0;0;16;A01
2,018E+11;1;7;0;0;2;1;0;A01
2,018E+11;1;7;0;0;0;4;2;B01
2,018E+11;2;7;0;0;2;3;0;A01
2,018E+11;2;7;0;0;2;5;0;B01
2,018E+11;2;7;0;4;0;3;0;A01
2,018E+11;2;14;0;1;0;4;4;A01
2,018E+11;2;33;0;0;2;1;23;B01
2,018E+11;2;13;0;4;0;2;1;A01
2,018E+11;1;7;0;0;0;6;1;B01
2,018E+11;1;15;0;0;2;2;14;A01
2,018E+11;2;7;0;0;2;2;1;A01
2,018E+11;2;7;0;0;0;6;1;B01
2,018E+11;2;7;0;7;0;9;1;A01
2,018E+11;1;17;0;0;2;1;1;A01
2,018E+11;2;10;0;0;1;1;1;B01
2,018E+11;2;17;0;0;2;3;2;A01
2,018E+11;2;7;0;0;2;3;0;C01
2,018E+11;2;7;0;0;2;5;2;B01
2,018E+11;1;17;0;3;9;1;1;A01
2,018E+11;1;10;0;0;2;6;1;B01
2,018E+11;1;7;0;0;2;2;12;A01
2,018E+11;2;7;0;0;0;5;24;C01
2,018E+11;2;7;0;1;0;2;14;A01
2,018E+11;2;7;0;0;1;6;24;B01
2,018E+11;2;7;0;0;2;3;2;A01
2,018E+11;2;7;0;0;2;5;2;B01
2,018E+11;0;1;0;0;2;1;1;B01
2,018E+11;0;3;0;11;9;1;15;A01
2,018E+11;2;7;0;13;0;2;1;A01
2,018E+11;2;7;0;0;2;3;15;A01
2,018E+11;1;2;0;0;2;8;1;B01
2,018E+11;1;32;0;0;0;7;21;A01
2,018E+11;1;10;0;6;0;2;1;A01
2,018E+11;1;14;0;0;0;5;1;B01
2,018E+11;1;1;0;0;2;3;13;A01
2,018E+11;2;10;0;0;2;1;2;A01
2,018E+11;2;7;0;0;0;6;1;B01
2,018E+11;2;7;0;5;0;3;1;A01
2,018E+11;1;7;0;0;2;4;2;A01
2,018E+11;1;7;0;0;2;1;2;B01
2,018E+11;1;7;0;0;2;1;2;A01
2,018E+11;1;7;0;0;2;4;24;B01
2,018E+11;1;7;0;13;0;4;4;A01
2,018E+11;1;7;0;0;2;3;19;A01
2,018E+11;1;33;0;0;2;3;1;B01
2,018E+11;1;7;0;0;2;3;13;A01
2,018E+11;2;7;0;0;2;3;1;B01
2,018E+11;1;7;0;0;0;4;23;A01
2,018E+11;1;7;0;0;2;1;1;B01
2,018E+11;0;7;0;0;2;7;19;B01
2,018E+11;0;1;0;0;2;7;19;A01
2,018E+11;1;7;0;0;2;2;1;B01
2,018E+11;1;3;0;0;2;1;1;A01
2,018E+11;2;7;0;10;2;1;6;C01
2,018E+11;0;7;0;9;1;2;1;A01
2,018E+11;2;7;0;0;0;2;1;B01
2,018E+11;2;7;0;0;0;8;1;C01
2,018E+11;1;10;0;0;0;1;19;A01
2,018E+11;2;7;0;0;0;1;1;D01
2,018E+11;0;1;0;0;2;1;1;B01
2,018E+11;0;7;0;0;9;1;0;A01
2,018E+11;1;33;0;0;2;1;1;A01
2,018E+11;2;7;0;0;2;3;15;B01
2,018E+11;0;10;0;0;1;4;4;A01
2,018E+11;1;2;0;0;2;1;17;A01
2,018E+11;1;7;0;0;2;3;15;B01
2,018E+11;1;33;0;10;0;2;15;A01
2,018E+11;0;1;0;0;2;1;1;B01
2,018E+11;0;7;0;0;9;1;11;A01
2,018E+11;1;7;0;0;1;4;4;A01
2,018E+11;0;33;0;12;0;0;1;A01
2,018E+11;1;7;0;6;0;9;0;A01
2,018E+11;0;7;0;0;1;1;1;A01
2,018E+11;0;33;0;0;0;0;1;A01
2,018E+11;0;31;0;12;0;1;1;A01
2,018E+11;2;7;0;0;1;2;1;A01
2,018E+11;0;30;0;0;0;0;1;A01
2,018E+11;0;7;0;0;1;1;1;A01
2,018E+11;2;7;0;0;1;2;1;A01
2,018E+11;1;7;0;0;1;1;1;A01
2,018E+11;2;7;0;0;2;7;1;A01
2,018E+11;2;17;0;0;2;1;1;B01
2,018E+11;2;33;0;0;2;2;13;A01
2,018E+11;1;14;0;0;2;2;1;B01
2,018E+11;2;7;0;0;2;1;1;A01
2,018E+11;2;17;0;0;2;4;1;B01
2,018E+11;1;7;0;0;0;9;0;A01
2,018E+11;1;15;0;0;0;0;2;A01
2,018E+11;1;31;0;0;0;0;2;B01
2,018E+11;2;7;0;0;2;7;1;B01
2,018E+11;2;7;0;3;2;1;1;A01
2,018E+11;1;7;0;0;0;1;1;A01
2,018E+11;1;7;0;0;0;1;1;A01
2,018E+11;1;7;0;3;2;8;1;B01
2,018E+11;1;7;0;3;2;2;14;A01
2,018E+11;2;7;0;0;2;3;1;B01
2,018E+11;2;17;0;0;0;5;2;A01
2,018E+11;2;7;0;4;0;1;1;A01
2,018E+11;2;10;0;0;2;2;1;A01
2,018E+11;2;15;0;0;0;4;1;B01
2,018E+11;2;7;0;0;0;7;1;D01
2,018E+11;2;7;0;0;0;8;1;E01
2,018E+11;2;7;0;0;0;5;1;1 F
2,018E+11;2;7;0;0;0;5;1;G01
2,018E+11;1;7;0;0;9;2;1;H01
2,018E+11;2;7;0;3;0;3;1;A01
2,018E+11;1;10;0;3;0;3;12;A01
2,018E+11;1;7;0;4;0;9;2;A01
2,018E+11;2;7;0;7;0;1;2;A01
2,018E+11;2;14;0;1;0;1;21;A01
2,018E+11;2;16;0;0;0;0;23;C01
2,018E+11;2;7;0;0;2;2;12;A01
2,018E+11;2;17;0;0;0;6;1;B01
2,018E+11;2;15;0;0;2;3;1;B01
2,018E+11;2;7;0;0;2;8;9;A01
2,018E+11;2;10;0;0;0;6;2;B01
2,018E+11;2;31;0;14;2;1;2;A01
2,018E+11;2;7;0;0;2;4;2;B01
2,018E+11;2;30;0;0;2;1;2;A01
2,018E+11;1;33;0;4;0;7;9;A01
2,018E+11;1;7;0;0;2;8;13;A01
2,018E+11;1;33;0;0;2;7;2;B01
2,018E+11;1;7;0;0;2;1;1;A01
2,018E+11;1;7;0;0;1;4;23;B01
2,018E+11;1;10;0;6;2;0;0;A01
2,018E+11;2;7;0;0;2;8;1;B01
2,018E+11;2;7;0;0;6;8;15;B01
2,018E+11;2;2;0;0;2;1;2;A01
2,018E+11;2;10;0;3;0;8;9;A01
2,018E+11;1;33;0;0;9;1;5;A01
2,018E+11;2;1;0;0;2;1;1;B01
2,018E+11;1;7;0;0;2;7;13;A01
2,018E+11;2;7;0;0;2;1;1;B01
2,018E+11;2;7;0;0;2;3;1;A01
2,018E+11;1;31;0;0;2;8;1;B01
2,018E+11;1;7;0;0;1;6;4;A01
2,018E+11;2;7;0;0;2;3;15;A01
2,018E+11;1;32;0;0;2;1;1;B01
2,018E+11;1;10;0;0;1;4;0;A01
2,018E+11;2;33;0;0;2;1;1;B01
2,018E+11;2;10;0;0;2;7;19;A01
2,018E+11;2;7;0;0;2;2;1;A01
2,018E+11;2;7;0;0;2;3;23;C01
2,018E+11;2;33;0;0;2;1;1;B01
2,018E+11;1;7;0;1;0;1;19;A01
2,018E+11;1;7;0;0;1;3;1;A01
2,018E+11;1;7;0;13;0;1;1;A01
2,018E+11;2;7;0;0;2;1;2;A01
2,018E+11;2;17;0;0;2;6;2;B01
2,018E+11;2;7;0;3;0;1;1;A01
2,018E+11;0;15;0;2;0;1;14;A01
2,018E+11;1;7;0;1;0;2;0;A01
2,018E+11;1;7;0;0;2;6;24;B01
2,018E+11;1;7;0;1;0;8;2;A01
2,018E+11;1;7;0;1;0;1;2;B01
2,018E+11;1;7;0;3;0;4;1;C01
2,018E+11;2;7;0;0;9;3;1;E01
2,018E+11;2;7;0;0;9;0;1;1 F
2,018E+11;2;7;0;0;9;3;1;C01
2,018E+11;2;7;0;0;9;1;1;D01
2,018E+11;1;15;0;13;2;5;1;A01
2,018E+11;1;33;0;3;0;0;1;A01
2,018E+11;2;7;0;13;9;2;1;A01
2,018E+11;2;7;0;0;2;1;2;A01
2,018E+11;2;7;0;0;2;4;2;B01
2,018E+11;2;14;0;0;0;9;1;A01
2,018E+11;2;7;0;2;0;4;2;B01
2,018E+11;2;7;0;0;2;2;2;A01
2,018E+11;0;13;0;0;2;2;15;A01
2,018E+11;0;17;0;0;2;3;1;B01
2,018E+11;1;99;0;3;0;1;1;A01
2,018E+11;2;7;0;0;2;1;1;C01
2,018E+11;2;7;0;0;2;4;1;A01
2,018E+11;2;7;0;0;2;1;1;B01
2,018E+11;2;38;1;0;2;2;0;B01
2,018E+11;2;7;0;2;0;7;14;A01
2,018E+11;2;7;0;3;0;8;0;A01
2,018E+11;1;17;0;0;2;1;2;A01