Num_Acc;senc;catv;occutc;obs;obsm;choc;manv;num_veh
2,018E+11;1;17;0;0;0;4;2;B01
2,018E+11;2;7;0;0;2;3;15;A01
2,018E+11;2;33;0;0;2;1;1;B01
2,018E+11;1;7;0;0;2;2;1;C01
2,018E+11;2;17;0;0;0;4;2;A01
2,018E+11;2;10;0;3;2;1;2;B01
2,018E+11;1;10;0;0;0;4;23;B01
2,018E+11;1;7;0;0;2;1;12;A01
2,018E+11;1;7;0;8;0;0;17;A01
2,018E+11;2;7;0;0;2;8;1;B01
2,018E+11;2;10;0;0;2;2;14;A01
2,018E+11;2;7;0;0;2;1;2;B01
2,018E+11;2;15;0;0;0;6;2;A01
2,018E+11;2;17;0;0;0;4;23;A01
2,018E+11;2;17;0;0;2;1;1;B01
2,018E+11;1;7;0;2;0;0;0;A01
2,018E+11;1;7;0;0;2;1;1;C01
2,018E+11;1;33;0;0;2;1;13;A01
2,018E+11;2;15;0;0;2;1;1;B01
2,018E+11;2;7;0;3;2;6;11;B01
2,018E+11;2;7;0;3;2;2;1;A01
2,018E+11;1;7;0;0;2;3;2;A01
2,018E+11;1;7;0;0;2;4;23;B01
2,018E+11;1;7;0;0;0;6;23;C01
2,018E+11;2;7;0;13;0;1;14;A01
2,018E+11;1;7;0;0;0;1;1;A01
2,018E+11;2;34;0;16;0;2;0;A01
2,018E+11;1;7;0;0;2;4;2;B01
2,018E+11;1;7;0;0;2;4;2;C01
2,018E+11;1;7;0;0;2;1;2;A01
2,018E+11;1;7;0;0;0;4;2;D01
2,018E+11;1;17;0;13;0;1;1;A01
2,018E+11;2;17;0;0;2;6;23;B01
2,018E+11;2;7;0;0;2;1;11;A01
2,018E+11;2;10;0;0;2;1;2;A01
2,018E+11;2;17;0;0;2;4;1;B01
2,018E+11;2;7;0;13;0;1;0;A01
2,018E+11;1;33;0;0;0;2;1;A01
2,018E+11;2;7;0;13;0;1;1;A01
2,018E+11;1;7;0;3;2;1;11;A01
2,018E+11;1;7;0;0;2;5;1;B01
2,018E+11;1;33;0;6;0;6;17;A01
2,018E+11;2;33;0;0;9;1;0;A01
2,018E+11;2;33;0;0;0;7;1;A01
2,018E+11;2;15;0;0;0;7;2;A01
2,018E+11;1;7;0;16;;1;13;A01
2,018E+11;2;7;0;0;2;7;17;A01
2,018E+11;2;7;0;0;2;8;1;B01
2,018E+11;1;7;0;0;0;4;6;A01
2,018E+11;1;10;0;0;2;1;1;B01
2,018E+11;2;7;0;4;2;2;11;A01
2,018E+11;2;7;0;13;2;3;1;B01
2,018E+11;2;7;0;0;2;3;19;A01
2,018E+11;1;10;0;0;2;3;1;B01
2,018E+11;2;7;0;4;2;6;17;B01
2,018E+11;2;17;0;0;2;2;2;A01
2,018E+11;1;10;0;0;2;3;13;A01
2,018E+11;1;14;0;0;2;3;1;B01
2,018E+11;1;7;0;16;0;9;6;A01
2,018E+11;2;7;0;4;0;3;1;A01
2,018E+11;2;7;0;4;0;3;0;A01
2,018E+11;0;14;0;0;1;5;4;A01
2,018E+11;1;7;0;0;0;0;14;A01
2,018E+11;1;7;0;0;2;1;2;B01
2,018E+11;1;7;0;0;2;4;2;A01
2,018E+11;1;7;0;0;2;1;2;C01
2,018E+11;2;7;0;13;0;1;14;A01
2,018E+11;2;7;0;0;0;0;14;A01
2,018E+11;2;7;0;15;0;9;2;D01
2,018E+11;1;7;0;0;0;3;1;B01
2,018E+11;1;2;0;0;0;5;9;A01
2,018E+11;2;7;0;0;0;0;13;A01
2,018E+11;2;7;0;0;2;1;2;A01
2,018E+11;2;7;0;0;2;4;2;B01
2,018E+11;2;7;0;0;0;4;1;C01
2,018E+11;1;10;0;0;2;1;1;A01
2,018E+11;1;7;0;0;2;4;23;B01
2,018E+11;1;7;0;0;0;4;23;C01
2,018E+11;2;10;0;0;2;1;1;A01
2,018E+11;2;7;0;0;2;4;23;B01
2,018E+11;2;7;0;0;2;4;23;C01
2,018E+11;2;7;0;0;2;4;23;D01
2,018E+11;2;7;0;0;0;4;23;E01
2,018E+11;1;7;0;3;2;1;17;A01
2,018E+11;1;7;0;0;0;4;1;B01
2,018E+11;1;7;0;0;0;6;1;C01
2,018E+11;1;7;0;0;0;6;1;D01
2,018E+11;2;10;0;0;0;9;17;A01
2,018E+11;2;7;0;0;2;1;2;A01
2,018E+11;2;7;0;0;0;4;1;B01
2,018E+11;2;7;0;3;0;2;21;A01
2,018E+11;1;7;0;0;0;9;1;A01
2,018E+11;2;33;0;0;0;9;17;A01
2,018E+11;1;7;0;3;0;9;16;A01
2,018E+11;1;7;0;15;0;9;0;A01
2,018E+11;2;7;0;0;0;4;1;B01
2,018E+11;2;7;0;3;2;1;2;A01
2,018E+11;2;17;0;0;0;4;23;C01
2,018E+11;2;15;0;0;2;1;9;A01
2,018E+11;2;17;0;0;0;8;23;D01
2,018E+11;2;10;0;0;2;4;23;B01
2,018E+11;2;7;0;0;2;4;2;C01
2,018E+11;2;7;0;0;0;4;2;1 F
2,018E+11;2;7;0;0;2;4;2;B01
2,018E+11;2;7;0;0;2;4;2;E01
2,018E+11;2;7;0;0;2;1;2;A01
2,018E+11;2;7;0;0;2;1;2;D01
2,018E+11;1;7;0;3;0;9;1;A01
2,018E+11;1;15;0;0;2;1;2;A01
2,018E+11;1;7;0;0;0;4;2;B01
2,018E+11;1;7;0;2;0;0;0;A01
2,018E+11;1;7;0;0;2;2;0;A01
2,018E+11;1;7;0;0;0;6;0;B01
2,018E+11;1;7;0;0;0;0;1;A01
2,018E+11;2;7;0;0;0;4;0;A01
2,018E+11;2;7;0;0;2;1;1;B01
2,018E+11;2;7;0;0;2;1;0;C01
2,018E+11;2;7;0;3;0;8;1;A01
2,018E+11;2;7;0;0;2;2;16;A01
2,018E+11;2;7;0;0;2;3;1;B01
2,018E+11;2;7;0;0;2;1;2;C01
2,018E+11;2;15;0;0;2;4;17;D01
2,018E+11;2;7;0;3;0;7;17;A01
2,018E+11;2;15;0;0;0;4;1;B01
2,018E+11;2;7;0;0;2;1;17;E01
2,018E+11;1;7;0;3;0;8;1;A01
2,018E+11;1;7;0;3;2;3;1;B01
2,018E+11;1;33;0;0;2;1;1;A01
2,018E+11;1;33;0;0;0;4;2;B01
2,018E+11;1;33;0;0;6;1;19;A01
2,018E+11;1;7;0;0;0;9;0;A01
2,018E+11;1;7;0;4;0;2;1;A01
2,018E+11;1;15;0;0;2;4;2;B01
2,018E+11;1;7;0;0;2;1;2;A01
2,018E+11;1;7;0;0;2;3;13;A01
2,018E+11;2;17;0;0;2;3;1;B01
2,018E+11;2;7;0;3;0;2;1;A01
2,018E+11;1;7;0;0;0;9;2;A01
2,018E+11;1;7;0;0;2;1;1;A01
2,018E+11;1;14;0;0;0;6;1;B01
2,018E+11;2;33;0;0;0;7;2;A01
2,018E+11;2;33;0;3;0;2;1;A01
2,018E+11;2;7;0;0;2;1;2;B01
2,018E+11;2;17;0;0;0;4;1;A01
2,018E+11;2;7;0;0;2;7;23;B01
2,018E+11;2;38;50;0;2;8;24;C01
2,018E+11;2;17;0;0;2;8;18;A01
2,018E+11;2;17;0;0;2;2;2;A01
2,018E+11;2;10;0;0;2;6;2;B01
2,018E+11;1;7;0;0;2;1;1;B01
2,018E+11;1;10;0;0;2;4;1;C01
2,018E+11;1;7;0;3;2;2;1;A01
2,018E+11;2;7;0;3;0;3;1;A01
2,018E+11;2;7;0;0;2;1;2;B01
2,018E+11;2;7;0;0;0;4;1;A01
2,018E+11;1;7;0;3;0;3;11;A01
2,018E+11;1;14;0;1;0;2;1;A01
2,018E+11;1;10;0;0;0;3;24;B01
2,018E+11;1;15;0;1;0;2;1;C01
2,018E+11;1;7;0;0;2;2;17;A01
2,018E+11;1;7;0;0;2;8;1;B01
2,018E+11;1;7;0;3;0;4;21;A01
2,018E+11;1;7;0;0;2;1;2;B01
2,018E+11;1;7;0;0;2;2;2;C01
2,018E+11;2;7;0;0;9;3;0;D01
2,018E+11;1;15;0;0;2;0;23;A01
2,018E+11;0;99;0;0;2;0;0;R01
2,018E+11;1;17;0;0;2;6;1;D01
2,018E+11;1;7;0;0;2;1;1;A01
2,018E+11;2;17;0;0;2;8;1;B01
2,018E+11;1;7;0;0;2;3;13;A01
2,018E+11;2;13;0;0;0;3;1;B01
2,018E+11;2;7;0;0;2;2;15;A01
2,018E+11;1;7;0;0;2;1;17;A01
2,018E+11;1;7;0;0;2;4;1;B01
2,018E+11;2;7;0;3;2;8;1;C01
2,018E+11;2;7;0;13;2;8;1;D01
2,018E+11;2;7;0;0;2;2;2;A01
2,018E+11;2;15;0;0;2;6;1;B01
2,018E+11;2;33;0;0;2;5;1;A01
2,018E+11;1;7;0;0;2;5;11;B01
2,018E+11;1;33;0;0;2;1;1;B01
2,018E+11;2;7;0;0;2;3;13;A01
2,018E+11;1;34;0;0;0;2;3;A01
2,018E+11;2;7;0;0;0;2;19;B01
2,018E+11;1;2;0;0;0;3;1;A01
2,018E+11;2;7;0;0;0;0;15;B01
2,018E+11;0;7;0;0;2;3;13;A01
2,018E+11;0;13;0;0;2;8;1;B01
2,018E+11;0;33;0;0;0;0;1;A01
2,018E+11;1;7;0;0;1;3;1;A01
2,018E+11;2;7;0;7;2;2;2;A01
2,018E+11;0;31;0;0;2;8;1;B01
2,018E+11;0;2;0;0;2;1;1;A01
2,018E+11;0;7;0;0;2;8;1;B01
2,018E+11;0;33;0;0;0;0;1;A01
2,018E+11;1;7;0;0;9;2;9;A01
2,018E+11;2;1;0;0;2;1;1;B01
2,018E+11;2;34;0;0;1;1;17;A01
2,018E+11;0;7;0;0;2;4;2;A01
2,018E+11;0;2;0;0;2;1;2;B01
2,018E+11;1;1;0;3;0;1;16;A01
2,018E+11;2;7;0;0;0;0;0;B01
2,018E+11;0;7;0;0;2;3;9;A01
2,018E+11;0;33;0;0;2;3;1;B01
2,018E+11;2;7;0;0;2;3;15;A01
2,018E+11;1;2;0;0;2;1;17;B01
2,018E+11;2;7;0;0;2;7;13;A01
2,018E+11;1;7;0;0;2;1;1;B01
2,018E+11;2;7;0;0;1;2;1;A01
2,018E+11;0;7;0;0;2;3;1;B01
2,018E+11;0;7;0;0;2;3;13;A01
2,018E+11;1;7;0;0;2;7;13;A01
2,018E+11;1;7;0;0;2;1;1;B01
2,018E+11;1;7;0;0;2;8;1;B01
2,018E+11;1;2;0;0;2;8;3;A01
2,018E+11;1;7;0;0;2;7;1;C01
2,018E+11;2;7;0;16;0;0;6;A01
2,018E+11;1;7;0;0;0;8;1;B01
2,018E+11;1;1;0;0;2;1;19;A01
2,018E+11;1;33;0;0;2;8;1;B01
2,018E+11;1;10;0;0;2;7;12;A01
2,018E+11;2;7;0;2;2;1;0;B01
2,018E+11;1;7;0;0;2;3;13;A01
2,018E+11;2;7;0;13;0;1;13;A01
2,018E+11;2;7;0;0;2;2;19;A01
2,018E+11;1;30;0;0;2;1;1;B01
2,018E+11;1;7;0;0;2;3;15;A01
2,018E+11;2;33;0;0;2;1;1;B01
2,018E+11;1;1;0;0;0;6;1;A01
2,018E+11;1;7;0;0;9;2;2;B01
2,018E+11;1;33;0;0;2;1;1;A01
2,018E+11;0;7;0;0;2;3;9;B01
2,018E+11;1;7;0;0;2;1;1;C01
2,018E+11;2;7;0;0;2;3;13;A01
2,018E+11;1;7;0;0;2;8;1;B01
2,018E+11;2;31;0;0;2;8;13;A01
2,018E+11;1;7;0;0;2;7;13;B01
2,018E+11;1;7;0;0;2;3;15;A01
2,018E+11;2;7;0;0;2;1;1;B01
2,018E+11;1;7;0;0;2;2;1;C01
2,018E+11;0;7;0;0;9;7;16;A01
2,018E+11;0;1;0;0;2;1;1;B01
2,018E+11;1;7;0;0;2;2;1;B01
2,018E+11;2;7;0;6;2;1;5;A01
2,018E+11;0;33;0;0;2;1;1;B01
2,018E+11;1;7;0;0;2;3;1;A01
2,018E+11;0;7;0;4;0;3;12;A01
2,018E+11;2;7;0;0;0;0;21;A01
2,018E+11;0;7;0;0;1;2;1;A01
2,018E+11;2;17;0;0;2;2;2;A01
2,018E+11;2;37;19;0;2;6;1;B01
2,018E+11;1;7;0;2;0;1;14;A01
2,018E+11;1;15;0;0;0;0;23;B01
2,018E+11;1;7;0;0;2;3;12;A01
2,018E+11;2;7;0;0;0;0;0;B01
2,018E+11;2;7;0;4;0;9;13;A01
2,018E+11;2;7;0;4;0;1;16;A01
2,018E+11;1;2;0;0;0;4;2;B01
2,018E+11;1;7;0;0;2;2;2;A01
2,018E+11;2;7;0;0;0;5;23;C01
2,018E+11;2;7;0;0;2;1;12;B01
2,018E+11;2;7;0;0;2;4;12;A01
2,018E+11;2;17;0;0;0;5;2;B01
2,018E+11;2;10;0;0;2;1;2;A01
2,018E+11;2;7;0;4;0;2;1;A01
2,018E+11;2;7;0;0;0;5;1;B01
2,018E+11;2;7;0;0;2;3;11;A01
2,018E+11;2;7;0;0;2;5;2;B01
2,018E+11;2;33;0;0;2;1;2;A01
2,018E+11;2;7;0;0;0;4;2;C01
2,018E+11;2;7;0;0;2;4;2;E01
2,018E+11;2;7;0;0;2;4;2;C01
2,018E+11;2;7;0;0;2;4;0;D01
2,018E+11;2;7;0;0;2;4;2;A01
2,018E+11;2;7;0;0;2;4;2;1 F
2,018E+11;2;7;0;0;2;4;2;B01
2,018E+11;2;17;0;0;0;4;2;B01
2,018E+11;2;7;0;0;2;1;2;A01
2,018E+11;2;7;0;3;0;1;1;A01
2,018E+11;2;7;0;1;0;1;2;B01
2,018E+11;2;17;0;13;0;2;2;A01
2,018E+11;2;7;0;4;2;3;2;A01
2,018E+11;2;7;0;0;2;5;2;B01
2,018E+11;2;17;0;0;2;2;2;A01
2,018E+11;2;15;0;0;0;6;1;B01
2,018E+11;2;7;0;0;0;6;23;C01
2,018E+11;1;7;0;0;1;2;1;A01
2,018E+11;0;7;0;0;1;2;1;A01
2,018E+11;2;7;0;0;1;2;16;A01
2,018E+11;0;2;0;0;2;7;17;B01
2,018E+11;0;7;0;0;2;8;15;A01
2,018E+11;2;7;0;0;2;3;13;A01
2,018E+11;1;33;0;0;2;8;17;B01
2,018E+11;0;10;0;0;1;0;16;A01
2,018E+11;2;2;0;0;2;3;1;B01
2,018E+11;1;33;0;0;2;1;16;A01
2,018E+11;1;7;0;0;2;1;19;A01
2,018E+11;2;33;0;0;2;1;1;B01
2,018E+11;0;1;0;0;2;1;0;A01
2,018E+11;0;7;0;0;9;6;1;B01
2,018E+11;2;7;0;4;2;2;17;A01
2,018E+11;2;17;0;0;0;6;2;B01
2,018E+11;2;7;0;1;0;1;2;B01
2,018E+11;2;7;0;9;0;6;23;A01
2,018E+11;2;7;0;0;2;6;2;B01
2,018E+11;2;7;0;0;2;2;2;A01
2,018E+11;2;14;0;0;2;2;1;B01
2,018E+11;1;7;0;0;2;3;16;A01
2,018E+11;1;7;0;0;2;3;13;A01
2,018E+11;2;17;0;0;2;6;1;B01
2,018E+11;2;15;0;0;2;1;2;A01
2,018E+11;2;7;0;0;0;4;2;B01
2,018E+11;1;7;0;4;0;9;12;A01
2,018E+11;2;17;0;0;2;2;1;A01
2,018E+11;2;7;0;0;2;3;0;B01
2,018E+11;1;7;0;0;2;2;2;A01
2,018E+11;1;7;0;0;2;6;2;B01
2,018E+11;2;7;0;0;1;2;1;C01
2,018E+11;1;7;0;4;0;3;0;A01
2,018E+11;2;7;0;3;2;3;1;A01
2,018E+11;2;17;0;0;0;5;1;B01
2,018E+11;0;32;0;4;0;1;13;A01
2,018E+11;1;17;0;2;0;2;2;A01
2,018E+11;1;13;0;0;2;3;2;B01
2,018E+11;1;7;0;0;2;4;2;A01
2,018E+11;2;10;0;0;2;1;1;A01
2,018E+11;2;17;0;0;0;6;1;B01
2,018E+11;0;13;0;0;2;2;1;A01
2,018E+11;0;7;0;0;2;8;1;B01
2,018E+11;1;7;0;0;2;6;2;A01
2,018E+11;1;7;0;0;2;6;2;B01
2,018E+11;2;99;0;0;2;0;5;C01
2,018E+11;2;7;0;0;2;6;0;I01
2,018E+11;2;7;0;0;2;7;12;E01
2,018E+11;2;7;0;0;2;1;0;D01
2,018E+11;2;7;0;4;2;4;0;G01
2,018E+11;2;7;0;0;2;1;0;J01
2,018E+11;2;7;0;0;2;1;0;C01
2,018E+11;2;7;0;4;2;3;0;B01
2,018E+11;2;13;0;0;2;0;0;K01
2,018E+11;2;7;0;0;2;0;0;H01
2,018E+11;2;7;0;4;2;5;0;1 F
2,018E+11;2;7;0;0;2;0;0;L01
2,018E+11;2;10;0;0;2;3;1;A01
2,018E+11;2;7;0;0;2;2;2;A01
2,018E+11;2;7;0;0;2;4;2;B01
2,018E+11;0;7;0;0;2;4;11;A01
2,018E+11;1;7;0;0;2;1;1;B01
2,018E+11;1;7;0;3;2;6;1;A01
2,018E+11;1;15;0;0;2;0;12;B01
2,018E+11;2;15;0;0;2;1;1;B01
2,018E+11;1;7;0;0;0;8;19;A01
2,018E+11;2;7;0;13;0;9;13;A01
2,018E+11;2;7;0;0;0;8;1;B01
2,018E+11;1;7;0;0;0;8;1;A01
2,018E+11;0;21;0;0;2;1;1;B01
2,018E+11;0;7;0;15;2;1;1;A01
2,018E+11;0;7;0;6;0;3;0;A01
2,018E+11;1;7;0;0;2;5;19;A01
2,018E+11;1;2;0;0;2;1;1;B01
2,018E+11;0;7;0;6;2;7;1;B01
2,018E+11;0;7;0;0;2;1;19;A01
2,018E+11;1;7;0;6;0;9;0;A01
2,018E+11;1;7;0;0;0;1;1;A01
2,018E+11;1;7;0;0;0;4;20;B01
2,018E+11;1;7;0;0;2;1;1;A01
2,018E+11;2;10;0;0;2;1;1;B01
2,018E+11;2;33;0;13;2;1;1;A01
2,018E+11;1;7;0;0;2;8;15;B01
2,018E+11;0;13;0;0;2;3;1;B01
2,018E+11;0;13;0;0;2;6;1;A01
2,018E+11;2;2;0;0;0;0;16;A01
2,018E+11;2;33;0;0;0;0;17;A01
2,018E+11;0;17;0;0;2;2;9;A01
2,018E+11;1;33;0;0;2;1;1;B01
2,018E+11;1;7;0;8;0;7;13;A01
2,018E+11;1;33;0;0;2;1;1;A01
2,018E+11;1;7;0;0;2;6;11;B01
2,018E+11;0;7;0;0;1;3;1;A01
2,018E+11;1;33;0;0;1;0;0;A01
2,018E+11;0;33;0;0;2;7;3;A01
2,018E+11;0;7;0;0;2;3;11;B01
2,018E+11;2;7;0;0;2;3;1;B01
2,018E+11;1;34;0;0;2;1;13;A01
2,018E+11;0;7;0;0;2;8;19;A01
2,018E+11;1;31;0;0;2;1;1;B01
2,018E+11;0;7;0;0;0;4;1;A01
2,018E+11;0;2;0;0;2;1;1;B01
2,018E+11;1;2;0;0;2;4;0;A01
2,018E+11;1;7;0;0;2;1;1;B01
2,018E+11;2;7;0;0;2;3;1;C01
2,018E+11;2;7;0;0;2;3;19;A01
2,018E+11;1;33;0;0;2;1;1;B01
2,018E+11;0;7;0;0;1;1;1;A01
2,018E+11;2;7;0;0;2;1;14;A01
2,018E+11;2;7;0;0;2;8;1;B01
2,018E+11;0;10;0;0;2;6;4;A01
2,018E+11;0;34;0;0;2;2;1;B01
2,018E+11;0;7;0;12;0;7;1;A01
2,018E+11;1;33;0;0;0;2;16;A01
2,018E+11;1;1;0;0;9;2;1;A01
2,018E+11;2;1;0;0;9;1;1;B01
2,018E+11;1;32;0;8;0;8;1;A01
2,018E+11;0;33;0;0;2;1;1;A01
2,018E+11;0;7;0;0;2;1;13;B01
2,018E+11;0;37;1;0;2;1;1;B01
2,018E+11;0;7;0;0;2;1;9;A01
2,018E+11;1;7;0;0;2;1;13;A01
2,018E+11;2;13;0;0;2;1;1;B01
2,018E+11;0;7;0;15;0;1;1;A01
2,018E+11;0;2;0;0;0;2;0;A01
2,018E+11;0;7;0;0;2;3;17;A01
2,018E+11;0;32;0;0;2;7;17;B01
2,018E+11;0;32;0;0;0;8;2;A01
2,018E+11;0;7;0;0;0;0;19;A01
2,018E+11;0;34;0;6;0;7;21;B01
2,018E+11;0;7;0;8;0;2;13;A01
2,018E+11;0;33;0;0;1;1;1;A01
2,018E+11;2;33;0;0;2;7;17;A01
2,018E+11;2;7;0;0;2;3;15;B01
2,018E+11;0;7;0;0;1;1;1;A01
2,018E+11;0;7;0;0;1;1;1;A01
2,018E+11;0;7;0;8;0;9;0;A01
2,018E+11;0;7;0;0;1;1;15;A01
2,018E+11;0;7;0;0;2;3;9;A01
2,018E+11;0;1;0;0;0;4;2;B01
2,018E+11;2;7;0;6;0;1;1;A01
2,018E+11;0;7;0;8;0;8;6;A01
2,018E+11;0;7;0;0;2;3;15;A01
2,018E+11;0;33;0;0;2;1;1;B01
2,018E+11;0;7;0;0;2;3;13;A01
2,018E+11;0;33;0;0;2;7;17;B01
2,018E+11;0;7;0;0;9;1;15;A01
2,018E+11;0;1;0;0;2;7;1;B01
2,018E+11;0;7;0;0;1;1;1;A01
2,018E+11;1;33;0;0;2;1;13;A01
2,018E+11;2;7;0;0;2;1;1;B01
2,018E+11;1;7;0;0;2;2;15;A01
2,018E+11;2;33;0;0;2;1;1;B01
2,018E+11;2;7;0;0;0;0;10;B01
2,018E+11;2;2;0;0;0;0;1;A01
2,018E+11;0;7;0;0;2;3;15;A01
2,018E+11;0;2;0;0;2;1;1;B01
2,018E+11;0;7;0;0;1;2;1;A01
2,018E+11;0;10;0;0;2;3;19;A01
2,018E+11;0;10;0;0;2;2;19;B01
2,018E+11;0;2;0;0;2;1;1;A01
2,018E+11;0;7;0;0;2;2;15;B01
2,018E+11;2;7;0;0;2;2;15;A01
2,018E+11;1;33;0;0;2;1;1;B01
2,018E+11;1;2;0;0;2;1;1;A01
2,018E+11;2;7;0;0;2;8;1;B01
2,018E+11;1;33;0;0;2;1;1;B01
2,018E+11;2;7;0;0;2;2;15;A01
2,018E+11;0;7;0;0;2;7;1;B01
2,018E+11;0;1;0;0;2;1;19;A01
2,018E+11;1;7;0;0;2;3;1;B01
2,018E+11;2;33;0;0;2;1;17;A01
2,018E+11;2;31;0;0;1;2;1;A01
2,018E+11;0;7;0;0;2;3;1;A01
2,018E+11;0;32;0;0;2;2;1;B01
2,018E+11;0;7;0;0;0;2;14;A01
2,018E+11;2;7;0;0;2;7;15;A01
2,018E+11;1;33;0;0;2;1;1;B01
2,018E+11;1;7;0;0;2;2;15;A01
2,018E+11;1;1;0;0;2;1;1;B01
2,018E+11;1;1;0;0;2;1;1;C01
2,018E+11;1;1;0;0;0;1;1;D01
2,018E+11;2;7;0;0;0;3;5;A01
2,018E+11;1;7;0;0;2;1;1;B01
2,018E+11;1;7;0;0;0;1;1;C01
2,018E+11;1;7;0;0;2;1;1;D01
2,018E+11;1;7;0;0;2;2;1;A01
2,018E+11;1;7;0;0;0;6;1;B01
2,018E+11;1;33;0;0;2;1;2;A01
2,018E+11;1;37;1;0;0;4;1;B01
2,018E+11;0;7;0;0;1;0;1;A01
2,018E+11;2;17;0;3;0;3;1;A01
2,018E+11;1;7;0;3;0;1;14;A01
2,018E+11;1;7;0;0;2;2;3;A01
2,018E+11;1;15;0;0;0;6;1;B01
2,018E+11;2;7;0;3;0;1;1;A01
2,018E+11;1;7;0;14;0;1;1;A01
2,018E+11;2;17;0;0;0;6;1;A01
2,018E+11;2;7;0;0;2;1;1;B01
2,018E+11;1;7;0;0;0;5;2;B01
2,018E+11;1;7;0;0;2;3;2;A01
2,018E+11;0;7;0;0;2;2;2;A01
2,018E+11;0;37;8;0;2;6;2;B01
2,018E+11;0;17;0;0;2;8;15;A01
2,018E+11;1;7;0;0;2;1;1;B01
2,018E+11;1;10;0;0;2;2;13;A01
2,018E+11;1;17;0;0;0;6;1;B01
2,018E+11;1;7;0;0;2;1;2;C01
2,018E+11;2;7;0;0;2;1;1;B01
2,018E+11;2;7;0;0;2;4;6;A01
2,018E+11;2;7;0;0;2;1;1;A01
2,018E+11;0;1;0;0;2;7;19;B01
2,018E+11;1;7;0;0;2;1;15;A01
2,018E+11;2;1;0;0;2;1;1;B01
2,018E+11;1;33;0;0;0;7;2;A01
2,018E+11;1;7;0;0;2;1;13;A01
2,018E+11;2;7;0;0;2;8;1;D01
2,018E+11;2;7;0;0;2;8;1;C01
2,018E+11;2;7;0;0;2;8;2;B01
2,018E+11;2;7;0;0;2;1;13;A01
2,018E+11;1;10;0;0;2;3;1;B01
2,018E+11;1;7;0;0;2;1;1;B01
2,018E+11;1;7;0;0;0;4;1;A01
2,018E+11;2;7;0;2;0;1;1;A01
2,018E+11;1;7;0;8;0;1;13;A01
2,018E+11;0;33;0;0;2;7;1;A01
2,018E+11;0;7;0;0;2;1;15;B01
2,018E+11;2;33;0;0;2;1;2;B01
2,018E+11;2;7;0;0;2;4;2;A01
2,018E+11;2;33;0;0;2;4;2;B01
2,018E+11;2;7;0;0;2;2;2;A01
2,018E+11;2;20;0;0;2;3;1;B01
2,018E+11;1;7;0;0;2;3;13;A01
2,018E+11;1;7;0;0;1;3;1;A01
2,018E+11;1;2;0;3;0;0;14;A01
2,018E+11;1;7;0;0;2;2;1;A01
2,018E+11;1;7;0;0;2;3;15;B01
2,018E+11;0;7;0;1;0;2;1;A01
2,018E+11;0;33;0;0;2;4;23;B01
2,018E+11;1;7;0;0;2;1;19;C01
2,018E+11;2;10;0;0;2;5;1;B01
2,018E+11;2;7;0;0;2;1;1;A01
2,018E+11;0;33;0;3;0;1;1;A01
2,018E+11;1;7;0;13;0;1;13;A01
2,018E+11;0;10;0;0;1;3;1;A01
2,018E+11;2;7;0;0;2;1;2;A01
2,018E+11;2;7;0;0;2;4;2;B01
2,018E+11;1;7;0;0;2;3;1;B01
2,018E+11;1;7;0;0;2;2;1;A01
2,018E+11;1;31;0;0;2;4;2;B01
2,018E+11;1;7;0;0;2;3;1;A01
2,018E+11;2;33;0;7;0;1;1;A01
2,018E+11;0;1;0;0;2;4;15;B01
2,018E+11;0;7;0;0;2;1;2;A01
2,018E+11;2;10;0;0;2;1;2;A01
2,018E+11;2;10;0;0;0;6;15;B01
2,018E+11;0;33;0;0;2;3;1;A01
2,018E+11;0;7;0;0;2;3;1;B01
2,018E+11;1;33;0;7;0;1;1;A01
2,018E+11;2;7;0;0;2;4;1;A01
2,018E+11;2;7;0;0;2;3;2;B01
2,018E+11;1;1;0;0;2;1;5;B01
2,018E+11;0;7;0;0;2;1;16;A01
2,018E+11;2;33;0;0;2;1;1;B01
2,018E+11;1;7;0;0;2;6;15;A01
2,018E+11;0;33;0;13;0;1;1;B01
2,018E+11;0;7;0;13;0;3;1;A01
2,018E+11;1;1;0;0;2;3;1;B01
2,018E+11;1;7;0;0;2;3;19;A01
2,018E+11;1;17;0;3;0;2;1;A01
2,018E+11;1;7;0;0;0;5;2;B01
2,018E+11;1;7;0;3;0;2;2;D01
2,018E+11;1;7;0;5;0;3;2;C01
2,018E+11;1;7;0;0;0;1;2;A01
2,018E+11;2;7;0;0;0;4;1;C01
2,018E+11;2;7;0;1;0;7;0;B01
2,018E+11;2;7;0;3;0;1;1;A01
2,018E+11;2;7;0;1;0;2;1;E01
2,018E+11;2;7;0;3;0;6;2;B01
2,018E+11;2;17;0;1;0;3;1;C01
2,018E+11;2;7;0;1;0;3;1;D01
2,018E+11;2;7;0;3;0;4;2;A01
2,018E+11;2;7;0;3;0;1;1;A01
2,018E+11;1;7;0;1;0;1;1;A01
2,018E+11;1;17;0;0;0;5;24;B01
2,018E+11;2;38;2;0;2;1;1;B01
2,018E+11;1;7;0;0;2;8;17;A01
2,018E+11;0;7;0;0;1;2;1;A01
2,018E+11;1;30;0;0;2;4;1;A01
2,018E+11;2;7;0;0;2;1;1;B01
2,018E+11;1;7;0;0;2;1;15;A01
2,018E+11;2;33;0;0;2;8;1;B01