Num_Acc;senc;catv;occutc;obs;obsm;choc;manv;num_veh
2,018E+11;1;37;0;0;1;5;7;A01
2,018E+11;2;7;0;0;2;4;23;B01
2,018E+11;1;7;0;0;2;1;2;Z01
2,018E+11;2;30;0;0;0;8;1;A01
2,018E+11;1;7;0;0;2;6;15;B01
2,018E+11;1;31;0;0;2;1;1;A01
2,018E+11;1;7;0;8;1;1;11;A01
2,018E+11;1;33;0;0;2;1;1;B01
2,018E+11;2;30;0;1;2;3;9;A01
2,018E+11;1;7;0;0;2;7;1;B01
2,018E+11;1;7;0;0;1;1;9;Z01
2,018E+11;1;33;0;0;2;1;1;B01
2,018E+11;1;7;0;0;2;3;15;A01
2,018E+11;2;30;0;0;0;3;9;A01
2,018E+11;1;7;0;0;2;4;2;B01
2,018E+11;1;33;0;0;2;1;1;A01
2,018E+11;2;30;0;14;9;1;1;A01
2,018E+11;1;10;0;0;1;1;15;A01
2,018E+11;2;7;0;0;2;2;15;A01
2,018E+11;1;34;0;0;2;1;1;B01
2,018E+11;2;7;0;0;1;0;0;A01
2,018E+11;1;7;0;0;2;2;10;A01
2,018E+11;1;34;0;0;2;2;1;B01
2,018E+11;2;7;0;9;0;1;1;A01
2,018E+11;2;7;0;0;1;8;8;A01
2,018E+11;1;7;0;1;0;4;9;B01
2,018E+11;1;7;0;0;1;1;15;A01
2,018E+11;1;13;0;1;2;1;1;A01
2,018E+11;2;7;0;13;2;0;1;B01
2,018E+11;1;7;0;0;2;1;15;A01
2,018E+11;1;7;0;0;2;6;15;B01
2,018E+11;2;7;0;0;2;4;1;B01
2,018E+11;2;7;0;0;2;4;1;C01
2,018E+11;2;7;0;0;2;1;1;A01
2,018E+11;1;7;0;0;2;3;15;B01
2,018E+11;1;34;0;0;2;1;8;A01
2,018E+11;1;7;0;0;2;1;0;A01
2,018E+11;2;7;0;0;2;3;19;B01
2,018E+11;1;7;0;15;0;1;1;A01
2,018E+11;1;7;0;2;0;1;1;A01
2,018E+11;1;7;0;0;2;0;15;Z01
2,018E+11;1;34;0;0;2;2;1;B01
2,018E+11;1;7;0;0;2;1;2;Z01
2,018E+11;1;7;0;0;2;4;2;A01
2,018E+11;2;7;0;0;1;1;15;A01
2,018E+11;1;7;0;0;2;4;2;B01
2,018E+11;1;7;0;0;2;1;2;Z01
2,018E+11;1;7;0;0;2;2;13;A01
2,018E+11;1;7;0;0;2;3;13;B01
2,018E+11;1;7;0;0;2;4;16;B01
2,018E+11;1;7;0;0;2;2;21;A01
2,018E+11;1;37;0;0;2;6;2;B01
2,018E+11;1;3;0;0;2;1;2;A01
2,018E+11;1;7;0;0;2;6;9;B01
2,018E+11;1;34;0;0;2;7;15;A01
2,018E+11;2;33;0;1;0;1;21;A01
2,018E+11;1;31;0;0;0;0;19;B01
2,018E+11;1;7;0;9;0;1;1;A01
2,018E+11;2;31;0;0;2;1;1;A01
2,018E+11;2;7;0;0;2;8;1;B01
2,018E+11;2;34;0;0;2;7;17;B01
2,018E+11;2;7;0;0;2;3;15;A01
2,018E+11;2;7;0;8;0;1;14;A01
2,018E+11;1;7;0;0;2;5;1;B01
2,018E+11;1;30;0;0;2;5;1;A01
2,018E+11;1;7;0;0;1;1;1;A01
2,018E+11;1;34;0;0;9;1;1;A01
2,018E+11;2;33;0;0;0;2;1;A01
2,018E+11;1;7;0;0;2;4;2;A01
2,018E+11;1;10;0;0;2;1;2;Z01
2,018E+11;2;7;0;0;2;4;1;B01
2,018E+11;2;7;0;0;2;1;1;A01
2,018E+11;2;10;0;0;2;2;1;A01
2,018E+11;2;7;0;0;2;6;24;C01
2,018E+11;2;7;0;0;2;6;20;B01
2,018E+11;1;7;0;0;2;1;2;A01
2,018E+11;1;7;0;0;2;4;2;B01
2,018E+11;2;32;0;0;2;1;1;B01
2,018E+11;1;7;0;0;2;7;15;A01
2,018E+11;1;7;0;0;2;1;17;A01
2,018E+11;1;7;0;0;2;3;15;B01
2,018E+11;1;33;0;0;2;1;5;A01
2,018E+11;2;7;0;0;2;3;11;B01
2,018E+11;2;33;0;0;2;1;1;B01
2,018E+11;1;7;0;0;2;3;15;A01
2,018E+11;1;7;0;0;1;0;0;A01
2,018E+11;2;7;0;0;2;3;2;B01
2,018E+11;1;7;0;6;2;1;17;A01
2,018E+11;1;7;0;0;1;7;9;Z01
2,018E+11;1;7;0;0;2;1;1;A01
2,018E+11;1;33;0;0;2;1;1;B01
2,018E+11;1;30;0;6;0;3;1;A01
2,018E+11;1;33;0;0;2;1;1;B01
2,018E+11;2;7;0;0;2;3;15;A01
2,018E+11;2;7;0;0;2;1;2;A01
2,018E+11;1;7;0;0;2;4;2;B01
2,018E+11;2;7;0;0;2;8;15;B01
2,018E+11;2;30;0;0;2;2;17;A01
2,018E+11;1;7;0;0;2;1;2;A01
2,018E+11;1;7;0;0;2;4;2;B01
2,018E+11;1;7;0;0;2;8;1;B01
2,018E+11;1;7;0;0;2;1;1;C01
2,018E+11;2;7;0;0;2;1;15;A01
2,018E+11;1;1;0;0;0;0;0;B01
2,018E+11;1;30;0;0;9;0;0;A01
2,018E+11;2;10;0;0;2;1;2;Z01
2,018E+11;2;7;0;0;2;4;23;A01
2,018E+11;1;7;0;1;0;3;1;A01
2,018E+11;1;7;0;0;2;2;1;A01
2,018E+11;2;7;0;0;2;3;1;B01
2,018E+11;2;7;0;0;1;1;1;A01
2,018E+11;2;7;0;0;2;3;19;B01
2,018E+11;1;7;0;0;2;7;2;A01
2,018E+11;2;7;0;9;0;1;1;A01
2,018E+11;1;7;0;3;0;2;2;A01
2,018E+11;2;7;0;14;0;1;1;A01
2,018E+11;2;7;0;0;2;4;23;B01
2,018E+11;2;7;0;0;2;3;1;Z01
2,018E+11;1;7;0;0;2;2;15;A01
2,018E+11;1;7;0;0;2;3;21;A01
2,018E+11;1;7;0;0;2;5;15;B01
2,018E+11;1;40;0;0;1;7;1;A01
2,018E+11;2;7;0;0;2;1;2;Z01
2,018E+11;2;7;0;0;2;4;23;B01
2,018E+11;2;7;0;0;2;4;15;B01
2,018E+11;2;7;0;0;2;8;24;C01
2,018E+11;2;33;0;0;2;1;1;A01
2,018E+11;1;7;0;0;2;0;15;Z01
2,018E+11;1;1;0;0;2;8;1;B01
2,018E+11;1;7;0;0;2;1;15;A01
2,018E+11;2;1;0;0;2;1;0;B01
2,018E+11;1;7;0;0;1;1;21;A01
2,018E+11;1;7;0;0;2;3;15;A01
2,018E+11;2;33;0;0;2;1;1;B01
2,018E+11;1;7;0;0;2;4;23;B01
2,018E+11;1;7;0;0;2;1;2;A01
2,018E+11;2;31;0;0;2;8;1;A01
2,018E+11;1;7;0;0;2;3;9;A01
2,018E+11;1;2;0;0;2;1;16;B01
2,018E+11;1;10;0;0;2;2;1;B01
2,018E+11;1;33;0;0;2;1;1;A01
2,018E+11;1;7;0;0;2;2;1;A01
2,018E+11;1;31;0;0;2;7;16;B01
2,018E+11;2;7;0;0;2;4;2;B01
2,018E+11;2;7;0;0;2;9;2;C01
2,018E+11;2;7;0;0;2;1;2;A01
2,018E+11;1;7;0;0;1;1;16;A01
2,018E+11;2;1;0;1;0;1;2;A01
2,018E+11;1;32;0;0;2;3;2;A01
2,018E+11;1;7;0;0;2;7;12;B01
2,018E+11;1;7;0;0;2;5;16;B01
2,018E+11;1;33;0;0;2;1;7;A01
2,018E+11;1;1;0;0;2;7;0;A01
2,018E+11;1;7;0;0;9;1;1;B01
2,018E+11;2;31;0;0;2;1;1;B01
2,018E+11;2;7;0;0;2;3;15;A01
2,018E+11;2;7;0;0;2;2;2;A01
2,018E+11;2;7;0;0;2;3;2;B01
2,018E+11;1;10;0;0;1;2;2;A01
2,018E+11;1;15;0;3;0;1;11;A01
2,018E+11;1;7;0;0;1;1;2;Z01
2,018E+11;1;31;0;0;2;1;1;A01
2,018E+11;2;7;0;0;2;3;15;B01
2,018E+11;2;7;0;0;2;6;1;B01
2,018E+11;2;34;0;0;2;1;1;A01
2,018E+11;1;7;0;0;1;1;1;A01
2,018E+11;1;34;0;0;2;1;1;B01
2,018E+11;1;7;0;0;2;8;9;A01
2,018E+11;1;7;0;0;2;1;1;A01
2,018E+11;1;7;0;0;2;4;23;B01
2,018E+11;1;7;0;0;2;4;23;C01
2,018E+11;1;7;0;0;1;1;1;A01
2,018E+11;2;31;0;0;0;8;1;A01
2,018E+11;1;7;0;0;2;3;1;B01
2,018E+11;2;7;0;0;2;5;1;A01
2,018E+11;1;7;0;0;1;1;0;A01
2,018E+11;1;34;0;0;2;4;1;A01
2,018E+11;1;7;0;0;2;1;9;B01
2,018E+11;2;7;0;0;2;0;0;Z01
2,018E+11;1;10;0;8;2;8;1;A01
2,018E+11;1;7;0;0;2;1;11;A01
2,018E+11;1;7;0;0;2;4;10;B01
2,018E+11;1;33;0;7;0;1;1;A01
2,018E+11;1;7;0;13;0;7;1;A01
2,018E+11;2;7;0;0;1;2;1;Z01
2,018E+11;2;31;0;0;0;0;1;A01
2,018E+11;2;34;0;0;0;0;1;B01
2,018E+11;1;7;0;0;0;0;3;Z01
2,018E+11;1;7;0;6;0;2;2;A01
2,018E+11;1;33;0;0;2;2;13;A01
2,018E+11;1;7;0;0;2;3;19;B01
2,018E+11;2;7;0;0;2;4;23;B01
2,018E+11;2;7;0;0;2;1;1;A01
2,018E+11;2;7;0;0;2;4;23;C01
2,018E+11;1;33;0;0;2;1;2;Z01
2,018E+11;1;7;0;0;2;4;15;A01
2,018E+11;2;37;0;0;1;2;21;A01
2,018E+11;1;2;0;0;2;1;5;A01
2,018E+11;2;7;0;0;2;2;1;B01
2,018E+11;1;99;0;1;0;0;17;A01
2,018E+11;1;37;0;1;0;3;24;B01
2,018E+11;1;33;0;0;2;8;18;A01
2,018E+11;1;15;0;0;2;7;16;B01
2,018E+11;1;7;0;0;1;4;4;A01
2,018E+11;2;30;0;0;2;2;7;A01
2,018E+11;2;7;0;0;2;3;2;B01
2,018E+11;1;7;0;0;2;7;19;B01
2,018E+11;1;7;0;0;2;1;19;A01
2,018E+11;2;7;0;0;2;1;15;B01
2,018E+11;2;31;0;0;2;1;2;A01
2,018E+11;2;7;0;0;1;4;4;A01
2,018E+11;1;7;0;0;0;9;15;A01
2,018E+11;1;30;0;0;2;1;2;A01
2,018E+11;1;7;0;0;2;6;2;B01
2,018E+11;2;7;0;0;2;6;15;B01
2,018E+11;2;7;0;0;2;1;1;A01
2,018E+11;2;7;0;8;0;1;0;A01
2,018E+11;1;33;0;0;1;1;1;A01
2,018E+11;2;33;0;0;2;1;1;B01
2,018E+11;2;7;0;0;2;6;15;A01
2,018E+11;1;10;0;0;1;2;21;A01
2,018E+11;1;7;0;0;1;2;15;A01
2,018E+11;2;7;0;0;2;7;15;A01
2,018E+11;1;7;0;0;2;2;1;B01
2,018E+11;2;7;0;0;2;7;9;A01
2,018E+11;1;7;0;0;2;1;9;B01
2,018E+11;1;7;0;0;2;9;9;C01
2,018E+11;2;34;0;0;2;7;17;A01
2,018E+11;2;7;0;0;2;3;15;B01
2,018E+11;1;7;0;0;1;3;9;A01
2,018E+11;1;14;0;1;2;2;23;B01
2,018E+11;1;31;0;0;2;1;19;A01
2,018E+11;1;7;0;1;0;8;20;Z01
2,018E+11;1;7;0;0;2;8;13;A01
2,018E+11;1;7;0;0;2;1;23;B01
2,018E+11;1;1;0;0;2;8;15;A01
2,018E+11;2;32;0;0;2;1;1;B01
2,018E+11;1;7;0;0;2;0;16;A01
2,018E+11;1;33;0;0;2;0;1;B01
2,018E+11;1;7;0;0;2;7;2;Z01
2,018E+11;1;30;0;0;2;8;1;B01
2,018E+11;1;14;0;6;0;9;1;A01
2,018E+11;1;7;0;0;1;1;18;A01
2,018E+11;1;7;0;8;2;2;19;B01
2,018E+11;1;7;0;0;2;1;23;A01
2,018E+11;1;7;0;0;9;5;20;B01
2,018E+11;1;31;0;0;2;1;2;A01
2,018E+11;1;7;0;8;0;7;15;A01
2,018E+11;1;7;0;0;1;2;15;A01
2,018E+11;2;7;0;0;2;4;2;B01
2,018E+11;2;7;0;0;2;4;1;A01
2,018E+11;2;7;0;1;0;2;2;A01
2,018E+11;1;7;0;0;2;1;9;A01
2,018E+11;1;33;0;0;2;4;2;B01
2,018E+11;1;7;0;0;1;1;2;A01
2,018E+11;1;7;0;0;1;8;1;A01
2,018E+11;1;7;0;0;1;6;1;A01
2,018E+11;1;31;0;0;2;1;1;A01
2,018E+11;1;7;0;0;2;4;1;B01
2,018E+11;1;37;0;0;1;2;16;A01
2,018E+11;1;31;0;0;2;4;9;B01
2,018E+11;1;99;0;0;2;0;0;Z01
2,018E+11;1;7;0;0;2;1;9;A01
2,018E+11;1;7;0;0;1;6;2;B01
2,018E+11;2;3;0;0;2;2;1;A01
2,018E+11;2;99;0;0;2;0;0;R01
2,018E+11;2;34;0;0;2;1;16;B01
2,018E+11;1;7;0;0;2;3;15;A01
2,018E+11;2;7;0;0;2;4;1;B01
2,018E+11;2;33;0;0;2;1;1;A01
2,018E+11;1;7;0;0;2;1;1;B01
2,018E+11;1;31;0;0;2;4;19;A01
2,018E+11;2;7;0;0;2;3;20;A01
2,018E+11;1;31;0;0;2;8;1;B01
2,018E+11;2;34;0;0;2;8;0;B01
2,018E+11;1;7;0;0;2;2;19;A01
2,018E+11;1;7;0;8;0;2;1;A01
2,018E+11;1;7;0;0;2;8;13;A01
2,018E+11;1;7;0;0;2;3;1;B01
2,018E+11;2;7;0;0;2;2;1;A01
2,018E+11;1;2;0;0;2;1;1;B01
2,018E+11;1;7;0;0;2;2;2;A01
2,018E+11;2;7;0;0;2;3;19;B01
2,018E+11;1;30;0;0;2;4;0;B01
2,018E+11;1;30;0;0;2;1;1;A01
2,018E+11;1;7;0;0;1;2;1;Z01
2,018E+11;2;33;0;0;2;8;1;A01
2,018E+11;2;7;0;0;2;1;16;B01
2,018E+11;1;7;0;8;2;3;1;B01
2,018E+11;1;7;0;0;2;3;9;A01
2,018E+11;2;7;0;0;2;4;1;B01
2,018E+11;1;3;0;0;2;1;2;A01
2,018E+11;1;34;0;0;2;1;17;B01
2,018E+11;1;7;0;0;2;8;15;A01
2,018E+11;2;7;0;0;2;3;1;B01
2,018E+11;2;30;0;0;2;1;1;A01
2,018E+11;2;33;0;0;2;1;0;B01
2,018E+11;2;7;0;0;2;2;10;A01
2,018E+11;1;7;0;0;2;1;1;A01
2,018E+11;2;7;0;0;2;4;2;C01
2,018E+11;2;7;0;0;2;4;2;B01
2,018E+11;1;33;0;0;2;8;1;B01
2,018E+11;1;7;0;0;2;1;1;A01
2,018E+11;1;33;0;0;0;2;0;A01
2,018E+11;1;7;0;0;1;1;1;Z01
2,018E+11;1;3;0;0;2;1;1;B01
2,018E+11;2;7;0;0;2;2;9;A01
2,018E+11;1;7;0;0;2;7;1;A01
2,018E+11;1;7;0;0;2;1;18;Z01
2,018E+11;1;7;0;0;2;6;1;B01
2,018E+11;1;7;0;0;2;8;15;A01
2,018E+11;1;7;0;0;2;1;1;B01
2,018E+11;1;7;0;0;2;3;2;B01
2,018E+11;2;37;0;0;2;3;17;A01
2,018E+11;2;7;0;0;2;1;5;A01
2,018E+11;1;33;0;0;2;1;1;B01
2,018E+11;1;7;0;0;2;1;15;A01
2,018E+11;1;33;0;0;2;1;1;B01
2,018E+11;1;7;0;0;2;2;10;A01
2,018E+11;1;7;0;0;2;1;8;B01
2,018E+11;1;7;0;0;2;3;15;B01
2,018E+11;1;31;0;0;2;7;0;A01
2,018E+11;2;33;0;0;0;0;21;A01
2,018E+11;1;7;0;0;0;0;10;B01
2,018E+11;1;10;0;0;2;1;2;A01
2,018E+11;1;7;0;0;2;4;2;B01
2,018E+11;2;10;0;0;2;3;22;A01
2,018E+11;2;33;0;0;2;1;17;B01
2,018E+11;1;7;0;0;2;7;15;B01
2,018E+11;2;31;0;0;2;1;8;A01
2,018E+11;1;34;0;0;2;1;11;B01
2,018E+11;1;7;0;0;2;3;9;A01
2,018E+11;1;7;0;0;2;2;15;A01
2,018E+11;2;30;0;0;2;1;1;B01
2,018E+11;1;7;0;0;2;1;1;Z01
2,018E+11;1;33;0;0;2;1;0;A01
2,018E+11;1;30;0;0;2;1;1;A01
2,018E+11;2;7;0;0;2;3;1;B01
2,018E+11;2;7;0;0;2;0;15;Z01
2,018E+11;1;7;0;0;2;4;1;B01
2,018E+11;2;7;0;0;2;1;1;A01
2,018E+11;1;7;0;0;2;1;2;A01
2,018E+11;1;32;0;0;2;4;2;B01
2,018E+11;2;7;0;0;2;3;1;B01
2,018E+11;1;7;0;0;2;5;9;A01
2,018E+11;1;7;0;0;2;3;1;B01
2,018E+11;2;7;0;0;2;3;13;A01
2,018E+11;2;7;0;0;1;2;16;A01
2,018E+11;2;7;0;0;2;3;15;A01
2,018E+11;2;2;0;0;2;2;17;B01
2,018E+11;1;31;0;0;2;1;1;B01
2,018E+11;2;7;0;0;2;8;15;A01
2,018E+11;2;7;0;0;2;3;2;B01
2,018E+11;1;7;0;0;2;2;1;A01
2,018E+11;1;7;0;0;2;3;16;A01
2,018E+11;1;7;0;0;2;3;0;B01
2,018E+11;1;7;0;0;2;8;2;C01
2,018E+11;1;7;0;0;2;6;2;B01
2,018E+11;1;30;0;0;2;1;2;A01
2,018E+11;1;2;0;0;2;2;9;A01
2,018E+11;2;30;0;0;2;3;1;B01
2,018E+11;2;10;0;0;2;1;1;A01
2,018E+11;2;7;0;0;2;4;1;B01
2,018E+11;2;7;0;0;2;4;23;B01
2,018E+11;2;3;0;0;2;1;2;A01
2,018E+11;1;7;0;0;2;2;15;A01
2,018E+11;1;33;0;0;2;7;0;B01
2,018E+11;2;7;0;0;2;1;15;B01
2,018E+11;1;34;0;0;2;1;3;A01
2,018E+11;1;7;0;0;2;4;23;C01
2,018E+11;1;7;0;0;2;1;23;B01
2,018E+11;1;7;0;0;2;1;2;A01
2,018E+11;1;7;0;0;2;1;7;Z01
2,018E+11;1;1;0;0;2;1;19;B01
2,018E+11;1;33;0;0;2;1;2;A01
2,018E+11;1;7;0;0;2;6;2;B01
2,018E+11;2;7;0;0;1;2;17;A01
2,018E+11;1;7;0;0;2;1;24;A01
2,018E+11;2;30;0;0;2;1;2;B01
2,018E+11;1;30;0;0;2;8;2;A01
2,018E+11;1;7;0;0;2;2;1;B01
2,018E+11;1;7;0;0;2;1;19;B01
2,018E+11;2;7;0;0;2;1;19;A01
2,018E+11;2;7;0;0;1;1;1;A01
2,018E+11;2;7;0;0;2;3;15;A01
2,018E+11;1;10;0;0;2;2;12;Z01
2,018E+11;1;7;0;0;2;3;13;A01
2,018E+11;1;7;0;0;2;6;1;B01
2,018E+11;1;30;0;12;0;0;15;A01
2,018E+11;2;7;0;0;2;8;1;A01
2,018E+11;1;10;0;0;2;8;0;Z01
2,018E+11;1;33;0;0;1;1;0;A01
2,018E+11;2;34;0;0;2;1;21;B01
2,018E+11;2;7;0;0;2;4;2;A01
2,018E+11;1;7;0;0;1;1;9;A01
2,018E+11;1;7;0;0;2;2;15;Z01
2,018E+11;2;33;0;0;2;1;1;A01
2,018E+11;1;34;0;0;2;4;2;B01
2,018E+11;1;10;0;0;2;4;2;Z01
2,018E+11;1;32;0;0;2;1;21;B01
2,018E+11;2;7;0;0;2;1;15;A01
2,018E+11;2;7;0;0;0;7;1;A01
2,018E+11;2;7;0;0;2;7;15;Z01
2,018E+11;1;33;0;0;2;1;1;B01
2,018E+11;1;7;0;0;2;2;2;A01
2,018E+11;1;7;0;0;2;6;24;B01
2,018E+11;1;7;0;0;2;1;2;A01
2,018E+11;1;7;0;0;2;4;23;B01
2,018E+11;2;7;0;0;2;4;1;B01
2,018E+11;2;33;0;0;2;1;2;A01
2,018E+11;2;7;0;13;0;7;1;A01
2,018E+11;1;1;0;0;2;2;1;B01
2,018E+11;2;7;0;0;9;3;9;A01
2,018E+11;1;7;0;0;2;6;13;A01
2,018E+11;1;33;0;0;2;1;17;B01
2,018E+11;1;30;0;0;2;7;1;B01
2,018E+11;1;7;0;0;2;1;19;A01
2,018E+11;2;30;0;0;2;6;0;B01
2,018E+11;1;7;0;0;2;3;0;A01
2,018E+11;1;7;0;0;2;4;2;B01
2,018E+11;1;7;0;0;2;1;2;A01
2,018E+11;1;7;0;0;2;2;15;A01
2,018E+11;1;33;0;0;2;1;17;B01
2,018E+11;2;33;0;1;0;1;12;A01
2,018E+11;2;7;0;0;2;4;2;B01
2,018E+11;2;7;0;0;2;1;2;A01
2,018E+11;2;7;0;0;2;4;2;C01
2,018E+11;1;7;0;0;2;3;15;A01
2,018E+11;0;37;59;0;2;3;16;B01
2,018E+11;0;30;0;0;2;1;12;A01
2,018E+11;2;7;0;0;2;7;12;B01
2,018E+11;2;7;0;1;0;2;1;A01
2,018E+11;1;30;0;8;0;8;1;A01
2,018E+11;1;7;0;0;2;3;0;B01
2,018E+11;1;7;0;0;2;1;0;A01
2,018E+11;2;32;0;0;2;5;15;B01
2,018E+11;2;7;0;0;2;8;15;Z01
2,018E+11;2;7;0;1;0;2;1;A01
2,018E+11;2;7;0;0;2;3;10;B01
2,018E+11;2;2;0;0;2;1;17;A01
2,018E+11;2;10;0;0;2;1;13;B01
2,018E+11;1;37;0;0;2;3;1;A01
2,018E+11;2;7;0;0;6;3;2;A01
2,018E+11;2;1;0;0;2;4;2;B01
2,018E+11;1;37;15;0;2;3;1;A01
2,018E+11;1;14;0;0;2;2;14;Z01
2,018E+11;2;7;0;0;2;3;19;A01
2,018E+11;2;37;44;0;2;1;1;B01
2,018E+11;1;7;0;0;1;2;2;A01
2,018E+11;1;7;0;0;2;1;15;A01
2,018E+11;2;2;0;0;2;8;1;B01
2,018E+11;1;7;0;0;2;4;2;A01
2,018E+11;1;7;0;0;2;1;2;Z01
2,018E+11;1;34;0;0;0;8;23;A01
2,018E+11;1;7;0;0;2;3;9;Z01
2,018E+11;1;34;0;0;2;3;1;B01
2,018E+11;1;7;0;0;2;7;1;Z01
2,018E+11;1;31;0;0;2;1;1;B01
2,018E+11;1;7;0;0;2;1;2;Z01
2,018E+11;1;7;0;0;2;4;23;B01
2,018E+11;2;10;0;0;2;4;4;Z01
2,018E+11;2;34;0;0;2;1;23;B01
2,018E+11;1;1;0;0;2;8;21;A01
2,018E+11;2;7;0;0;2;6;1;B01
2,018E+11;1;7;0;0;1;2;1;A01
2,018E+11;1;7;0;0;2;7;23;B01
2,018E+11;1;2;0;0;2;7;21;A01
2,018E+11;0;1;0;0;2;8;2;B01
2,018E+11;0;15;0;0;2;7;9;A01
2,018E+11;1;7;0;0;1;3;1;A01
2,018E+11;2;7;0;0;2;6;1;B01
2,018E+11;2;7;0;0;2;1;1;A01
2,018E+11;1;2;0;0;2;1;1;B01
2,018E+11;2;7;0;0;2;2;15;Z01
2,018E+11;2;99;0;0;2;0;0;Z01
2,018E+11;1;32;0;0;2;0;0;A01
2,018E+11;1;7;0;0;1;2;0;A01
2,018E+11;1;99;0;0;0;0;0;Z01
2,018E+11;1;7;0;0;2;6;2;A01
2,018E+11;2;7;0;0;2;0;2;Z01
2,018E+11;1;7;0;0;2;8;15;B01
2,018E+11;1;7;0;8;2;1;17;A01
2,018E+11;2;10;0;0;2;3;2;B01
2,018E+11;1;7;0;0;2;3;2;A01
2,018E+11;2;33;0;1;0;3;1;A01
2,018E+11;2;7;0;0;2;3;10;A01
2,018E+11;2;32;0;0;2;1;2;B01
2,018E+11;1;2;0;1;2;3;18;A01
2,018E+11;1;10;0;0;2;5;1;B01
2,018E+11;1;1;0;0;2;7;2;A01
2,018E+11;1;7;0;0;2;8;0;Z01
2,018E+11;1;7;0;0;2;6;1;A01
2,018E+11;1;7;0;0;2;1;1;B01
2,018E+11;1;7;0;0;2;0;21;C01
2,018E+11;2;34;0;0;2;1;3;A01
2,018E+11;2;7;0;0;2;6;2;B01
2,018E+11;2;1;0;0;1;1;3;A01
2,018E+11;1;7;0;0;2;2;2;B01
2,018E+11;2;7;0;1;0;3;9;A01
2,018E+11;2;7;0;0;1;3;1;A01
2,018E+11;2;7;0;0;2;4;2;B01
2,018E+11;2;30;0;0;2;1;2;A01
2,018E+11;2;33;0;0;1;1;2;A01
2,018E+11;1;7;0;0;2;3;15;B01
2,018E+11;1;32;0;0;2;1;1;A01
2,018E+11;1;7;0;1;1;3;14;A01
2,018E+11;2;7;0;0;2;1;0;A01
2,018E+11;1;13;0;0;2;4;23;B01
2,018E+11;1;7;0;1;2;8;9;A01
2,018E+11;1;7;0;1;2;1;1;B01
2,018E+11;2;7;0;0;2;1;1;A01
2,018E+11;2;7;0;0;2;4;23;B01
2,018E+11;2;7;0;0;2;5;2;B01
2,018E+11;2;7;0;0;2;1;2;A01
2,018E+11;1;7;0;0;2;4;23;B01
2,018E+11;1;10;0;0;2;6;16;C01
2,018E+11;1;7;0;0;2;1;2;A01
2,018E+11;0;10;0;6;0;2;1;A01
2,018E+11;2;7;0;1;0;1;19;A01
2,018E+11;0;7;0;0;2;1;19;B01
2,018E+11;1;7;0;6;0;1;1;A01
2,018E+11;1;7;0;0;1;3;21;A01
2,018E+11;2;37;45;0;2;2;7;B01
2,018E+11;2;7;0;0;2;3;15;A01
2,018E+11;2;7;0;0;2;8;10;Z01
2,018E+11;2;32;0;0;2;1;17;B01
2,018E+11;0;7;0;0;2;8;2;B01
2,018E+11;0;7;0;0;2;1;13;A01
2,018E+11;1;7;0;0;1;5;1;A01
2,018E+11;2;7;0;0;2;6;15;B01
2,018E+11;2;30;0;0;2;1;17;A01
2,018E+11;2;3;0;0;2;3;15;A01
2,018E+11;2;2;0;0;2;1;1;B01
2,018E+11;1;10;0;2;0;1;1;A01
2,018E+11;2;10;0;0;2;5;1;A01
2,018E+11;2;32;0;0;2;1;1;B01
2,018E+11;1;7;0;0;2;1;0;A01
2,018E+11;1;33;0;0;2;4;0;B01
2,018E+11;2;2;0;0;2;1;1;B01
2,018E+11;2;7;0;0;2;8;19;A01
2,018E+11;1;7;0;0;2;0;15;Z01
2,018E+11;2;2;0;0;2;1;1;B01
2,018E+11;2;37;20;0;2;3;1;B01
2,018E+11;2;7;0;0;2;2;15;A01
2,018E+11;2;7;0;0;2;5;1;C01
2,018E+11;1;13;0;0;2;1;0;A01
2,018E+11;1;7;0;0;2;6;19;B01
2,018E+11;1;2;0;0;2;1;1;B01
2,018E+11;1;7;0;0;2;2;1;A01
2,018E+11;1;10;0;0;2;1;15;A01
2,018E+11;2;30;0;0;2;1;1;B01
2,018E+11;1;7;0;0;2;1;2;Z01
2,018E+11;2;7;0;0;2;4;2;B01
2,018E+11;1;7;0;0;2;1;19;A01
2,018E+11;1;30;0;0;2;1;19;B01
2,018E+11;2;7;0;0;1;1;1;A01
2,018E+11;1;7;0;8;0;8;2;B01
2,018E+11;1;7;0;0;2;8;15;A01
2,018E+11;0;7;0;0;2;4;15;B01
2,018E+11;0;2;0;0;2;1;2;A01
2,018E+11;2;7;0;0;2;4;2;B01
2,018E+11;1;7;0;0;2;1;2;A01
2,018E+11;1;7;0;0;1;3;15;A01
2,018E+11;2;7;0;0;2;6;2;B01
2,018E+11;2;30;0;0;2;1;2;A01
2,018E+11;1;15;0;0;2;6;1;B01
2,018E+11;1;15;0;0;2;1;13;A01
2,018E+11;2;37;44;0;2;3;1;C01
2,018E+11;2;7;0;0;2;8;1;B01
2,018E+11;1;30;0;0;2;1;19;A01
2,018E+11;2;7;0;0;2;1;5;Z01
2,018E+11;1;32;0;0;2;1;1;A01
2,018E+11;2;7;0;0;2;2;15;A01
2,018E+11;1;34;0;0;2;1;1;B01
2,018E+11;0;7;0;0;2;8;15;B01
2,018E+11;0;2;0;0;2;1;17;A01
2,018E+11;2;34;0;12;0;1;0;A01
2,018E+11;2;7;0;0;2;0;0;Z01