Num_Acc;senc;catv;occutc;obs;obsm;choc;manv;num_veh
2,018E+11;2;7;0;0;2;3;24;A01
2,018E+11;2;7;0;0;2;2;17;B01
2,018E+11;2;10;0;0;2;3;15;A01
2,018E+11;0;7;0;0;2;7;11;A01
2,018E+11;2;2;0;0;2;1;1;B01
2,018E+11;2;7;0;0;2;0;9;Z01
2,018E+11;1;30;0;0;2;1;0;B01
2,018E+11;2;7;0;0;2;1;1;Z01
2,018E+11;1;7;0;0;2;7;15;B01
2,018E+11;1;7;0;1;2;1;1;A01
2,018E+11;1;7;0;0;2;4;1;B01
2,018E+11;1;7;0;0;1;1;1;A01
2,018E+11;1;30;0;0;2;3;2;B01
2,018E+11;1;7;0;0;2;2;2;A01
2,018E+11;1;31;0;0;2;1;9;Z01
2,018E+11;1;10;0;11;2;0;16;A01
2,018E+11;1;7;0;0;2;1;1;A01
2,018E+11;2;7;0;0;2;5;1;B01
2,018E+11;1;7;0;0;2;8;0;B01
2,018E+11;2;7;0;0;2;2;0;A01
2,018E+11;0;33;0;0;2;5;0;B01
2,018E+11;2;7;0;0;2;1;0;A01
2,018E+11;2;7;0;0;2;1;2;A01
2,018E+11;2;10;0;8;2;4;2;B01
2,018E+11;2;33;0;0;2;1;1;B01
2,018E+11;1;7;0;0;2;1;9;A01
2,018E+11;0;7;0;0;2;5;9;B01
2,018E+11;0;7;0;0;2;3;1;A01
2,018E+11;1;33;0;0;1;1;1;A01
2,018E+11;1;7;0;0;2;2;16;B01
2,018E+11;1;34;0;1;2;1;7;A01
2,018E+11;2;7;0;0;2;3;13;A01
2,018E+11;1;7;0;8;2;8;1;B01
2,018E+11;1;33;0;0;1;1;1;A01
2,018E+11;2;7;0;2;0;0;0;A01
2,018E+11;2;7;0;0;2;0;0;B01
2,018E+11;2;7;0;0;2;2;8;A01
2,018E+11;0;32;0;0;0;0;0;B01
2,018E+11;1;10;0;0;2;1;15;A01
2,018E+11;2;7;0;12;0;7;1;A01
2,018E+11;1;7;0;0;2;3;0;B01
2,018E+11;1;15;0;0;2;1;10;A01
2,018E+11;2;7;0;0;2;3;15;A01
2,018E+11;2;33;0;1;2;1;17;B01
2,018E+11;1;7;0;0;1;4;2;A01
2,018E+11;2;7;0;0;2;3;9;B01
2,018E+11;1;30;0;0;2;1;3;A01
2,018E+11;2;7;0;0;2;3;2;A01
2,018E+11;2;7;0;0;2;6;2;B01
2,018E+11;1;33;0;0;2;1;1;B01
2,018E+11;1;7;0;0;2;8;13;A01
2,018E+11;2;13;0;0;2;3;20;B01
2,018E+11;2;7;0;0;2;2;2;A01
2,018E+11;2;7;0;0;2;7;12;A01
2,018E+11;2;32;0;0;2;8;18;B01
2,018E+11;0;7;0;0;2;0;0;Z01
2,018E+11;0;30;0;0;2;5;2;A01
2,018E+11;2;7;0;6;0;1;13;A01
2,018E+11;2;30;0;0;2;1;1;B01
2,018E+11;0;7;0;0;2;3;15;A01
2,018E+11;2;1;0;0;2;1;5;A01
2,018E+11;1;32;0;0;2;1;2;B01
2,018E+11;1;7;0;0;1;2;1;A01
2,018E+11;2;33;0;0;2;1;1;B01
2,018E+11;1;7;0;0;2;7;15;A01
2,018E+11;0;33;0;0;2;0;0;B01
2,018E+11;1;7;0;0;2;0;0;A01
2,018E+11;1;7;0;0;2;2;2;A01
2,018E+11;1;7;0;0;2;8;15;B01
2,018E+11;1;7;0;0;2;1;2;A01
2,018E+11;1;7;0;0;2;4;2;B01
2,018E+11;1;33;0;0;2;0;13;A01
2,018E+11;1;7;0;0;2;3;15;B01
2,018E+11;1;30;0;1;0;1;2;A01
2,018E+11;1;7;0;0;2;0;23;B01
2,018E+11;2;7;0;0;2;3;1;B01
2,018E+11;2;14;0;0;2;2;14;A01
2,018E+11;1;7;0;0;2;0;0;Z01
2,018E+11;1;34;0;0;2;3;1;B01
2,018E+11;1;7;0;0;1;0;1;Z01
2,018E+11;1;7;0;0;2;8;1;B01
2,018E+11;2;7;0;0;2;8;1;A01
2,018E+11;0;34;0;0;2;1;1;B01
2,018E+11;0;7;0;0;2;1;15;A01
2,018E+11;0;7;0;0;2;1;9;A01
2,018E+11;0;1;0;0;2;4;1;B01
2,018E+11;1;7;0;0;2;1;2;A01
2,018E+11;1;7;0;0;2;4;2;B01
2,018E+11;1;7;0;0;1;2;1;A01
2,018E+11;1;1;0;4;0;0;21;A01
2,018E+11;2;10;0;0;2;6;2;B01
2,018E+11;2;30;0;0;2;1;1;A01
2,018E+11;1;7;0;0;2;2;1;B01
2,018E+11;1;7;0;0;2;1;15;A01
2,018E+11;1;7;0;0;1;6;20;Z01
2,018E+11;1;1;0;0;2;1;9;B01
2,018E+11;1;7;0;0;6;7;9;A01
2,018E+11;1;7;0;0;2;5;12;Z01
2,018E+11;1;33;0;0;2;1;14;B01
2,018E+11;2;34;0;0;2;4;2;B01
2,018E+11;2;7;0;0;2;6;2;C01
2,018E+11;2;7;0;0;2;1;2;A01
2,018E+11;1;32;0;0;2;2;17;A01
2,018E+11;2;7;0;0;2;3;9;B01
2,018E+11;2;33;0;0;2;3;0;B01
2,018E+11;2;7;0;0;2;7;11;A01
2,018E+11;0;7;0;0;1;1;0;A01
2,018E+11;1;7;0;0;1;1;7;A01
2,018E+11;1;30;0;0;2;1;1;A01
2,018E+11;2;7;0;0;2;3;1;B01
2,018E+11;2;7;0;0;2;7;1;A01
2,018E+11;2;7;0;0;2;1;16;Z01
2,018E+11;2;34;0;0;2;1;5;B01
2,018E+11;1;7;0;0;2;2;5;A01
2,018E+11;2;7;0;4;0;1;1;A01
2,018E+11;2;7;0;0;2;2;9;A01
2,018E+11;1;7;0;0;2;6;1;B01
2,018E+11;1;7;0;0;2;4;23;B01
2,018E+11;1;7;0;0;2;1;23;A01
2,018E+11;0;30;0;15;0;2;1;A01
2,018E+11;1;7;0;0;2;8;15;A01
2,018E+11;1;32;0;0;2;1;17;B01
2,018E+11;1;7;0;0;2;4;1;A01
2,018E+11;1;33;0;0;2;4;2;B01
2,018E+11;1;10;0;0;1;1;1;Z01
2,018E+11;0;2;0;0;1;0;0;Z01
2,018E+11;1;2;0;0;2;1;1;B01
2,018E+11;1;7;0;0;2;1;15;A01
2,018E+11;0;7;0;0;2;1;9;Z01
2,018E+11;0;7;0;0;2;3;1;B01
2,018E+11;2;7;0;0;2;1;1;B01
2,018E+11;2;7;0;0;2;8;1;A01
2,018E+11;2;33;0;0;1;1;1;A01
2,018E+11;1;7;0;1;0;3;1;A01
2,018E+11;1;7;0;0;2;2;14;A01
2,018E+11;2;2;0;0;2;3;1;B01
2,018E+11;1;34;0;0;2;0;0;B01
2,018E+11;1;32;0;0;2;1;1;A01
2,018E+11;1;2;0;0;2;3;16;B01
2,018E+11;1;7;0;0;2;2;16;Z01
2,018E+11;2;7;0;0;2;3;10;A01
2,018E+11;2;32;0;0;2;1;1;B01
2,018E+11;1;7;0;0;2;8;15;A01
2,018E+11;1;33;0;0;2;1;1;B01
2,018E+11;1;7;0;0;2;1;1;B01
2,018E+11;1;7;0;0;2;8;13;A01
2,018E+11;2;33;0;3;0;0;1;A01
2,018E+11;2;30;0;0;2;1;2;B01
2,018E+11;2;7;0;0;2;3;15;A01
2,018E+11;2;13;0;1;2;4;2;A01
2,018E+11;2;7;0;1;2;4;2;B01
2,018E+11;2;10;0;0;2;1;15;A01
2,018E+11;2;10;0;0;2;3;1;B01
2,018E+11;1;7;0;0;1;1;1;Z01
2,018E+11;1;30;0;0;0;0;16;A01
2,018E+11;1;7;0;0;2;1;19;Z01
2,018E+11;1;33;0;0;2;8;0;B01
2,018E+11;1;7;0;15;0;2;0;A01
2,018E+11;1;7;0;0;2;3;1;B01
2,018E+11;2;7;0;1;2;3;0;A01
2,018E+11;1;10;0;0;2;8;1;C01
2,018E+11;2;7;0;0;2;1;1;A01
2,018E+11;1;1;0;0;2;1;1;B01
2,018E+11;1;7;0;0;2;2;1;B01
2,018E+11;0;7;0;0;2;3;9;A01
2,018E+11;1;7;0;1;0;1;1;A01
2,018E+11;2;7;0;0;2;2;2;A01
2,018E+11;2;7;0;0;2;3;1;B01
2,018E+11;1;32;0;0;1;1;11;A01
2,018E+11;2;33;0;0;2;1;1;A01
2,018E+11;0;10;0;0;2;5;15;A01
2,018E+11;0;30;0;0;2;1;1;B01
2,018E+11;0;7;0;0;1;1;1;A01
2,018E+11;1;32;0;0;2;1;1;B01
2,018E+11;2;10;0;0;2;1;15;A01
2,018E+11;1;32;0;0;0;0;0;A01
2,018E+11;1;32;0;0;0;8;21;A01
2,018E+11;2;7;0;0;1;3;15;A01
2,018E+11;0;7;0;0;2;1;1;B01
2,018E+11;0;7;0;0;2;1;1;A01
2,018E+11;0;7;0;0;6;1;19;A01
2,018E+11;0;34;0;0;2;1;19;B01
2,018E+11;2;7;0;1;0;7;14;B01
2,018E+11;0;7;0;1;2;6;23;C01
2,018E+11;1;7;0;0;2;0;0;Z01
2,018E+11;1;7;0;0;0;0;24;C01
2,018E+11;1;30;0;1;2;3;11;A01
2,018E+11;1;7;0;0;2;2;1;B01
2,018E+11;1;7;0;0;1;1;1;A01
2,018E+11;0;10;0;11;0;1;1;A01
2,018E+11;1;7;0;0;2;3;2;B01
2,018E+11;2;7;0;0;2;1;23;C01
2,018E+11;1;2;0;0;2;1;2;A01
2,018E+11;0;7;0;0;2;0;0;B01
2,018E+11;0;7;0;0;2;3;13;Z01
2,018E+11;1;7;0;0;2;2;2;A01
2,018E+11;2;33;0;0;2;3;2;B01
2,018E+11;2;7;0;0;2;2;1;Z01
2,018E+11;2;7;0;1;2;3;1;B01
2,018E+11;1;7;0;0;2;2;15;Z01
2,018E+11;0;7;0;0;2;1;2;B01
2,018E+11;1;13;0;0;1;1;1;A01
2,018E+11;2;33;0;0;2;1;1;B01
2,018E+11;1;7;0;0;2;2;15;A01
2,018E+11;1;7;0;0;2;6;1;B01
2,018E+11;2;7;0;0;2;1;13;A01
2,018E+11;0;10;0;1;1;4;4;A01
2,018E+11;2;7;0;0;2;8;15;B01
2,018E+11;2;30;0;0;2;1;17;A01
2,018E+11;0;7;0;0;2;3;15;A01
2,018E+11;0;2;0;0;2;1;17;B01
2,018E+11;0;30;0;0;1;1;1;Z01
2,018E+11;1;32;0;0;1;1;1;A01
2,018E+11;1;7;0;0;2;2;1;B01
2,018E+11;1;30;0;0;2;1;16;A01
2,018E+11;2;7;0;0;2;1;2;A01
2,018E+11;2;2;0;0;2;4;3;B01
2,018E+11;2;7;0;0;2;5;23;B01
2,018E+11;2;32;0;0;2;1;2;A01
2,018E+11;2;7;0;0;2;2;19;A01
2,018E+11;2;7;0;0;2;3;1;B01
2,018E+11;0;7;0;0;2;7;1;B01
2,018E+11;0;7;0;0;2;3;0;A01
2,018E+11;0;2;0;0;2;4;2;B01
2,018E+11;2;7;0;0;2;1;2;A01
2,018E+11;1;1;0;0;2;1;0;A01
2,018E+11;1;7;0;0;2;2;16;B01
2,018E+11;1;40;3;0;2;8;1;B01
2,018E+11;1;7;0;0;4;1;1;A01
2,018E+11;1;30;0;0;0;6;1;A01
2,018E+11;1;31;0;1;2;8;1;B01
2,018E+11;2;7;0;0;2;1;10;A01
2,018E+11;1;7;0;0;2;1;13;A01
2,018E+11;2;32;0;0;2;1;1;B01
2,018E+11;1;32;0;0;2;1;0;B01
2,018E+11;2;7;0;0;2;2;15;A01
2,018E+11;1;30;0;0;2;1;0;A01
2,018E+11;1;7;0;0;2;6;20;B01
2,018E+11;2;7;0;0;2;3;1;A01
2,018E+11;2;2;0;0;2;6;15;B01
2,018E+11;1;31;0;0;2;7;15;B01
2,018E+11;1;7;0;0;2;3;15;A01
2,018E+11;1;7;0;0;2;1;0;A01
2,018E+11;1;7;0;0;2;4;23;C01
2,018E+11;1;7;0;0;2;4;23;B01
2,018E+11;1;7;0;0;2;1;2;A01
2,018E+11;1;7;0;1;0;4;2;B01
2,018E+11;1;7;0;0;2;2;0;A01
2,018E+11;1;31;0;0;2;0;0;B01
2,018E+11;1;10;0;0;2;6;1;B01
2,018E+11;1;7;0;0;2;1;2;A01
2,018E+11;2;10;0;0;2;5;15;A01
2,018E+11;1;33;0;0;2;7;1;B01
2,018E+11;2;10;0;0;2;1;1;C01
2,018E+11;1;7;0;1;2;2;1;A01
2,018E+11;2;7;0;0;2;3;1;B01
2,018E+11;2;7;0;0;2;1;1;B01
2,018E+11;1;13;0;0;2;1;15;A01
2,018E+11;2;34;0;0;2;7;0;B01
2,018E+11;1;7;0;1;2;3;17;A01
2,018E+11;0;31;0;0;1;1;1;B01
2,018E+11;1;31;0;0;1;1;0;Z01
2,018E+11;1;7;0;0;2;1;1;B01
2,018E+11;2;7;0;0;2;1;5;A01
2,018E+11;2;7;0;0;2;2;14;A01
2,018E+11;2;7;0;0;2;3;1;B01
2,018E+11;2;20;0;0;1;0;0;Z01
2,018E+11;1;7;0;0;2;3;15;A01
2,018E+11;1;31;0;0;2;1;1;B01
2,018E+11;1;32;0;0;2;7;2;B01
2,018E+11;1;7;0;0;2;8;15;A01
2,018E+11;1;30;0;0;2;7;16;A01
2,018E+11;1;30;0;0;2;1;18;Z01
2,018E+11;1;7;0;0;2;6;20;B01
2,018E+11;1;7;0;0;2;2;2;A01
2,018E+11;0;7;0;0;2;1;13;A01
2,018E+11;0;7;0;0;2;1;1;B01
2,018E+11;2;30;0;0;0;1;1;A01
2,018E+11;2;34;0;0;2;4;15;B01
2,018E+11;2;34;0;0;2;7;1;A01
2,018E+11;0;7;0;0;2;3;15;A01
2,018E+11;2;32;0;0;2;1;21;B01
2,018E+11;1;7;0;0;1;3;15;A01
2,018E+11;2;10;0;0;2;3;9;A01
2,018E+11;1;32;0;0;2;1;0;B01
2,018E+11;1;10;0;0;2;3;15;A01
2,018E+11;2;7;0;0;2;1;1;B01
2,018E+11;2;7;0;1;1;1;20;A01
2,018E+11;0;7;0;0;2;8;1;B01
2,018E+11;0;7;0;0;2;1;1;A01
2,018E+11;1;7;0;0;1;0;1;A01
2,018E+11;1;7;0;0;2;1;2;A01
2,018E+11;1;7;0;14;2;0;2;B01
2,018E+11;1;7;0;0;1;4;20;A01
2,018E+11;2;7;0;0;2;1;1;B01
2,018E+11;1;7;0;0;2;7;15;A01
2,018E+11;0;7;0;0;2;4;1;D01
2,018E+11;0;7;0;0;2;4;11;B01
2,018E+11;0;7;0;0;2;4;1;C01
2,018E+11;0;13;0;0;2;1;1;A01
2,018E+11;2;32;0;0;2;1;1;A01
2,018E+11;2;7;0;0;2;4;1;B01
2,018E+11;0;7;0;1;0;3;2;A01
2,018E+11;0;7;0;0;2;5;2;B01
2,018E+11;0;20;0;0;1;5;1;A01
2,018E+11;0;34;0;0;0;0;0;A01
2,018E+11;1;33;0;0;2;1;0;B01
2,018E+11;2;7;0;0;2;3;15;A01
2,018E+11;1;7;0;1;0;1;14;A01
2,018E+11;2;7;0;8;2;2;15;A01
2,018E+11;1;33;0;0;2;1;10;B01
2,018E+11;1;30;0;10;0;7;1;B01
2,018E+11;1;7;0;0;0;0;19;A01
2,018E+11;1;7;0;0;1;0;1;Z01
2,018E+11;2;7;0;0;2;2;20;B01
2,018E+11;2;34;0;0;2;1;2;A01
2,018E+11;;7;0;;;;;A01
2,018E+11;;34;0;;;;;B01
2,018E+11;0;3;0;0;2;1;2;A01
2,018E+11;0;7;0;0;2;4;2;B01
2,018E+11;1;7;0;0;2;2;1;B01
2,018E+11;2;7;0;0;2;3;15;A01
2,018E+11;2;7;0;0;2;3;20;A01
2,018E+11;2;7;0;0;2;2;1;B01
2,018E+11;0;30;0;0;0;0;0;A01
2,018E+11;1;7;0;0;2;4;2;B01
2,018E+11;1;7;0;0;2;1;2;A01
2,018E+11;2;7;0;0;1;1;1;A01
2,018E+11;1;7;0;0;2;1;2;A01
2,018E+11;1;7;0;0;2;4;2;C01
2,018E+11;1;7;0;0;2;4;2;B01
2,018E+11;1;10;0;13;0;1;13;A01
2,018E+11;1;7;0;0;2;8;15;A01
2,018E+11;1;31;0;0;2;1;1;B01
2,018E+11;0;7;0;0;1;0;0;A01
2,018E+11;2;10;0;0;2;2;2;A01
2,018E+11;2;7;0;0;2;6;1;B01
2,018E+11;1;34;0;14;0;0;0;A01
2,018E+11;1;7;0;0;2;0;0;B01
2,018E+11;1;2;0;0;2;1;17;B01
2,018E+11;1;7;0;0;2;7;0;A01
2,018E+11;1;33;0;0;2;1;1;B01
2,018E+11;2;7;0;0;2;3;15;A01
2,018E+11;0;2;0;0;2;3;1;B01
2,018E+11;0;7;0;0;2;0;14;A01
2,018E+11;1;31;0;0;0;0;2;A01
2,018E+11;0;33;0;0;0;0;0;A01
2,018E+11;1;7;0;0;0;1;21;A01
2,018E+11;0;33;0;4;0;1;21;A01
2,018E+11;0;33;0;0;2;1;1;B01
2,018E+11;0;30;0;0;2;1;11;A01
2,018E+11;1;32;0;0;2;4;23;B01
2,018E+11;1;3;0;0;2;1;2;A01
2,018E+11;0;7;0;0;2;1;1;A01
2,018E+11;0;7;0;0;2;7;15;B01
2,018E+11;1;7;0;0;2;2;15;A01
2,018E+11;1;37;16;0;2;3;1;B01
2,018E+11;1;7;0;1;1;1;0;Z01
2,018E+11;0;35;0;1;2;1;0;A01
2,018E+11;2;10;0;0;1;0;0;A01
2,018E+11;0;34;0;0;0;0;0;B01
2,018E+11;1;7;0;0;2;1;1;B01
2,018E+11;1;30;0;0;2;7;19;A01
2,018E+11;1;7;0;0;1;2;15;A01
2,018E+11;2;7;0;0;2;3;1;B01
2,018E+11;1;7;0;0;2;3;13;A01
2,018E+11;1;7;0;8;0;1;19;A01
2,018E+11;0;10;0;0;2;3;13;Z01
2,018E+11;1;10;0;0;2;3;1;A01
2,018E+11;2;32;0;0;2;2;1;A01
2,018E+11;2;10;0;0;2;5;1;B01
2,018E+11;2;10;0;0;2;0;0;Z01
2,018E+11;1;7;0;0;0;0;24;B01
2,018E+11;1;7;0;0;2;0;0;A01
2,018E+11;1;7;0;0;2;0;0;B01
2,018E+11;2;10;0;0;2;1;2;Z01
2,018E+11;2;7;0;0;2;4;23;B01
2,018E+11;2;7;0;0;1;1;2;A01
2,018E+11;2;7;0;0;1;1;1;A01
2,018E+11;1;7;0;0;2;4;2;Z01
2,018E+11;1;7;0;0;2;1;2;A01
2,018E+11;1;10;0;0;1;1;15;Z01
2,018E+11;2;7;0;0;2;3;1;A01
2,018E+11;2;7;0;0;2;7;16;B01
2,018E+11;1;2;0;0;2;4;2;B01
2,018E+11;0;99;0;0;2;1;2;Z01
2,018E+11;2;30;0;0;0;0;21;A01
2,018E+11;2;32;0;0;0;0;21;A01
2,018E+11;0;7;0;0;2;1;1;B01
2,018E+11;0;7;0;0;2;1;13;A01
2,018E+11;2;7;0;0;2;7;15;A01
2,018E+11;1;32;0;0;2;1;1;B01
2,018E+11;2;33;0;0;2;0;1;B01
2,018E+11;1;7;0;0;2;0;0;Z01
2,018E+11;0;7;0;0;1;3;0;A01
2,018E+11;1;30;0;0;2;7;1;A01
2,018E+11;2;99;0;0;2;1;15;Z01
2,018E+11;1;10;0;0;2;3;15;A01
2,018E+11;2;2;0;0;2;3;0;B01
2,018E+11;1;10;0;0;2;6;15;C01
2,018E+11;1;7;0;0;2;1;1;A01
2,018E+11;1;7;0;0;2;4;15;B01
2,018E+11;0;7;0;0;1;0;0;A01
2,018E+11;1;7;0;0;2;4;9;C01
2,018E+11;1;7;0;0;2;9;2;B01
2,018E+11;1;7;0;0;2;1;2;A01
2,018E+11;0;7;0;0;1;2;9;A01
2,018E+11;2;33;0;1;2;1;2;B01
2,018E+11;1;7;0;0;2;3;15;A01
2,018E+11;0;7;0;0;2;1;13;B01
2,018E+11;1;99;0;0;2;3;0;A01
2,018E+11;2;7;0;0;0;3;13;A01
2,018E+11;1;10;0;0;2;2;15;A01
2,018E+11;2;30;0;0;2;1;1;B01
2,018E+11;0;7;0;0;2;4;15;B01
2,018E+11;0;14;0;0;2;1;1;A01
2,018E+11;1;10;0;0;2;8;15;A01
2,018E+11;1;32;0;0;2;1;15;B01
2,018E+11;1;7;0;0;2;5;14;A01
2,018E+11;1;1;0;0;2;1;1;B01
2,018E+11;2;7;0;0;2;7;1;B01
2,018E+11;2;10;0;0;2;2;15;A01
2,018E+11;0;7;0;0;2;5;2;B01
2,018E+11;0;7;0;0;2;2;2;A01
2,018E+11;1;1;0;0;2;4;13;B01
2,018E+11;1;32;0;0;2;1;1;A01
2,018E+11;0;32;0;0;1;2;17;A01
2,018E+11;0;30;0;0;1;0;0;A01
2,018E+11;0;99;0;0;1;0;0;Z01
2,018E+11;0;7;0;0;2;3;2;B01
2,018E+11;0;30;0;8;1;1;13;A01
2,018E+11;2;7;0;0;1;1;15;A01
2,018E+11;0;7;0;0;2;3;23;B01
2,018E+11;0;30;0;0;2;0;0;A01
2,018E+11;0;2;0;0;2;1;1;B01
2,018E+11;1;7;0;0;2;7;15;A01
2,018E+11;0;30;0;0;1;1;1;A01
2,018E+11;1;7;0;0;2;8;22;A01
2,018E+11;1;32;0;1;0;7;1;B01
2,018E+11;2;30;0;0;2;0;19;A01
2,018E+11;1;7;0;0;6;0;0;B01
2,018E+11;0;15;0;0;2;8;1;A01
2,018E+11;0;15;0;0;2;1;1;B01
2,018E+11;0;15;0;0;2;7;17;Z01
2,018E+11;2;7;0;0;2;7;1;B01
2,018E+11;2;10;0;0;2;6;4;A01
2,018E+11;1;7;0;0;2;2;1;A01
2,018E+11;2;7;0;0;2;1;15;B01
2,018E+11;2;7;0;0;1;1;1;A01
2,018E+11;0;7;0;13;0;2;1;A01
2,018E+11;0;10;0;0;2;7;1;B01
2,018E+11;0;7;0;0;2;8;9;A01
2,018E+11;2;14;0;0;1;8;1;A01
2,018E+11;0;7;0;0;1;1;0;Z01
2,018E+11;1;33;0;0;1;0;0;A01
2,018E+11;0;33;0;0;2;3;1;B01
2,018E+11;0;10;0;0;2;2;14;A01
2,018E+11;0;7;0;0;2;3;20;A01
2,018E+11;1;2;0;1;2;1;1;B01
2,018E+11;1;30;0;0;1;2;1;A01
2,018E+11;1;7;0;0;2;4;2;B01
2,018E+11;1;7;0;0;2;1;2;A01
2,018E+11;0;33;0;0;2;1;1;B01
2,018E+11;0;7;0;0;2;3;15;A01
2,018E+11;1;3;0;0;2;4;1;A01
2,018E+11;1;7;0;0;2;1;1;B01
2,018E+11;2;3;0;0;2;6;1;B01
2,018E+11;1;7;0;0;2;3;13;A01
2,018E+11;2;7;0;0;2;3;1;C01
2,018E+11;2;7;0;0;2;4;2;A01
2,018E+11;2;2;0;0;2;1;2;B01
2,018E+11;2;7;0;0;1;2;1;A01
2,018E+11;0;32;0;0;2;1;14;A01
2,018E+11;0;7;0;0;2;3;9;B01
2,018E+11;0;10;0;0;2;3;15;A01
2,018E+11;2;34;0;0;2;1;1;B01
2,018E+11;0;7;0;0;2;1;2;B01
2,018E+11;0;7;0;0;2;4;9;A01
2,018E+11;1;2;0;0;2;2;1;B01
2,018E+11;1;7;0;0;2;3;1;A01
2,018E+11;2;7;0;0;1;1;1;A01
2,018E+11;1;7;0;0;2;1;2;A01
2,018E+11;1;7;0;0;2;4;1;C01
2,018E+11;1;7;0;0;2;4;2;B01
2,018E+11;2;7;0;0;1;1;1;A01
2,018E+11;0;37;11;0;1;2;1;A01
2,018E+11;0;2;0;0;1;1;1;A01
2,018E+11;1;7;0;0;0;0;0;Z01
2,018E+11;1;7;0;0;2;2;2;A01
2,018E+11;1;30;0;0;2;1;0;A01
2,018E+11;1;34;0;0;2;7;1;B01
2,018E+11;1;30;0;0;2;1;1;B01
2,018E+11;1;7;0;0;2;2;22;A01
2,018E+11;2;7;0;0;2;4;23;B01
2,018E+11;2;10;0;1;0;1;2;A01
2,018E+11;0;32;0;0;2;7;21;A01
2,018E+11;2;1;0;0;2;0;0;B01
2,018E+11;2;7;0;0;6;0;0;A01
2,018E+11;1;7;0;0;2;1;2;A01
2,018E+11;1;32;0;0;2;4;2;B01
2,018E+11;2;10;0;0;2;4;0;B01
2,018E+11;2;10;0;0;2;1;2;A01
2,018E+11;1;33;0;4;0;9;14;A01
2,018E+11;1;10;0;8;0;1;0;A01
2,018E+11;2;99;0;0;2;4;1;B01
2,018E+11;2;30;0;0;2;1;1;A01
2,018E+11;0;7;0;0;2;3;0;B01
2,018E+11;0;7;0;0;2;3;0;A01
2,018E+11;1;7;0;0;2;5;16;A01
2,018E+11;1;7;0;0;2;1;1;Z01
2,018E+11;2;7;0;0;2;1;9;A01
2,018E+11;0;32;0;0;2;7;1;B01
2,018E+11;0;33;0;0;1;1;17;Z01
2,018E+11;0;31;0;0;0;7;21;A01
2,018E+11;1;34;0;4;0;1;1;A01
2,018E+11;1;7;0;0;2;4;2;A01
2,018E+11;1;7;0;0;2;1;2;Z01
2,018E+11;0;34;0;0;2;1;1;B01
2,018E+11;0;10;0;0;2;6;10;A01
2,018E+11;0;33;0;0;2;1;1;A01
2,018E+11;0;7;0;0;2;2;0;B01
2,018E+11;2;32;0;0;2;1;5;A01
2,018E+11;2;7;0;0;2;3;2;B01
2,018E+11;1;30;0;0;1;0;5;Z01
2,018E+11;2;10;0;0;2;4;1;B01
2,018E+11;2;10;0;0;2;1;1;A01
2,018E+11;0;7;0;0;2;7;1;A01
2,018E+11;2;7;0;0;2;1;1;B01
2,018E+11;0;32;0;0;2;0;18;A01
2,018E+11;0;15;0;0;2;2;1;B01
2,018E+11;0;37;1;0;2;6;1;B01
2,018E+11;0;7;0;0;2;1;1;A01
2,018E+11;1;7;0;0;1;3;1;A01
2,018E+11;1;38;1;0;2;8;2;B01
2,018E+11;2;7;0;0;2;1;2;A01
2,018E+11;1;10;0;0;2;1;2;A01
2,018E+11;2;2;0;0;2;3;1;B01
2,018E+11;1;10;0;0;1;1;1;A01
2,018E+11;0;38;16;0;2;2;16;A01
2,018E+11;0;1;0;0;2;2;19;B01
2,018E+11;1;7;0;0;2;3;1;B01
2,018E+11;2;2;0;0;2;1;5;A01
2,018E+11;0;7;0;0;1;1;1;A01
2,018E+11;1;7;0;0;2;0;15;A01
2,018E+11;1;31;0;0;2;0;1;B01
2,018E+11;1;7;0;0;2;3;1;B01
2,018E+11;1;7;0;0;2;1;19;A01
2,018E+11;0;10;0;0;1;2;19;A01
2,018E+11;0;7;0;0;2;8;15;B01
2,018E+11;0;33;0;8;2;1;1;A01
2,018E+11;2;7;0;0;2;8;20;A01
2,018E+11;2;32;0;0;2;1;1;B01
2,018E+11;0;7;0;0;1;7;1;A01
2,018E+11;1;10;0;6;2;4;1;A01
2,018E+11;0;99;0;0;2;1;2;Z01
2,018E+11;0;33;0;0;0;7;15;A01
2,018E+11;2;7;0;0;2;1;1;A01
2,018E+11;2;7;0;0;0;4;0;B01
2,018E+11;1;7;0;0;2;1;2;A01
2,018E+11;1;7;0;0;2;4;2;B01
2,018E+11;2;13;0;6;0;3;15;A01
2,018E+11;0;34;0;0;2;2;21;B01
2,018E+11;0;7;0;0;2;3;9;A01
2,018E+11;1;30;0;1;0;1;1;A01
2,018E+11;2;7;0;0;2;3;1;A01
2,018E+11;1;33;0;0;2;8;15;B01
2,018E+11;1;33;0;0;2;4;16;B01
2,018E+11;1;10;0;0;2;1;2;A01
2,018E+11;2;7;0;0;1;7;1;A01
2,018E+11;2;7;0;0;2;3;15;A01
2,018E+11;2;33;0;0;2;3;2;B01
2,018E+11;1;7;0;0;1;2;1;A01
2,018E+11;1;7;0;0;2;1;2;A01
2,018E+11;1;33;0;0;2;4;1;B01
2,018E+11;1;30;0;11;0;1;0;A01
2,018E+11;2;7;0;0;2;6;10;B01
2,018E+11;2;34;0;0;2;2;1;A01
2,018E+11;1;7;0;0;1;1;1;A01