Num_Acc;senc;catv;occutc;obs;obsm;choc;manv;num_veh
2,018E+11;2;7;0;0;2;1;13;A01
2,018E+11;1;7;0;0;2;1;1;B01
2,018E+11;0;7;0;0;2;2;1;A01
2,018E+11;0;7;0;0;2;1;1;B01
2,018E+11;2;7;0;0;2;6;1;A01
2,018E+11;2;2;0;0;2;1;1;B01
2,018E+11;0;33;0;0;0;0;1;A01
2,018E+11;0;7;0;13;0;1;1;A01
2,018E+11;1;10;0;2;2;1;1;A01
2,018E+11;1;7;0;0;0;6;1;B01
2,018E+11;0;7;0;0;1;2;1;A01
2,018E+11;1;31;0;0;2;1;1;B01
2,018E+11;2;7;0;0;2;2;15;A01
2,018E+11;2;7;0;3;0;9;0;A01
2,018E+11;1;7;0;13;0;6;1;A01
2,018E+11;1;7;0;12;0;1;0;A01
2,018E+11;1;7;0;13;0;3;0;A01
2,018E+11;1;7;0;0;2;4;23;B01
2,018E+11;1;7;0;0;2;1;2;A01
2,018E+11;1;7;0;0;2;4;2;C01
2,018E+11;1;7;0;0;2;4;2;D01
2,018E+11;0;7;0;0;1;3;15;A01
2,018E+11;0;7;0;8;0;3;1;A01
2,018E+11;1;7;0;;2;1;13;A01
2,018E+11;2;7;0;;2;1;1;B01
2,018E+11;2;33;0;0;6;1;1;A01
2,018E+11;1;2;0;12;0;2;1;A01
2,018E+11;2;7;0;0;0;5;1;B01
2,018E+11;2;7;0;0;2;1;1;A01
2,018E+11;1;7;0;15;0;2;1;A01
2,018E+11;1;7;0;0;2;3;1;B01
2,018E+11;1;7;0;0;2;7;19;A01
2,018E+11;1;7;0;0;2;1;1;B01
2,018E+11;2;7;0;0;2;1;5;A01
2,018E+11;0;33;0;0;2;2;0;A01
2,018E+11;0;7;0;0;2;2;19;B01
2,018E+11;2;33;0;0;2;3;17;A01
2,018E+11;2;7;0;0;2;3;17;B01
2,018E+11;2;21;0;0;0;0;1;C01
2,018E+11;2;33;0;0;0;7;1;A01
2,018E+11;0;7;0;0;2;8;9;A01
2,018E+11;0;2;0;0;2;1;1;B01
2,018E+11;1;10;0;0;2;3;10;A01
2,018E+11;2;33;0;0;2;1;1;B01
2,018E+11;2;10;0;0;2;8;15;B01
2,018E+11;1;33;0;0;2;1;17;A01
2,018E+11;1;14;0;0;2;8;1;B01
2,018E+11;2;7;0;0;2;3;1;A01
2,018E+11;2;7;0;2;0;7;1;A01
2,018E+11;1;33;0;0;2;1;1;B01
2,018E+11;1;7;0;0;2;1;5;A01
2,018E+11;0;7;0;0;2;2;17;A01
2,018E+11;0;2;0;0;2;8;15;B01
2,018E+11;2;31;0;0;0;8;1;B01
2,018E+11;1;7;0;0;2;1;15;A01
2,018E+11;1;7;0;13;0;2;1;A01
2,018E+11;2;2;0;0;1;1;1;A01
2,018E+11;0;1;0;0;0;0;1;A01
2,018E+11;2;2;0;0;2;1;13;A01
2,018E+11;1;7;0;0;2;1;1;B01
2,018E+11;2;7;0;8;0;7;1;A01
2,018E+11;1;1;0;0;2;8;1;B01
2,018E+11;1;7;0;0;9;2;14;A01
2,018E+11;0;7;0;0;0;8;0;A01
2,018E+11;0;33;0;0;0;7;14;A01
2,018E+11;1;2;0;13;0;7;1;A01
2,018E+11;1;2;0;1;0;1;2;A01
2,018E+11;0;1;0;0;2;1;1;B01
2,018E+11;1;15;0;0;2;6;1;A01
2,018E+11;1;33;0;0;9;1;1;B01
2,018E+11;1;1;0;0;0;4;11;A01
2,018E+11;2;7;0;0;2;3;1;B01
2,018E+11;1;7;0;0;2;3;13;A01
2,018E+11;1;7;0;0;2;3;1;B01
2,018E+11;2;31;0;0;2;1;13;A01
2,018E+11;1;7;0;0;9;1;1;C01
2,018E+11;0;7;0;0;1;3;1;A01
2,018E+11;1;2;0;0;0;8;0;A01
2,018E+11;0;7;0;14;4;2;1;A01
2,018E+11;2;39;60;0;2;8;1;B01
2,018E+11;0;2;0;0;2;8;15;B01
2,018E+11;0;2;0;0;2;1;1;A01
2,018E+11;0;10;0;0;1;4;1;A01
2,018E+11;1;7;0;0;1;1;20;A01
2,018E+11;2;7;0;0;2;1;0;B01
2,018E+11;1;7;0;0;2;3;13;A01
2,018E+11;1;7;0;0;0;8;1;B01
2,018E+11;1;7;0;0;0;1;19;A01
2,018E+11;1;1;0;0;2;8;1;B01
2,018E+11;1;17;0;0;9;5;17;A01
2,018E+11;1;7;0;0;2;3;13;A01
2,018E+11;2;7;0;0;2;3;1;B01
2,018E+11;1;7;0;0;2;1;15;B01
2,018E+11;1;7;0;8;0;1;17;A01
2,018E+11;0;7;0;0;1;1;16;A01
2,018E+11;1;7;0;0;2;2;15;A01
2,018E+11;2;7;0;0;2;1;1;B01
2,018E+11;1;7;0;0;1;2;1;A01
2,018E+11;2;7;0;0;2;1;1;B01
2,018E+11;1;17;0;0;2;1;1;A01
2,018E+11;2;2;0;0;1;1;1;A01
2,018E+11;1;33;0;13;0;8;0;A01
2,018E+11;0;33;0;0;2;1;1;B01
2,018E+11;0;7;0;0;2;3;15;A01
2,018E+11;0;7;0;0;1;1;15;A01
2,018E+11;1;7;0;0;0;1;1;A01
2,018E+11;1;7;0;0;2;3;15;A01
2,018E+11;2;7;0;0;2;3;1;B01
2,018E+11;1;33;0;0;0;1;0;A01
2,018E+11;0;2;0;0;0;8;0;A01
2,018E+11;0;7;0;0;0;3;0;A01
2,018E+11;1;7;0;13;0;1;0;A01
2,018E+11;1;33;0;13;0;1;1;A01
2,018E+11;0;3;0;13;0;3;1;A01
2,018E+11;1;7;0;0;0;4;1;A01
2,018E+11;1;33;0;0;2;1;1;B01
2,018E+11;1;2;0;12;0;7;0;A01
2,018E+11;0;7;0;6;0;1;0;A01
2,018E+11;1;7;0;0;2;7;17;A01
2,018E+11;2;1;0;0;2;8;2;B01
2,018E+11;2;7;0;0;5;1;0;A01
2,018E+11;1;7;0;8;0;4;1;A01
2,018E+11;0;7;0;13;0;3;1;A01
2,018E+11;1;33;0;0;2;1;1;A01
2,018E+11;1;7;0;0;0;4;1;B01
2,018E+11;2;7;0;0;2;2;1;A01
2,018E+11;1;15;0;0;2;1;1;D01
2,018E+11;1;99;0;0;2;1;1;C01
2,018E+11;2;7;0;0;0;4;15;B01
2,018E+11;1;7;0;6;0;2;1;A01
2,018E+11;0;33;0;0;0;8;1;A01
2,018E+11;1;10;0;13;0;3;13;A01
2,018E+11;1;7;0;8;0;1;1;A01
2,018E+11;2;7;0;0;6;1;1;A01
2,018E+11;1;33;0;0;2;1;1;A01
2,018E+11;2;7;0;0;2;3;19;B01
2,018E+11;1;7;0;0;2;1;1;A01
2,018E+11;2;7;0;0;2;1;15;B01
2,018E+11;1;3;0;0;2;2;19;A01
2,018E+11;2;7;0;0;2;1;1;B01
2,018E+11;0;7;0;0;1;1;1;A01
2,018E+11;0;7;0;6;0;1;1;A01
2,018E+11;2;7;0;0;2;3;1;B01
2,018E+11;0;7;0;0;2;2;9;A01
2,018E+11;0;33;0;6;0;1;1;A01
2,018E+11;0;7;0;5;0;6;16;A01
2,018E+11;0;7;0;0;0;1;2;A01
2,018E+11;1;2;0;0;2;6;2;B01
2,018E+11;1;7;0;0;1;2;1;A01
2,018E+11;1;36;0;13;0;1;17;A01
2,018E+11;1;33;0;13;0;1;1;A01
2,018E+11;0;1;0;8;0;8;16;A01
2,018E+11;1;7;0;9;0;1;14;A01
2,018E+11;2;7;0;15;0;9;1;A01
2,018E+11;0;7;0;13;0;1;1;A01
2,018E+11;0;2;0;12;0;1;1;A01
2,018E+11;2;7;0;13;0;2;1;A01
2,018E+11;;7;0;0;0;1;1;A01
2,018E+11;;7;0;8;0;2;1;B01
2,018E+11;1;7;0;0;2;4;15;B01
2,018E+11;1;7;0;0;2;1;1;A01
2,018E+11;1;7;0;0;1;2;9;A01
2,018E+11;2;7;0;13;0;1;1;A01
2,018E+11;2;7;0;0;5;1;1;A01
2,018E+11;0;7;0;0;6;3;1;A01
2,018E+11;0;7;0;2;0;7;1;A01
2,018E+11;1;7;0;2;0;1;1;A01
2,018E+11;1;10;0;0;1;3;1;A01
2,018E+11;0;33;0;2;0;1;18;A01
2,018E+11;1;7;0;6;0;1;1;A01
2,018E+11;0;33;0;0;2;1;13;A01
2,018E+11;0;7;0;0;2;1;1;B01
2,018E+11;1;13;0;0;2;1;1;B01
2,018E+11;2;7;0;0;2;2;13;A01
2,018E+11;0;7;0;6;0;2;0;A01
2,018E+11;0;7;0;0;2;3;19;B01
2,018E+11;0;7;0;0;2;1;1;A01
2,018E+11;1;7;0;6;0;1;1;A01
2,018E+11;2;2;0;0;2;1;5;A01
2,018E+11;1;7;0;0;2;3;1;B01
2,018E+11;2;1;0;0;6;3;1;A01
2,018E+11;2;7;0;13;0;3;13;A01
2,018E+11;1;7;0;0;2;8;19;B01
2,018E+11;1;33;0;0;2;1;1;A01
2,018E+11;1;33;0;0;0;1;1;A01
2,018E+11;2;33;0;13;0;2;1;A01
2,018E+11;2;33;0;13;0;1;1;A01
2,018E+11;2;7;0;13;0;1;1;A01
2,018E+11;2;2;0;0;0;1;1;A01
2,018E+11;2;7;0;0;2;3;19;A01
2,018E+11;2;33;0;0;2;7;1;B01
2,018E+11;1;7;0;0;1;7;1;A01
2,018E+11;1;21;0;0;0;0;11;B01
2,018E+11;2;33;0;0;0;2;17;A01
2,018E+11;2;7;0;0;2;3;1;A01
2,018E+11;2;7;0;0;2;2;1;B01
2,018E+11;1;7;0;2;0;0;1;A01
2,018E+11;1;7;0;0;1;3;1;A01
2,018E+11;0;1;0;0;2;1;15;A01
2,018E+11;0;7;0;0;2;1;1;B01
2,018E+11;1;7;0;0;1;0;1;A01
2,018E+11;1;7;0;0;1;1;1;A01
2,018E+11;1;7;0;0;2;6;15;A01
2,018E+11;2;7;0;0;2;3;1;B01
2,018E+11;1;7;0;0;1;1;1;A01
2,018E+11;1;7;0;12;9;7;1;B01
2,018E+11;2;17;0;0;2;1;1;A01
2,018E+11;2;31;0;0;0;0;2;A01
2,018E+11;1;7;0;0;0;8;1;A01
2,018E+11;1;7;0;0;1;2;1;A01
2,018E+11;0;30;0;0;2;2;1;B01
2,018E+11;0;7;0;0;2;3;17;A01
2,018E+11;2;7;0;3;0;3;3;A01
2,018E+11;1;7;0;2;0;1;1;A01
2,018E+11;1;2;0;0;2;1;0;A01
2,018E+11;2;15;0;0;2;1;1;B01
2,018E+11;1;3;0;16;0;2;1;A01
2,018E+11;2;7;0;3;0;3;0;A01
2,018E+11;1;7;0;13;0;2;1;A01
2,018E+11;2;38;1;0;0;2;1;B01
2,018E+11;1;7;0;0;0;1;5;A01
2,018E+11;2;33;0;1;1;1;15;A01
2,018E+11;1;7;0;13;0;3;1;A01
2,018E+11;2;7;0;0;1;2;1;A01
2,018E+11;2;7;0;0;2;8;19;A01
2,018E+11;2;7;0;0;2;2;1;B01
2,018E+11;1;7;0;0;1;2;1;A01
2,018E+11;2;33;0;0;0;7;1;A01
2,018E+11;1;33;0;0;2;7;1;B01
2,018E+11;2;7;0;0;2;2;20;A01
2,018E+11;1;32;0;0;2;5;23;B01
2,018E+11;1;7;0;0;2;3;2;C01
2,018E+11;1;7;0;0;0;4;23;A01
2,018E+11;1;10;0;7;0;1;1;A01
2,018E+11;1;7;0;0;2;2;9;B01
2,018E+11;1;7;0;0;2;1;15;A01
2,018E+11;1;7;0;2;0;1;1;A01
2,018E+11;1;36;0;6;0;1;16;A01
2,018E+11;2;7;0;5;0;2;2;A01
2,018E+11;2;7;0;16;0;1;17;A01
2,018E+11;1;7;0;0;2;1;1;B01
2,018E+11;2;7;0;0;2;8;15;A01
2,018E+11;1;7;0;2;0;3;13;A01
2,018E+11;1;7;0;0;0;8;1;A01
2,018E+11;1;2;0;12;0;2;1;A01
2,018E+11;2;33;0;0;0;1;16;A01
2,018E+11;1;31;0;0;0;4;15;B01
2,018E+11;1;2;0;0;2;1;1;A01
2,018E+11;2;7;0;0;1;1;1;A01
2,018E+11;2;7;0;2;0;8;0;A01
2,018E+11;2;99;0;0;0;1;15;A01
2,018E+11;2;7;0;2;0;1;17;B01
2,018E+11;0;17;0;0;1;2;0;A01
2,018E+11;0;7;0;0;1;1;16;A01
2,018E+11;0;7;0;0;0;0;1;A01
2,018E+11;1;7;0;0;0;6;15;A01
2,018E+11;2;1;0;7;2;1;1;B01
2,018E+11;2;7;0;0;2;3;13;A01
2,018E+11;1;7;0;0;2;3;1;B01
2,018E+11;1;7;0;6;0;1;0;A01
2,018E+11;1;7;0;0;2;3;2;C01
2,018E+11;1;7;0;0;2;1;1;B01
2,018E+11;1;7;0;0;2;1;1;D01
2,018E+11;1;7;0;0;2;1;5;A01
2,018E+11;2;1;0;0;2;1;15;A01
2,018E+11;2;7;0;0;2;2;17;B01
2,018E+11;2;7;0;0;0;5;2;A01
2,018E+11;2;33;0;0;2;4;2;B01
2,018E+11;2;33;0;0;0;0;2;D01
2,018E+11;2;33;0;0;2;1;2;C01
2,018E+11;0;7;0;0;2;8;9;A01
2,018E+11;1;33;0;0;2;1;1;B01
2,018E+11;2;33;0;0;0;3;1;A01
2,018E+11;2;33;0;6;0;0;0;A01
2,018E+11;1;7;0;0;1;3;1;A01
2,018E+11;1;7;0;0;1;1;1;A01
2,018E+11;1;7;0;15;0;8;13;A01
2,018E+11;0;30;0;0;2;1;1;B01
2,018E+11;0;7;0;0;2;2;15;A01
2,018E+11;0;39;0;0;2;1;1;A01
2,018E+11;2;10;0;14;4;8;23;B01
2,018E+11;0;7;0;0;2;3;15;B01
2,018E+11;0;30;0;0;2;1;1;A01
2,018E+11;2;7;0;0;2;4;23;A01
2,018E+11;2;10;0;0;2;1;2;C01
2,018E+11;2;7;0;0;2;4;23;B01
2,018E+11;2;7;0;8;0;3;13;A01
2,018E+11;2;7;0;0;2;6;19;A01
2,018E+11;1;7;0;0;2;3;1;B01
2,018E+11;1;7;0;0;2;1;1;A01
2,018E+11;1;7;0;0;2;4;23;B01
2,018E+11;0;7;0;9;1;1;14;A01
2,018E+11;2;7;0;13;0;3;14;A01
2,018E+11;2;7;0;2;0;1;13;A01
2,018E+11;2;7;0;13;0;2;17;A01
2,018E+11;1;7;0;0;2;1;1;B01
2,018E+11;1;20;0;0;2;7;19;A01
2,018E+11;1;10;0;0;2;1;2;A01
2,018E+11;1;7;0;0;2;4;2;B01
2,018E+11;0;7;0;1;0;9;2;A01
2,018E+11;1;7;0;0;2;2;19;B01
2,018E+11;1;7;0;0;2;3;1;A01
2,018E+11;1;7;0;0;2;8;1;B01
2,018E+11;1;7;0;0;2;1;19;A01
2,018E+11;0;7;0;15;0;9;0;A01
2,018E+11;1;7;0;0;1;3;20;A01
2,018E+11;0;7;0;0;2;5;0;A01
2,018E+11;0;7;0;0;2;1;1;B01
2,018E+11;0;15;0;0;1;3;0;A01
2,018E+11;0;1;0;0;2;1;1;B01
2,018E+11;0;10;0;0;2;1;1;A01
2,018E+11;1;31;0;0;2;0;0;B01
2,018E+11;0;7;0;0;2;3;9;A01
2,018E+11;1;3;0;1;0;2;14;A01
2,018E+11;0;7;0;0;1;1;0;A01
2,018E+11;0;7;0;0;0;9;1;A01
2,018E+11;1;7;0;0;1;7;1;A01
2,018E+11;0;7;0;0;2;1;1;B01
2,018E+11;0;7;0;0;2;3;15;A01
2,018E+11;0;7;0;0;1;1;0;A01
2,018E+11;1;7;0;1;0;2;1;A01
2,018E+11;0;10;0;0;2;9;0;B01
2,018E+11;0;10;0;0;2;2;0;A01
2,018E+11;2;7;0;0;2;3;0;B01
2,018E+11;1;7;0;0;2;3;13;A01
2,018E+11;0;7;0;0;2;3;19;A01
2,018E+11;0;2;0;0;2;1;1;B01
2,018E+11;0;7;0;9;0;1;16;A01
2,018E+11;0;7;0;0;2;7;16;A01
2,018E+11;0;99;0;0;2;6;0;B01
2,018E+11;1;15;0;0;1;6;24;B01
2,018E+11;1;7;0;0;2;2;0;A01
2,018E+11;0;7;0;0;2;3;1;A01
2,018E+11;0;99;0;0;2;1;19;B01
2,018E+11;1;7;0;0;1;2;1;A01
2,018E+11;1;10;0;0;4;3;1;A01
2,018E+11;1;39;1;0;2;2;1;B01
2,018E+11;2;7;0;13;2;3;0;B01
2,018E+11;1;7;0;0;2;3;13;A01
2,018E+11;0;7;0;8;0;2;0;A01
2,018E+11;2;7;0;2;0;1;1;A01
2,018E+11;0;2;0;0;2;1;5;B01
2,018E+11;0;7;0;0;2;2;1;A01
2,018E+11;2;7;0;3;0;1;0;A01
2,018E+11;1;3;0;0;1;3;1;A01
2,018E+11;1;7;0;0;2;8;9;A01
2,018E+11;2;7;0;0;2;1;1;B01
2,018E+11;1;31;0;0;2;0;1;B01
2,018E+11;1;7;0;0;0;6;0;A01
2,018E+11;0;33;0;0;2;1;1;B01
2,018E+11;0;7;0;0;2;8;10;A01
2,018E+11;1;1;0;12;0;4;1;B01
2,018E+11;1;7;0;0;9;2;17;A01
2,018E+11;2;33;0;0;2;8;1;B01
2,018E+11;1;7;0;0;2;3;15;A01
2,018E+11;0;7;0;2;0;1;1;A01
2,018E+11;0;7;0;13;0;2;1;A01
2,018E+11;1;7;0;0;2;1;19;A01
2,018E+11;1;33;0;0;2;7;1;B01
2,018E+11;2;7;0;0;2;2;1;A01
2,018E+11;1;7;0;0;2;3;13;B01
2,018E+11;1;31;0;12;0;0;1;A01
2,018E+11;0;33;0;0;2;1;1;B01
2,018E+11;0;7;0;0;2;1;15;A01
2,018E+11;2;7;0;0;2;1;1;B01
2,018E+11;1;7;0;0;2;1;5;A01
2,018E+11;2;7;0;0;2;1;13;A01
2,018E+11;1;7;0;0;2;1;21;B01
2,018E+11;2;7;0;0;2;3;13;A01
2,018E+11;1;7;0;0;2;3;1;C01
2,018E+11;1;7;0;0;2;3;1;B01
2,018E+11;1;10;0;0;2;1;0;C01
2,018E+11;2;10;0;0;2;7;15;A01
2,018E+11;1;33;0;0;2;1;1;B01
2,018E+11;2;7;0;0;2;3;1;B01
2,018E+11;1;7;0;0;2;3;1;A01
2,018E+11;1;7;0;0;1;0;;A01
2,018E+11;2;33;0;3;2;3;1;B01
2,018E+11;2;7;0;0;2;3;13;A01
2,018E+11;2;7;0;0;2;7;1;A01
2,018E+11;1;14;0;0;2;1;1;B01
2,018E+11;1;7;0;0;2;3;1;B01
2,018E+11;2;7;0;0;2;2;15;A01
2,018E+11;2;1;0;0;2;3;1;A01
2,018E+11;1;7;0;0;9;3;21;B01
2,018E+11;2;33;0;0;2;3;1;A01
2,018E+11;1;33;0;0;2;2;1;B01
2,018E+11;2;7;0;2;0;2;0;A01
2,018E+11;1;33;0;0;0;3;13;A01
2,018E+11;2;7;0;0;0;3;21;B01
2,018E+11;2;7;0;2;0;1;0;A01
2,018E+11;2;7;0;0;2;1;1;B01
2,018E+11;1;7;0;0;2;3;1;A01
2,018E+11;1;10;0;3;0;1;14;A01
2,018E+11;2;7;0;15;0;1;16;A01
2,018E+11;2;7;0;0;2;1;1;A01
2,018E+11;1;7;0;0;2;1;13;B01
2,018E+11;1;7;0;13;0;1;13;A01
2,018E+11;2;7;0;0;2;3;1;B01
2,018E+11;1;7;0;0;2;3;15;A01
2,018E+11;2;15;0;4;0;0;13;A01
2,018E+11;2;7;0;0;2;3;0;B01
2,018E+11;1;14;0;0;2;3;1;A01
2,018E+11;2;7;0;6;0;7;1;A01
2,018E+11;1;7;0;0;1;2;1;A01
2,018E+11;1;7;0;0;2;1;15;A01
2,018E+11;2;7;0;13;2;1;1;B01
2,018E+11;1;7;0;0;2;1;23;C01
2,018E+11;1;7;0;0;2;3;1;D01
2,018E+11;2;7;0;0;6;1;1;A01
2,018E+11;1;10;0;0;2;1;1;A01
2,018E+11;1;7;0;0;2;9;1;B01
2,018E+11;1;7;0;0;0;6;23;C01
2,018E+11;1;7;0;0;2;1;1;B01
2,018E+11;2;3;0;0;2;1;13;A01
2,018E+11;1;7;0;0;1;4;4;A01
2,018E+11;2;7;0;0;2;1;1;D01
2,018E+11;2;7;0;0;2;8;1;B01
2,018E+11;1;7;0;0;2;8;13;A01
2,018E+11;2;7;0;0;2;1;1;C01
2,018E+11;2;7;0;0;2;2;11;B01
2,018E+11;1;7;0;0;2;1;1;A01
2,018E+11;1;33;0;0;2;8;1;B01
2,018E+11;2;7;0;0;2;2;15;A01
2,018E+11;0;2;0;0;1;1;1;A01
2,018E+11;0;7;0;13;0;2;1;A01
2,018E+11;2;7;0;0;2;2;2;A01
2,018E+11;2;1;0;0;2;8;2;B01
2,018E+11;1;7;0;0;6;0;1;A01
2,018E+11;1;7;0;13;0;3;1;A01
2,018E+11;1;10;0;0;2;1;17;A01
2,018E+11;1;7;0;0;0;0;23;C01
2,018E+11;2;10;0;0;2;1;1;B01
2,018E+11;2;7;0;0;2;1;13;A01
2,018E+11;2;33;0;13;0;0;1;C01
2,018E+11;1;7;0;0;2;1;1;B01
2,018E+11;0;7;0;1;0;1;2;A01
2,018E+11;2;7;0;0;2;1;17;A01
2,018E+11;2;7;0;0;0;6;15;B01
2,018E+11;0;2;0;0;1;1;1;A01
2,018E+11;1;7;0;0;1;3;1;A01
2,018E+11;1;7;0;9;0;1;1;A01
2,018E+11;1;7;0;0;2;2;17;A01
2,018E+11;1;15;0;0;0;6;1;B01
2,018E+11;1;7;0;0;1;3;17;A01
2,018E+11;2;7;0;0;2;3;1;A01
2,018E+11;1;7;0;0;2;3;1;B01
2,018E+11;0;7;0;0;2;1;1;B01
2,018E+11;2;7;0;8;2;1;15;A01
2,018E+11;1;7;0;0;2;4;15;B01
2,018E+11;1;15;0;0;2;1;2;A01
2,018E+11;1;7;0;13;0;9;1;A01
2,018E+11;2;7;0;0;9;8;15;A01
2,018E+11;2;15;0;3;2;2;17;B01
2,018E+11;1;7;0;0;2;1;17;A01
2,018E+11;2;7;0;0;2;1;1;B01
2,018E+11;2;31;0;0;2;3;13;A01
2,018E+11;1;15;0;0;2;8;1;B01
2,018E+11;2;2;0;0;2;1;1;B01
2,018E+11;1;7;0;0;2;8;15;A01
2,018E+11;0;7;0;2;0;3;1;A01
2,018E+11;2;2;0;0;2;1;1;A01
2,018E+11;1;7;0;0;2;7;1;B01
2,018E+11;2;7;0;13;0;1;2;A01
2,018E+11;0;2;0;0;2;8;13;A01
2,018E+11;0;21;0;0;2;6;1;B01
2,018E+11;2;7;0;0;2;1;1;B01
2,018E+11;1;7;0;3;2;1;13;A01
2,018E+11;1;7;0;0;1;4;20;A01
2,018E+11;2;3;0;0;2;1;15;A01
2,018E+11;1;7;0;0;2;3;1;B01
2,018E+11;1;7;0;0;2;1;1;B01
2,018E+11;2;7;0;0;2;8;1;A01
2,018E+11;0;7;0;1;2;3;13;A01
2,018E+11;0;7;0;0;2;3;1;B01
2,018E+11;0;7;0;0;2;3;0;A01
2,018E+11;0;34;0;0;2;1;1;B01
2,018E+11;1;33;0;15;1;8;1;A01
2,018E+11;2;7;0;0;2;3;10;B01
2,018E+11;1;2;0;0;2;1;1;A01
2,018E+11;0;33;0;8;0;7;1;A01
2,018E+11;1;7;0;0;0;9;1;A01
2,018E+11;0;7;0;0;2;3;1;A01
2,018E+11;0;7;0;0;2;1;1;B01
2,018E+11;0;7;0;1;0;1;6;A01
2,018E+11;0;7;0;0;1;1;1;A01
2,018E+11;0;7;0;0;2;1;1;A01
2,018E+11;0;7;0;0;2;2;15;B01
2,018E+11;1;7;0;2;0;1;1;A01
2,018E+11;1;33;0;0;0;0;1;A01
2,018E+11;2;7;0;6;0;1;9;A01
2,018E+11;1;7;0;2;0;3;15;A01
2,018E+11;1;7;0;2;0;1;11;A01
2,018E+11;2;33;0;0;2;1;17;A01
2,018E+11;0;7;0;0;2;2;9;B01
2,018E+11;2;33;0;0;2;1;13;A01
2,018E+11;1;7;0;0;2;3;1;B01
2,018E+11;1;7;0;2;0;1;13;A01
2,018E+11;1;33;0;0;0;0;0;A01
2,018E+11;0;21;0;0;0;9;1;A01
2,018E+11;2;7;0;0;2;7;2;B01
2,018E+11;2;2;0;0;2;8;2;A01
2,018E+11;2;14;0;15;0;8;0;A01
2,018E+11;1;10;0;0;2;3;1;A01
2,018E+11;2;17;0;0;2;3;1;B01
2,018E+11;1;7;0;6;0;0;1;A01
2,018E+11;2;99;0;0;0;9;1;A01
2,018E+11;0;2;0;0;0;0;1;A01
2,018E+11;0;7;0;0;2;1;13;B01
2,018E+11;0;13;0;0;2;1;16;A01
2,018E+11;0;7;0;13;0;1;1;A01
2,018E+11;2;7;0;0;2;1;13;A01
2,018E+11;1;7;0;0;2;1;1;B01
2,018E+11;0;7;0;0;2;1;1;B01
2,018E+11;0;7;0;0;2;1;1;A01
2,018E+11;2;7;0;16;0;3;1;A01
2,018E+11;1;7;0;12;0;1;2;A01
2,018E+11;1;7;0;0;9;1;1;A01
2,018E+11;0;36;0;0;0;0;1;A01
2,018E+11;1;2;0;0;0;7;1;A01
2,018E+11;1;7;0;2;0;1;1;A01
2,018E+11;0;21;0;0;2;3;1;B01
2,018E+11;0;1;0;0;2;0;17;A01
2,018E+11;0;33;0;2;2;1;13;A01
2,018E+11;0;7;0;0;0;6;1;B01
2,018E+11;2;7;0;0;2;1;1;B01
2,018E+11;1;7;0;0;2;1;5;A01
2,018E+11;1;7;0;13;0;3;1;A01
2,018E+11;0;7;0;0;0;0;13;A01
2,018E+11;0;7;0;13;0;3;1;B01
2,018E+11;1;15;0;0;2;2;11;B01
2,018E+11;2;3;0;0;2;2;13;A01
2,018E+11;1;7;0;13;0;9;13;A01
2,018E+11;0;15;0;13;0;0;1;A01
2,018E+11;2;7;0;2;0;1;0;A01
2,018E+11;1;7;0;13;2;2;1;A01
2,018E+11;0;7;0;0;2;2;0;B01
2,018E+11;2;7;0;0;2;1;13;A01
2,018E+11;1;21;0;0;2;1;1;B01
2,018E+11;2;7;0;13;2;3;13;A01
2,018E+11;1;7;0;0;2;8;1;B01
2,018E+11;0;7;0;13;0;3;1;A01
2,018E+11;1;10;0;0;1;2;2;A01
2,018E+11;1;14;0;0;9;7;17;A01
2,018E+11;1;1;0;0;2;4;13;B01
2,018E+11;2;7;0;0;0;9;1;A01
2,018E+11;0;7;0;0;1;3;1;A01
2,018E+11;2;7;0;6;0;1;0;A01
2,018E+11;0;33;0;0;0;2;0;A01
2,018E+11;1;7;0;0;2;3;13;A01
2,018E+11;1;7;0;0;2;3;1;B01
2,018E+11;2;33;0;0;9;1;1;A01
2,018E+11;0;1;0;0;2;3;0;B01
2,018E+11;2;1;0;0;2;1;17;A01
2,018E+11;1;7;0;0;9;3;1;B01
2,018E+11;2;7;0;8;0;2;1;A01
2,018E+11;2;7;0;0;2;7;2;A01
2,018E+11;1;7;0;0;2;3;1;B01
2,018E+11;2;7;0;6;0;2;2;A01
2,018E+11;2;7;0;0;2;3;23;B01
2,018E+11;1;7;0;0;2;3;13;A01
2,018E+11;2;7;0;0;2;3;23;C01
2,018E+11;2;2;0;0;2;8;2;B01
2,018E+11;1;7;0;0;2;2;2;A01
2,018E+11;1;7;0;0;2;1;15;A01
2,018E+11;2;7;0;0;2;2;1;B01
2,018E+11;2;7;0;0;0;1;1;A01
2,018E+11;1;7;0;6;0;1;0;A01
2,018E+11;0;7;0;0;2;2;1;A01
2,018E+11;0;2;0;0;0;8;9;B01
2,018E+11;0;7;0;0;2;3;1;A01
2,018E+11;0;30;0;0;2;8;5;B01
2,018E+11;0;7;0;0;2;2;15;A01
2,018E+11;0;2;0;0;2;1;1;B01
2,018E+11;1;2;0;0;1;1;17;A01
2,018E+11;2;7;0;0;2;1;2;A01
2,018E+11;2;7;0;0;2;4;2;B01
2,018E+11;2;7;0;0;0;4;2;C01
2,018E+11;1;7;0;0;2;7;1;A01
2,018E+11;2;31;0;0;2;1;1;B01