Num_Acc;senc;catv;occutc;obs;obsm;choc;manv;num_veh
2,018E+11;0;7;0;0;2;3;1;A01
2,018E+11;0;7;0;0;2;1;1;B01
2,018E+11;0;33;0;2;0;2;21;A01
2,018E+11;0;7;0;13;0;2;1;A01
2,018E+11;2;7;0;0;2;3;13;A01
2,018E+11;1;7;0;0;2;3;1;B01
2,018E+11;2;7;0;0;2;1;13;A01
2,018E+11;1;7;0;0;2;1;1;B01
2,018E+11;0;7;0;0;1;3;1;A01
2,018E+11;0;7;0;0;2;1;1;A01
2,018E+11;0;7;0;0;2;1;1;B01
2,018E+11;1;7;0;0;0;0;1;A01
2,018E+11;0;7;0;0;1;2;20;A01
2,018E+11;0;1;0;0;0;0;1;A01
2,018E+11;0;7;0;0;0;0;0;B01
2,018E+11;2;7;0;8;0;2;1;A01
2,018E+11;1;7;0;0;1;1;1;A01
2,018E+11;1;7;0;0;2;1;1;A01
2,018E+11;1;7;0;0;2;1;1;B01
2,018E+11;2;7;0;0;2;8;1;C01
2,018E+11;1;2;0;0;2;1;2;A01
2,018E+11;1;7;0;0;0;5;9;B01
2,018E+11;1;7;0;0;2;3;1;A01
2,018E+11;2;7;0;0;2;3;13;B01
2,018E+11;0;7;0;0;2;1;1;A01
2,018E+11;0;7;0;6;2;1;1;B01
2,018E+11;1;7;0;0;1;1;1;A01
2,018E+11;1;7;0;8;0;8;1;A01
2,018E+11;1;7;0;0;2;1;1;A01
2,018E+11;0;7;0;0;2;8;19;B01
2,018E+11;1;7;0;0;1;1;1;A01
2,018E+11;1;7;0;0;2;1;1;A01
2,018E+11;2;10;0;0;2;3;1;B01
2,018E+11;0;7;0;0;2;1;1;A01
2,018E+11;0;7;0;0;2;4;23;B01
2,018E+11;1;7;0;0;2;3;9;A01
2,018E+11;1;1;0;0;2;1;1;B01
2,018E+11;0;7;0;0;1;0;1;A01
2,018E+11;2;7;0;0;2;1;9;A01
2,018E+11;2;1;0;0;0;4;0;B01
2,018E+11;1;7;0;0;2;1;2;A01
2,018E+11;1;7;0;0;2;4;2;B01
2,018E+11;1;33;0;0;0;4;2;C01
2,018E+11;0;7;0;0;1;3;1;A01
2,018E+11;2;7;0;0;9;3;2;A01
2,018E+11;2;1;0;0;2;1;2;B01
2,018E+11;1;7;0;0;1;2;2;A01
2,018E+11;1;10;0;14;1;0;1;A01
2,018E+11;1;7;0;13;0;1;1;A01
2,018E+11;1;7;0;12;0;1;0;A01
2,018E+11;2;7;0;0;2;7;15;A01
2,018E+11;1;33;0;0;2;1;1;B01
2,018E+11;0;15;0;0;2;3;1;A01
2,018E+11;0;2;0;0;2;1;1;B01
2,018E+11;0;7;0;1;0;2;14;B01
2,018E+11;0;33;0;0;2;1;1;B01
2,018E+11;0;2;0;0;2;8;9;A01
2,018E+11;0;31;0;0;0;0;1;A01
2,018E+11;1;2;0;0;1;3;1;A01
2,018E+11;0;2;0;0;0;9;0;B01
2,018E+11;2;3;0;2;0;8;15;A01
2,018E+11;1;7;0;15;0;1;0;A01
2,018E+11;1;1;0;0;2;4;1;A01
2,018E+11;1;7;0;0;2;4;1;B01
2,018E+11;0;33;0;7;0;7;1;A01
2,018E+11;1;7;0;13;0;1;1;A01
2,018E+11;0;2;0;0;0;0;1;A01
2,018E+11;0;7;0;0;1;0;0;A01
2,018E+11;1;7;0;0;2;2;2;A01
2,018E+11;1;1;0;0;2;6;2;B01
2,018E+11;1;7;0;0;2;1;1;A01
2,018E+11;1;7;0;0;2;4;23;B01
2,018E+11;1;7;0;0;0;4;23;C01
2,018E+11;1;7;0;0;2;3;1;B01
2,018E+11;1;33;0;0;2;1;9;A01
2,018E+11;2;7;0;0;2;1;0;B01
2,018E+11;1;1;0;0;2;0;0;A01
2,018E+11;2;7;0;0;2;1;1;B01
2,018E+11;1;7;0;0;2;1;19;A01
2,018E+11;1;7;0;0;9;5;15;A01
2,018E+11;2;2;0;0;9;2;1;B01
2,018E+11;1;2;0;0;0;1;0;A01
2,018E+11;1;7;0;0;0;7;16;B01
2,018E+11;2;7;0;0;1;2;1;A01
2,018E+11;1;7;0;0;2;1;1;B01
2,018E+11;1;7;0;0;2;7;19;A01
2,018E+11;0;7;0;0;2;7;19;A01
2,018E+11;0;7;0;0;2;1;1;B01
2,018E+11;2;33;0;0;0;7;1;A01
2,018E+11;2;7;0;0;2;8;1;B01
2,018E+11;2;31;0;0;2;1;17;A01
2,018E+11;2;7;0;6;2;3;15;B01
2,018E+11;0;33;0;0;2;1;2;A01
2,018E+11;0;7;0;0;0;4;15;B01
2,018E+11;0;7;0;0;0;5;0;A01
2,018E+11;0;7;0;0;0;8;15;A01
2,018E+11;0;33;0;15;0;2;17;B01
2,018E+11;0;7;0;0;2;3;13;A01
2,018E+11;0;7;0;0;2;3;1;B01
2,018E+11;1;2;0;0;0;0;9;A01
2,018E+11;1;99;0;0;1;1;0;A01
2,018E+11;1;7;0;0;2;2;15;A01
2,018E+11;2;33;0;0;2;1;1;B01
2,018E+11;2;7;0;0;0;9;14;A01
2,018E+11;2;10;0;0;2;3;13;A01
2,018E+11;2;7;0;8;0;6;1;B01
2,018E+11;2;33;0;0;0;0;1;A01
2,018E+11;1;7;0;0;1;2;1;A01
2,018E+11;2;7;0;0;2;7;1;A01
2,018E+11;1;10;0;0;2;1;1;B01
2,018E+11;1;2;0;0;0;4;1;A01
2,018E+11;1;2;0;0;2;1;1;B01
2,018E+11;1;2;0;0;2;1;1;C01
2,018E+11;2;10;0;0;2;3;1;A01
2,018E+11;2;1;0;0;0;7;1;B01
2,018E+11;0;7;0;13;0;3;1;A01
2,018E+11;0;2;0;0;0;1;1;A01
2,018E+11;2;7;0;0;2;1;0;A01
2,018E+11;1;7;0;0;2;3;1;B01
2,018E+11;2;7;0;0;2;7;6;A01
2,018E+11;1;7;0;0;2;1;1;B01
2,018E+11;1;7;0;13;0;1;1;A01
2,018E+11;1;7;0;13;0;1;1;A01
2,018E+11;1;7;0;0;0;8;1;A01
2,018E+11;1;10;0;0;2;2;9;B01
2,018E+11;2;7;0;0;0;8;1;A01
2,018E+11;1;10;0;0;2;4;15;B01
2,018E+11;1;10;0;0;2;1;1;C01
2,018E+11;2;31;0;0;2;2;17;A01
2,018E+11;1;7;0;0;2;6;15;B01
2,018E+11;2;7;0;0;2;1;1;A01
2,018E+11;1;7;0;0;2;1;1;B01
2,018E+11;0;7;0;6;2;2;1;A01
2,018E+11;0;7;0;0;2;8;9;B01
2,018E+11;1;7;0;0;9;3;9;A01
2,018E+11;1;1;0;0;2;1;1;B01
2,018E+11;1;7;0;0;2;1;1;A01
2,018E+11;2;7;0;0;2;3;1;B01
2,018E+11;1;7;0;0;2;3;19;B01
2,018E+11;2;2;0;0;2;1;1;A01
2,018E+11;1;2;0;11;0;1;1;A01
2,018E+11;1;33;0;2;0;0;1;A01
2,018E+11;0;21;0;0;1;3;1;A01
2,018E+11;1;7;0;0;1;1;1;A01
2,018E+11;1;7;0;0;1;3;1;A01
2,018E+11;0;7;0;13;0;2;1;A01
2,018E+11;0;2;0;0;2;1;1;A01
2,018E+11;0;7;0;0;2;1;1;B01
2,018E+11;1;7;0;8;2;1;0;A01
2,018E+11;2;7;0;;2;3;1;B01
2,018E+11;1;7;0;13;0;0;1;A01
2,018E+11;0;7;0;13;0;1;1;A01
2,018E+11;0;2;0;0;2;1;17;A01
2,018E+11;0;38;1;0;2;3;15;B01
2,018E+11;2;7;0;13;0;3;1;A01
2,018E+11;2;7;0;0;2;1;1;B01
2,018E+11;1;7;0;0;2;3;15;A01
2,018E+11;2;7;0;0;2;3;15;A01
2,018E+11;1;7;0;0;2;3;1;B01
2,018E+11;2;33;0;0;0;0;1;A01
2,018E+11;0;2;0;0;2;1;1;A01
2,018E+11;0;7;0;0;2;3;1;B01
2,018E+11;1;15;0;4;0;8;1;A01
2,018E+11;2;7;0;2;0;1;1;A01
2,018E+11;1;7;0;13;0;3;1;A01
2,018E+11;0;7;0;0;1;3;1;A01
2,018E+11;2;17;0;0;2;3;1;B01
2,018E+11;2;7;0;8;2;6;19;A01
2,018E+11;2;7;0;0;2;3;1;A01
2,018E+11;1;7;0;0;2;2;1;B01
2,018E+11;2;33;0;13;0;1;1;A01
2,018E+11;1;2;0;0;0;8;1;A01
2,018E+11;1;7;0;16;0;7;1;A01
2,018E+11;0;31;0;13;0;1;1;A01
2,018E+11;1;7;0;0;2;3;10;A01
2,018E+11;1;7;0;0;2;1;1;B01
2,018E+11;1;7;0;8;0;3;19;A01
2,018E+11;1;7;0;0;2;3;1;A01
2,018E+11;2;7;0;0;2;1;13;B01
2,018E+11;1;7;0;0;2;1;1;C01
2,018E+11;2;7;0;0;1;3;1;A01
2,018E+11;2;2;0;0;0;0;0;A01
2,018E+11;2;7;0;0;0;2;1;B01
2,018E+11;0;7;0;0;2;1;16;A01
2,018E+11;0;7;0;13;0;2;0;A01
2,018E+11;1;2;0;0;2;1;23;A01
2,018E+11;2;7;0;0;2;2;1;B01
2,018E+11;1;33;0;1;0;8;0;A01
2,018E+11;1;7;0;0;2;8;9;A01
2,018E+11;2;33;0;0;2;1;1;B01
2,018E+11;1;7;0;0;2;1;13;A01
2,018E+11;2;7;0;0;2;1;1;B01
2,018E+11;2;7;0;;;;1;A01
2,018E+11;1;31;0;0;0;4;1;B01
2,018E+11;1;7;0;0;1;3;1;A01
2,018E+11;0;7;0;13;0;0;1;A01
2,018E+11;1;7;0;15;0;2;1;A01
2,018E+11;1;33;0;0;2;1;1;A01
2,018E+11;1;21;0;0;2;3;15;B01
2,018E+11;0;7;0;0;2;2;17;A01
2,018E+11;0;1;0;0;2;3;1;B01
2,018E+11;1;7;0;8;0;1;1;A01
2,018E+11;2;7;0;0;2;3;13;A01
2,018E+11;1;7;0;0;2;3;1;B01
2,018E+11;2;1;0;0;2;3;1;B01
2,018E+11;0;7;0;0;9;2;19;A01
2,018E+11;0;7;0;0;2;2;1;A01
2,018E+11;0;99;0;0;0;8;1;B01
2,018E+11;0;7;0;13;0;1;1;A01
2,018E+11;1;7;0;0;1;1;1;A01
2,018E+11;2;7;0;13;0;3;1;A01
2,018E+11;2;7;0;0;2;3;13;A01
2,018E+11;1;7;0;0;2;3;1;B01
2,018E+11;1;7;0;0;1;2;2;A01
2,018E+11;2;31;0;0;2;1;17;A01
2,018E+11;2;7;0;0;0;3;15;B01
2,018E+11;0;7;0;0;2;3;19;A01
2,018E+11;0;2;0;0;2;1;1;B01
2,018E+11;1;7;0;0;0;7;0;A01
2,018E+11;1;7;0;0;2;3;9;A01
2,018E+11;1;1;0;0;2;7;1;B01
2,018E+11;0;2;0;0;2;8;13;A01
2,018E+11;0;21;0;0;2;8;1;B01
2,018E+11;1;7;0;1;0;1;1;A01
2,018E+11;2;33;0;5;0;1;1;A01
2,018E+11;2;7;0;0;2;1;13;A01
2,018E+11;1;7;0;0;2;1;1;B01
2,018E+11;2;33;0;13;0;1;1;A01
2,018E+11;2;7;0;0;0;6;15;A01
2,018E+11;1;33;0;0;2;1;1;B01
2,018E+11;1;7;0;13;0;3;13;A01
2,018E+11;1;33;0;0;2;1;1;A01
2,018E+11;2;10;0;0;2;3;17;B01
2,018E+11;2;7;0;0;1;1;1;A01
2,018E+11;1;17;0;13;0;7;1;A01
2,018E+11;1;7;0;0;2;1;1;A01
2,018E+11;2;7;0;0;2;1;1;B01
2,018E+11;2;7;0;0;2;1;1;C01
2,018E+11;1;10;0;0;0;7;1;A01
2,018E+11;0;7;0;0;1;2;16;A01
2,018E+11;1;7;0;13;0;2;1;A01
2,018E+11;2;7;0;0;0;5;15;A01
2,018E+11;2;7;0;6;2;1;1;B01
2,018E+11;2;7;0;0;2;1;1;C01
2,018E+11;1;2;0;0;2;4;15;A01
2,018E+11;1;7;0;0;2;1;17;B01
2,018E+11;0;7;0;0;1;2;2;A01
2,018E+11;0;7;0;0;1;4;4;A01
2,018E+11;0;7;0;0;2;7;15;A01
2,018E+11;0;7;0;0;2;1;1;B01
2,018E+11;1;7;0;0;5;2;3;A01
2,018E+11;2;10;0;2;0;3;1;A01
2,018E+11;1;7;0;0;2;3;1;B01
2,018E+11;0;7;0;6;2;2;19;A01
2,018E+11;1;7;0;0;2;3;1;A01
2,018E+11;2;15;0;0;2;3;0;B01
2,018E+11;0;7;0;2;0;3;2;A01
2,018E+11;0;21;0;0;9;4;4;A01
2,018E+11;0;1;0;0;2;2;1;B01
2,018E+11;1;33;0;13;0;0;1;A01
2,018E+11;1;7;0;0;2;1;19;A01
2,018E+11;1;7;0;0;2;8;23;C01
2,018E+11;1;7;0;0;2;8;1;B01
2,018E+11;1;7;0;5;0;1;1;A01
2,018E+11;1;7;0;0;2;1;5;A01
2,018E+11;2;7;0;0;2;1;0;B01
2,018E+11;2;7;0;0;2;2;1;A01
2,018E+11;2;1;0;0;2;4;1;B01
2,018E+11;2;7;0;0;2;4;23;A01
2,018E+11;2;7;0;0;2;4;23;B01
2,018E+11;2;14;0;0;2;1;1;C01
2,018E+11;0;7;0;0;2;1;13;A01
2,018E+11;0;21;0;8;2;1;1;B01
2,018E+11;1;7;0;0;2;3;1;A01
2,018E+11;1;7;0;0;2;3;1;B01
2,018E+11;1;7;0;0;2;6;13;A01
2,018E+11;1;7;0;0;2;1;17;B01
2,018E+11;2;7;0;0;2;1;1;C01
2,018E+11;1;7;0;0;2;7;16;A01
2,018E+11;1;1;0;0;2;1;1;B01
2,018E+11;1;33;0;0;2;1;17;A01
2,018E+11;1;7;0;0;2;5;23;B01
2,018E+11;1;7;0;0;2;3;1;A01
2,018E+11;2;7;0;0;2;2;15;B01
2,018E+11;1;33;0;0;2;8;15;A01
2,018E+11;1;33;0;0;2;1;21;B01
2,018E+11;2;7;0;0;1;2;1;A01
2,018E+11;0;7;0;0;1;2;1;A01
2,018E+11;1;10;0;0;2;3;19;A01
2,018E+11;1;10;0;0;2;2;1;B01
2,018E+11;2;7;0;0;2;2;19;A01
2,018E+11;1;7;0;0;9;1;1;B01
2,018E+11;1;2;0;0;2;1;1;B01
2,018E+11;0;7;0;0;2;3;15;A01
2,018E+11;1;7;0;0;2;3;1;A01
2,018E+11;0;1;0;0;2;8;19;B01
2,018E+11;1;7;0;0;1;3;1;A01
2,018E+11;2;7;0;15;0;1;1;A01
2,018E+11;0;21;0;0;2;6;1;A01
2,018E+11;2;10;0;0;2;3;1;B01
2,018E+11;2;7;0;0;1;8;1;A01
2,018E+11;1;33;0;5;0;8;1;A01
2,018E+11;1;7;0;0;2;7;1;A01
2,018E+11;1;1;0;0;2;8;1;B01
2,018E+11;0;7;0;0;0;0;0;A01
2,018E+11;2;7;0;0;2;3;1;A01
2,018E+11;1;7;0;0;2;1;1;B01
2,018E+11;1;7;0;2;0;1;1;A01
2,018E+11;2;7;0;0;2;3;1;B01
2,018E+11;0;33;0;0;2;1;1;A01
2,018E+11;0;1;0;0;0;2;1;A01
2,018E+11;0;10;0;10;0;2;1;A01
2,018E+11;0;7;0;0;0;5;15;A01
2,018E+11;0;1;0;0;0;1;1;B01
2,018E+11;0;7;0;0;2;1;15;A01
2,018E+11;0;33;0;0;2;7;1;B01
2,018E+11;1;7;0;0;2;2;17;A01
2,018E+11;1;1;0;0;0;4;1;B01
2,018E+11;1;10;0;2;0;1;1;A01
2,018E+11;0;30;0;0;2;1;1;B01
2,018E+11;0;7;0;0;2;6;15;A01
2,018E+11;1;7;0;0;9;1;17;A01
2,018E+11;1;1;0;0;2;8;15;B01
2,018E+11;1;10;0;0;0;0;1;A01
2,018E+11;0;7;0;0;9;7;23;B01
2,018E+11;1;7;0;3;0;1;0;A01
2,018E+11;1;2;0;6;0;2;1;A01
2,018E+11;2;31;0;0;2;1;1;A01
2,018E+11;1;21;0;0;2;1;15;B01
2,018E+11;0;7;0;0;1;2;16;A01
2,018E+11;2;33;0;16;0;0;1;A01
2,018E+11;1;7;0;3;0;2;1;A01
2,018E+11;1;31;0;0;2;7;1;A01
2,018E+11;1;7;0;0;2;1;9;B01
2,018E+11;0;7;0;0;1;3;1;A01
2,018E+11;1;15;0;3;0;0;1;A01
2,018E+11;2;31;0;0;2;1;1;A01
2,018E+11;0;13;0;0;0;6;15;B01
2,018E+11;2;2;0;0;2;1;1;A01
2,018E+11;2;7;0;0;2;5;4;B01
2,018E+11;0;7;0;6;0;1;1;A01
2,018E+11;2;7;0;0;2;5;13;A01
2,018E+11;1;7;0;0;2;2;1;B01
2,018E+11;1;2;0;0;6;3;1;A01
2,018E+11;2;7;0;0;1;2;1;A01
2,018E+11;1;7;0;0;2;1;1;B01
2,018E+11;0;7;0;0;0;3;23;C01
2,018E+11;0;7;0;0;2;2;19;A01
2,018E+11;1;1;0;0;0;0;1;A01
2,018E+11;1;7;0;0;9;7;17;B01
2,018E+11;1;7;0;0;0;1;2;A01
2,018E+11;1;2;0;0;0;4;2;B01
2,018E+11;0;7;0;0;1;2;1;A01
2,018E+11;2;32;0;3;0;0;1;A01
2,018E+11;1;7;0;0;2;1;12;A01
2,018E+11;2;34;0;0;2;2;11;B01
2,018E+11;0;33;0;0;2;1;17;A01
2,018E+11;0;7;0;0;0;8;10;B01
2,018E+11;1;7;0;4;0;8;13;A01
2,018E+11;0;7;0;0;2;6;1;A01
2,018E+11;0;33;0;0;2;7;1;B01
2,018E+11;2;33;0;0;2;2;1;A01
2,018E+11;0;37;7;0;0;8;19;B01
2,018E+11;1;7;0;0;1;1;15;A01
2,018E+11;1;7;0;0;2;1;1;B01
2,018E+11;2;7;0;0;2;1;13;A01
2,018E+11;0;10;0;0;2;1;13;A01
2,018E+11;0;7;0;0;2;3;1;B01
2,018E+11;2;33;0;13;2;7;2;B01
2,018E+11;2;33;0;13;2;1;21;A01
2,018E+11;2;7;0;0;2;7;1;B01
2,018E+11;2;1;0;0;2;8;9;A01
2,018E+11;0;10;0;1;1;1;0;A01
2,018E+11;1;7;0;13;0;2;1;A01
2,018E+11;0;7;0;0;2;1;1;B01
2,018E+11;0;7;0;0;2;8;9;A01
2,018E+11;2;1;0;0;2;8;1;B01
2,018E+11;2;21;0;0;2;5;17;A01
2,018E+11;1;7;0;13;0;8;1;A01
2,018E+11;0;7;0;13;0;1;13;A01
2,018E+11;1;7;0;0;2;1;1;B01
2,018E+11;1;7;0;0;2;3;19;A01
2,018E+11;1;15;0;0;2;4;23;A01
2,018E+11;1;7;0;0;2;1;1;B01
2,018E+11;1;2;0;8;0;1;2;A01
2,018E+11;2;7;0;0;2;1;1;B01
2,018E+11;1;7;0;0;2;1;1;A01
2,018E+11;2;33;0;13;0;0;1;A01
2,018E+11;2;7;0;0;2;1;13;A01
2,018E+11;1;7;0;0;2;1;1;B01
2,018E+11;1;7;0;0;2;2;2;A01
2,018E+11;1;1;0;0;2;8;1;B02
2,018E+11;1;7;0;13;0;2;1;A01
2,018E+11;2;33;0;0;5;2;1;A01
2,018E+11;2;20;0;0;1;2;1;A01
2,018E+11;2;7;0;0;2;2;1;B01
2,018E+11;1;7;0;0;2;3;13;A01
2,018E+11;1;2;0;13;0;0;0;A01
2,018E+11;2;7;0;0;1;1;1;A01
2,018E+11;1;33;0;0;2;1;1;A01
2,018E+11;2;7;0;0;2;3;15;B01
2,018E+11;2;7;0;13;0;3;13;A01
2,018E+11;2;1;0;0;2;3;1;A01
2,018E+11;1;14;0;0;2;0;1;B01
2,018E+11;2;7;0;0;2;1;1;B01
2,018E+11;1;7;0;0;2;2;15;A01
2,018E+11;1;7;0;0;2;5;16;A01
2,018E+11;1;1;0;0;2;1;1;B01
2,018E+11;1;7;0;11;0;1;1;A01
2,018E+11;1;7;0;0;2;2;15;A01
2,018E+11;2;33;0;0;2;1;1;B01
2,018E+11;2;7;0;0;2;7;15;A01
2,018E+11;1;2;0;0;2;1;1;B01
2,018E+11;2;1;0;0;2;8;2;B01
2,018E+11;2;10;0;0;2;7;17;A01
2,018E+11;1;33;0;0;2;1;1;B01
2,018E+11;2;7;0;0;2;2;15;A01
2,018E+11;1;10;0;2;0;2;1;A01
2,018E+11;1;7;0;1;1;1;1;A01
2,018E+11;2;7;0;0;1;1;1;A01
2,018E+11;2;7;0;13;0;1;1;A01
2,018E+11;2;7;0;0;1;2;1;A01
2,018E+11;1;7;0;13;0;9;1;A01
2,018E+11;1;7;0;13;0;3;1;A01
2,018E+11;1;1;0;0;2;7;1;B01
2,018E+11;1;7;0;0;2;1;15;A01
2,018E+11;1;7;0;2;0;7;1;A01
2,018E+11;2;7;0;13;0;9;17;A01
2,018E+11;0;10;0;13;0;1;1;A01
2,018E+11;0;7;0;0;1;2;1;A01
2,018E+11;1;7;0;0;1;2;1;A01
2,018E+11;0;2;0;0;2;1;1;A01
2,018E+11;0;7;0;0;2;5;17;B01
2,018E+11;1;7;0;0;2;1;2;A01
2,018E+11;1;7;0;0;2;4;1;B01
2,018E+11;2;7;0;0;2;2;21;B01
2,018E+11;0;2;0;0;2;3;16;A01
2,018E+11;2;7;0;13;0;3;1;A01
2,018E+11;2;7;0;13;0;3;13;A01
2,018E+11;2;7;0;0;2;2;19;B01
2,018E+11;1;1;0;0;2;1;1;A01
2,018E+11;1;7;0;0;2;3;1;B01
2,018E+11;2;7;0;0;2;3;13;A01
2,018E+11;1;7;0;0;2;2;1;B01
2,018E+11;1;10;0;0;2;3;19;A01
2,018E+11;2;7;0;0;2;7;17;B01
2,018E+11;1;1;0;0;2;8;1;A01
2,018E+11;0;2;0;12;0;1;1;A01
2,018E+11;2;7;0;0;1;8;1;A01
2,018E+11;1;7;0;0;2;3;24;A01
2,018E+11;1;1;0;1;0;3;13;B01
2,018E+11;1;1;0;1;0;3;13;C01
2,018E+11;2;33;0;0;2;1;1;A01
2,018E+11;0;7;0;0;2;3;19;B01
2,018E+11;0;2;0;2;0;1;1;A01
2,018E+11;2;7;0;0;2;4;1;B01
2,018E+11;2;7;0;0;2;1;1;A01
2,018E+11;1;7;0;0;2;2;2;A01
2,018E+11;1;34;0;0;2;4;2;B01
2,018E+11;2;7;0;13;0;1;1;A01
2,018E+11;1;33;0;0;0;9;1;A01
2,018E+11;1;31;0;0;0;8;1;A01
2,018E+11;1;7;0;13;0;1;1;A01
2,018E+11;1;7;0;0;2;3;1;A01
2,018E+11;2;2;0;0;2;8;19;B01
2,018E+11;1;10;0;0;1;2;1;A01
2,018E+11;0;7;0;0;1;1;1;A01
2,018E+11;2;7;0;0;2;1;1;A01
2,018E+11;1;7;0;0;2;3;13;B01
2,018E+11;1;7;0;2;0;2;1;A01
2,018E+11;2;7;0;0;2;3;13;A01
2,018E+11;1;38;1;0;2;3;1;B01
2,018E+11;2;7;0;13;0;1;16;A01
2,018E+11;2;7;0;0;2;1;1;A01
2,018E+11;0;7;0;0;2;8;19;B01
2,018E+11;1;7;0;1;0;1;1;A01
2,018E+11;1;2;0;0;2;1;1;B01
2,018E+11;2;7;0;0;2;2;19;A01
2,018E+11;0;7;0;2;0;2;2;A01
2,018E+11;2;7;0;0;2;6;15;B01
2,018E+11;2;33;0;0;2;3;2;A01
2,018E+11;2;7;0;0;2;1;13;A01
2,018E+11;1;7;0;0;2;1;1;B01
2,018E+11;0;7;0;0;0;4;2;B01
2,018E+11;0;7;0;0;2;1;2;A01
2,018E+11;0;7;0;13;0;2;1;A01
2,018E+11;1;31;0;0;2;1;1;B01
2,018E+11;2;10;0;0;2;7;15;A01
2,018E+11;2;7;0;0;6;3;1;A01
2,018E+11;1;31;0;0;0;0;1;A01
2,018E+11;0;2;0;0;2;3;21;B01
2,018E+11;0;7;0;0;2;3;20;A01
2,018E+11;1;7;0;0;1;1;1;A01
2,018E+11;1;10;0;0;2;1;2;A01
2,018E+11;1;1;0;0;2;4;1;B01
2,018E+11;1;1;0;0;2;7;1;B01
2,018E+11;2;7;0;0;2;2;1;A01
2,018E+11;2;7;0;0;2;3;1;C01
2,018E+11;1;7;0;0;2;7;13;A01
2,018E+11;2;10;0;0;2;3;1;B01
2,018E+11;2;7;0;0;2;3;19;A01
2,018E+11;2;7;0;0;2;1;14;B01
2,018E+11;0;7;0;0;1;3;15;A01
2,018E+11;0;7;0;0;1;1;1;A01
2,018E+11;1;7;0;0;2;8;1;A01
2,018E+11;2;7;0;0;2;1;19;B01
2,018E+11;1;7;0;16;0;9;14;A01
2,018E+11;2;1;0;0;2;3;1;B01
2,018E+11;1;7;0;0;9;3;15;A01
2,018E+11;1;17;0;0;2;4;2;B01
2,018E+11;1;17;0;0;2;1;2;A01
2,018E+11;1;33;0;0;2;4;1;A01
2,018E+11;1;7;0;0;2;2;2;B01
2,018E+11;2;1;0;0;2;0;1;A01
2,018E+11;2;15;0;0;2;0;17;B01
2,018E+11;1;7;0;0;0;1;1;C01
2,018E+11;2;7;0;0;2;1;1;A01
2,018E+11;2;7;0;0;2;4;15;B01
2,018E+11;0;1;0;0;2;1;13;A01
2,018E+11;0;7;0;0;2;2;1;B01
2,018E+11;2;31;0;0;2;1;1;B01
2,018E+11;0;7;0;0;2;6;15;A01
2,018E+11;0;39;77;1;0;1;1;B01
2,018E+11;0;7;0;0;4;1;23;A01
2,018E+11;0;7;0;0;1;2;1;A01
2,018E+11;2;7;0;0;1;3;1;A01
2,018E+11;0;2;0;0;1;1;1;A01
2,018E+11;1;7;0;0;2;1;1;A01
2,018E+11;1;7;0;0;2;3;19;B01
2,018E+11;1;7;0;0;2;2;15;A01
2,018E+11;2;7;0;0;2;1;1;B01
2,018E+11;1;7;0;8;0;1;1;A01
2,018E+11;2;7;0;5;0;9;1;A01
2,018E+11;1;33;0;0;2;1;1;B01
2,018E+11;1;7;0;0;2;3;15;A01
2,018E+11;2;7;0;0;2;5;16;A01
2,018E+11;2;17;0;0;2;3;2;B01
2,018E+11;1;32;0;12;0;0;16;A01
2,018E+11;2;7;0;0;2;1;1;B01
2,018E+11;1;7;0;0;2;2;15;A01
2,018E+11;1;7;0;0;2;1;1;A01
2,018E+11;0;7;0;0;2;7;19;B01
2,018E+11;1;15;0;0;2;4;1;C01
2,018E+11;1;7;0;0;2;3;2;B01
2,018E+11;1;7;0;0;2;1;2;A01
2,018E+11;1;7;0;0;1;2;1;A01
2,018E+11;1;7;0;0;2;4;1;B01
2,018E+11;1;7;0;0;2;4;2;C01
2,018E+11;1;7;0;0;2;1;2;A01
2,018E+11;1;7;0;0;2;7;13;A01
2,018E+11;2;7;0;0;2;1;1;B01
2,018E+11;2;7;0;3;0;1;1;A01
2,018E+11;1;33;0;0;2;1;1;A01
2,018E+11;0;7;0;0;2;3;16;B01
2,018E+11;1;7;0;0;2;2;15;A01
2,018E+11;2;7;0;0;2;2;1;B01
2,018E+11;0;7;0;0;2;2;1;B01
2,018E+11;0;7;0;0;2;3;1;A01
2,018E+11;2;7;0;2;0;1;1;A01
2,018E+11;0;7;0;0;1;4;4;A01
2,018E+11;1;7;0;0;2;3;1;A01
2,018E+11;1;7;0;0;2;3;13;B01
2,018E+11;2;7;0;12;0;7;1;A01
2,018E+11;2;33;0;5;9;8;1;A01
2,018E+11;1;33;0;0;2;3;13;A01
2,018E+11;2;7;0;0;2;8;1;B01
2,018E+11;2;7;0;0;2;3;15;A01
2,018E+11;1;7;0;0;2;3;1;B01
2,018E+11;2;7;0;0;1;0;1;A01
2,018E+11;2;7;0;15;0;3;1;A01
2,018E+11;1;1;0;0;1;1;1;A01
2,018E+11;2;7;0;0;2;5;2;A01
2,018E+11;2;2;0;13;2;3;1;B01
2,018E+11;1;7;0;0;2;3;13;A01
2,018E+11;2;7;0;0;2;3;1;B01
2,018E+11;2;7;0;0;2;1;15;A01
2,018E+11;1;7;0;0;2;2;1;B01
2,018E+11;2;31;0;0;2;1;0;B01
2,018E+11;2;7;0;0;2;6;0;A01
2,018E+11;2;2;0;0;2;1;1;A01