Num_Acc;senc;catv;occutc;obs;obsm;choc;manv;num_veh
2,018E+11;0;1;0;0;2;1;1;B01
2,018E+11;0;7;0;0;2;6;15;A01
2,018E+11;0;7;0;0;1;2;1;A01
2,018E+11;1;7;0;0;1;1;15;A01
2,018E+11;1;7;0;6;0;1;13;A01
2,018E+11;0;7;0;0;1;2;1;A01
2,018E+11;1;7;0;0;2;3;14;A01
2,018E+11;1;7;0;0;2;2;9;B01
2,018E+11;1;7;0;0;0;1;14;A01
2,018E+11;1;7;0;0;2;5;9;A01
2,018E+11;1;33;0;0;2;1;2;B01
2,018E+11;0;7;0;0;2;3;19;A01
2,018E+11;0;7;0;1;0;0;0;B01
2,018E+11;2;33;0;0;0;0;16;A01
2,018E+11;1;7;0;0;2;2;15;A01
2,018E+11;2;38;20;0;2;1;1;B01
2,018E+11;1;7;0;0;2;2;0;A01
2,018E+11;1;30;0;0;2;5;15;B01
2,018E+11;0;7;0;0;1;1;1;A01
2,018E+11;1;10;0;0;5;2;1;A01
2,018E+11;2;7;0;13;0;7;1;A01
2,018E+11;1;7;0;0;2;1;1;A01
2,018E+11;1;7;0;0;2;7;19;B01
2,018E+11;1;7;0;0;1;2;1;A01
2,018E+11;2;7;0;0;1;7;14;A01
2,018E+11;1;7;0;0;2;1;2;A01
2,018E+11;1;7;0;0;2;4;1;B01
2,018E+11;1;7;0;0;2;1;2;A01
2,018E+11;1;7;0;0;2;4;23;B01
2,018E+11;1;2;0;6;0;3;13;A01
2,018E+11;1;7;0;2;0;7;14;A01
2,018E+11;1;7;0;6;0;3;13;A01
2,018E+11;0;7;0;0;2;2;19;A01
2,018E+11;0;7;0;0;2;1;1;B01
2,018E+11;2;7;0;0;1;3;1;A01
2,018E+11;1;30;0;0;0;1;1;A01
2,018E+11;2;7;0;0;1;7;0;A01
2,018E+11;0;10;0;12;0;1;13;A01
2,018E+11;2;7;0;0;2;1;13;A01
2,018E+11;2;7;0;0;2;1;1;B01
2,018E+11;0;2;0;0;2;1;0;A01
2,018E+11;0;7;0;0;2;3;0;B01
2,018E+11;2;30;0;0;1;1;1;A01
2,018E+11;1;7;0;0;2;7;15;A01
2,018E+11;2;2;0;0;2;1;1;B01
2,018E+11;2;7;0;0;2;0;1;T01
2,018E+11;2;10;0;0;2;2;1;A01
2,018E+11;2;2;0;0;2;1;1;B01
2,018E+11;0;2;0;15;0;3;13;A01
2,018E+11;2;7;0;0;1;1;1;A01
2,018E+11;1;7;0;0;2;3;9;A01
2,018E+11;2;1;0;0;2;1;2;B01
2,018E+11;1;30;0;0;2;1;2;A01
2,018E+11;0;7;0;0;2;4;23;B01
2,018E+11;2;7;0;0;1;2;1;A01
2,018E+11;1;7;0;0;1;1;1;A01
2,018E+11;1;31;0;0;2;0;2;A01
2,018E+11;1;7;0;0;2;3;2;B01
2,018E+11;1;7;0;0;1;2;1;A01
2,018E+11;1;2;0;12;0;1;16;A01
2,018E+11;;7;0;0;1;2;1;A01
2,018E+11;1;7;0;0;1;3;1;A01
2,018E+11;1;7;0;0;2;2;17;A01
2,018E+11;1;7;0;0;2;3;15;B01
2,018E+11;1;3;0;0;1;1;1;A01
2,018E+11;0;7;0;0;2;3;15;A01
2,018E+11;0;2;0;0;2;1;17;B01
2,018E+11;1;7;0;0;1;2;1;A01
2,018E+11;1;7;0;0;2;1;9;A01
2,018E+11;0;1;0;0;0;0;1;B01
2,018E+11;2;7;0;0;2;5;15;A01
2,018E+11;1;7;0;0;2;1;1;B01
2,018E+11;1;7;0;0;1;2;1;A01
2,018E+11;2;7;0;4;0;0;1;A01
2,018E+11;1;7;0;0;1;2;1;A01
2,018E+11;1;7;0;0;2;1;9;A01
2,018E+11;2;32;0;0;2;1;9;B01
2,018E+11;1;1;0;0;2;3;19;A01
2,018E+11;1;10;0;0;2;0;1;B01
2,018E+11;0;7;0;0;1;3;20;A01
2,018E+11;2;7;0;0;2;1;13;A01
2,018E+11;1;7;0;0;2;1;1;C01
2,018E+11;1;7;0;0;2;1;1;B01
2,018E+11;1;7;0;0;2;2;15;A01
2,018E+11;2;31;0;0;2;1;1;B01
2,018E+11;2;7;0;0;2;3;1;B01
2,018E+11;1;7;0;0;2;3;13;A01
2,018E+11;1;7;0;0;1;3;15;A01
2,018E+11;1;7;0;0;2;5;15;A01
2,018E+11;2;33;0;0;2;1;1;B01
2,018E+11;0;7;0;0;0;0;11;B01
2,018E+11;1;33;0;12;0;7;11;A01
2,018E+11;2;7;0;2;2;3;1;C01
2,018E+11;1;17;0;0;2;3;1;B01
2,018E+11;2;7;0;0;2;3;13;A01
2,018E+11;2;7;0;0;2;8;5;C01
2,018E+11;1;33;0;0;2;1;1;B01
2,018E+11;1;7;0;0;2;8;20;A01
2,018E+11;1;2;0;0;2;5;1;B01
2,018E+11;0;7;0;0;2;2;19;A01
2,018E+11;2;7;0;2;0;9;0;A01
2,018E+11;1;7;0;0;1;3;15;A01
2,018E+11;2;7;0;0;2;1;1;A01
2,018E+11;1;35;0;0;2;7;19;B01
2,018E+11;0;10;0;0;1;4;4;A01
2,018E+11;1;30;0;0;2;1;16;A01
2,018E+11;2;7;0;0;2;3;1;B01
2,018E+11;2;37;1;0;1;7;0;A01
2,018E+11;1;7;0;0;2;3;19;A01
2,018E+11;2;7;0;0;2;8;15;B01
2,018E+11;0;7;0;9;1;1;0;A01
2,018E+11;1;7;0;0;1;1;1;A01
2,018E+11;0;30;0;14;0;1;0;A01
2,018E+11;0;7;0;0;2;3;9;A01
2,018E+11;0;2;0;0;2;1;1;B01
2,018E+11;2;7;0;0;1;1;15;A01
2,018E+11;1;7;0;0;1;3;15;A01
2,018E+11;1;7;0;0;1;1;21;A01
2,018E+11;1;10;0;0;1;1;1;A01
2,018E+11;1;7;0;0;2;3;1;A01
2,018E+11;2;1;0;;;;;B02
2,018E+11;2;7;0;0;1;2;1;A01
2,018E+11;1;30;0;15;1;0;9;A01
2,018E+11;1;7;0;0;2;1;2;B01
2,018E+11;1;7;0;0;2;4;2;A01
2,018E+11;2;7;0;0;2;2;19;A01
2,018E+11;1;7;0;0;2;1;2;B01
2,018E+11;1;10;0;0;1;1;21;A01
2,018E+11;0;7;0;0;1;1;1;A01
2,018E+11;1;7;0;0;1;1;16;A01
2,018E+11;1;7;0;0;1;1;15;A01
2,018E+11;2;32;0;0;2;1;0;A01
2,018E+11;1;1;0;0;2;1;19;B01
2,018E+11;1;33;0;0;2;3;0;B01
2,018E+11;1;7;0;0;2;3;16;A01
2,018E+11;0;7;0;0;2;3;15;B01
2,018E+11;0;30;0;0;2;1;17;A01
2,018E+11;0;7;0;0;1;1;1;A01
2,018E+11;0;7;0;0;2;0;23;B01
2,018E+11;0;30;0;0;2;1;1;A01
2,018E+11;0;7;0;8;0;1;13;A01
2,018E+11;2;1;0;0;2;8;1;B01
2,018E+11;1;7;0;0;2;1;15;A01
2,018E+11;2;7;0;0;1;1;1;A01
2,018E+11;0;7;0;0;2;2;1;A01
2,018E+11;0;7;0;0;2;6;15;B01
2,018E+11;2;31;0;0;2;1;21;B01
2,018E+11;1;7;0;0;2;2;15;A01
2,018E+11;2;7;0;9;0;1;2;A01
2,018E+11;2;7;0;0;0;4;23;C01
2,018E+11;2;7;0;0;2;4;2;B01
2,018E+11;2;40;1;0;1;1;1;A01
2,018E+11;1;7;0;0;1;2;2;A01
2,018E+11;1;7;0;0;2;4;2;B01
2,018E+11;1;7;0;0;2;1;2;A01
2,018E+11;0;7;0;0;2;1;2;A01
2,018E+11;0;7;0;0;2;4;2;B01
2,018E+11;2;7;0;0;1;1;1;A01
2,018E+11;2;7;0;0;1;3;0;A01
2,018E+11;1;7;0;0;2;1;0;Z01
2,018E+11;1;7;0;0;2;1;0;B01
2,018E+11;2;33;0;0;2;1;17;A01
2,018E+11;2;7;0;0;2;6;15;B01
2,018E+11;0;7;0;0;2;4;23;B01
2,018E+11;0;7;0;0;2;1;2;A01
2,018E+11;1;7;0;0;1;8;14;A01
2,018E+11;2;7;0;0;1;1;1;A01
2,018E+11;0;7;0;0;2;1;1;C01
2,018E+11;0;30;0;0;2;7;1;B01
2,018E+11;0;7;0;0;2;1;16;A01
2,018E+11;1;7;0;0;2;4;2;B01
2,018E+11;1;7;0;0;2;3;2;A01
2,018E+11;2;7;0;9;0;3;13;A01
2,018E+11;0;7;0;0;2;1;2;A01
2,018E+11;0;7;0;0;2;4;2;B01
2,018E+11;0;7;0;0;2;4;2;C01
2,018E+11;0;7;0;0;1;2;15;A01
2,018E+11;2;37;10;0;2;4;23;B01
2,018E+11;2;7;0;1;2;1;21;A01
2,018E+11;2;10;0;0;1;2;21;A01
2,018E+11;0;7;0;0;2;4;1;B01
2,018E+11;0;7;0;0;2;1;1;A01
2,018E+11;2;10;0;0;1;1;1;A01
2,018E+11;1;31;0;0;2;1;2;A01
2,018E+11;1;7;0;0;2;6;1;B01
2,018E+11;2;7;0;0;1;7;4;A01
2,018E+11;1;1;0;0;1;1;1;A01
2,018E+11;2;7;0;0;1;2;0;A01
2,018E+11;2;2;0;0;2;7;1;B01
2,018E+11;2;7;0;0;2;3;16;A01
2,018E+11;1;32;0;0;2;1;1;B01
2,018E+11;1;7;0;0;2;2;16;A01
2,018E+11;1;7;0;0;0;7;0;A01
2,018E+11;1;7;0;0;2;1;15;A01
2,018E+11;2;31;0;0;2;1;1;B01
2,018E+11;2;7;0;0;2;4;2;B01
2,018E+11;2;7;0;0;2;1;2;A01
2,018E+11;2;7;0;0;1;1;15;A01
2,018E+11;1;7;0;0;1;1;15;A01
2,018E+11;1;7;0;0;2;8;1;A01
2,018E+11;2;30;0;0;2;1;1;B01
2,018E+11;0;31;0;0;2;1;1;B01
2,018E+11;0;7;0;0;2;6;16;A01
2,018E+11;1;7;0;0;1;1;15;A01
2,018E+11;0;7;0;0;2;3;15;B01
2,018E+11;0;7;0;0;2;3;19;A01
2,018E+11;0;7;0;2;2;6;0;A01
2,018E+11;0;7;0;0;2;1;1;B01
2,018E+11;2;7;0;0;2;3;9;A01
2,018E+11;2;37;2;0;2;2;7;B01
2,018E+11;1;7;0;0;2;6;20;B01
2,018E+11;1;7;0;0;2;1;2;A01
2,018E+11;2;30;0;0;2;7;1;B01
2,018E+11;1;7;0;0;2;0;15;A01
2,018E+11;1;7;0;0;2;3;1;B01
2,018E+11;1;34;0;0;2;1;19;A01
2,018E+11;1;30;0;0;2;1;2;B01
2,018E+11;1;10;0;0;2;4;23;A01
2,018E+11;1;7;0;2;0;1;14;A01
2,018E+11;1;7;0;0;2;1;15;A01
2,018E+11;1;30;0;0;2;7;1;B01
2,018E+11;1;7;0;0;1;2;9;A01
2,018E+11;2;7;0;0;0;2;9;A01
2,018E+11;1;7;0;0;1;3;0;A01
2,018E+11;2;7;0;0;2;4;2;B01
2,018E+11;2;34;0;0;2;1;1;A01
2,018E+11;1;7;0;0;2;1;16;B01
2,018E+11;1;7;0;1;2;3;2;A01
2,018E+11;2;7;0;0;2;1;2;A01
2,018E+11;1;7;0;0;2;7;15;B01
2,018E+11;1;7;0;0;2;1;2;A01
2,018E+11;1;7;0;0;2;4;0;B01
2,018E+11;1;7;0;0;2;4;2;C01
2,018E+11;1;7;0;0;2;4;2;B01
2,018E+11;1;7;0;0;2;1;2;D01
2,018E+11;1;7;0;0;2;4;2;A01
2,018E+11;0;7;0;0;1;4;4;A01
2,018E+11;0;32;0;0;2;1;17;A01
2,018E+11;0;7;0;0;2;1;15;B01
2,018E+11;0;7;0;0;1;3;16;A01
2,018E+11;1;7;0;0;1;5;1;A01
2,018E+11;1;10;0;0;2;2;1;B01
2,018E+11;0;7;0;0;2;8;9;A01
2,018E+11;1;1;0;0;2;8;0;B01
2,018E+11;0;7;0;0;2;2;0;A01
2,018E+11;0;7;0;14;0;1;2;A01
2,018E+11;0;7;0;14;0;4;2;B01
2,018E+11;0;7;0;14;0;4;2;C01
2,018E+11;1;10;0;0;1;3;15;A01
2,018E+11;1;7;0;0;1;1;1;A01
2,018E+11;2;7;0;0;2;6;15;A01
2,018E+11;1;1;0;0;2;1;1;B01
2,018E+11;1;7;0;0;2;1;19;A01
2,018E+11;1;31;0;0;2;3;19;B01
2,018E+11;0;7;0;0;2;1;2;A01
2,018E+11;0;7;0;0;2;4;2;B01
2,018E+11;1;7;0;11;0;1;13;A01
2,018E+11;1;33;0;0;2;1;17;A01
2,018E+11;1;7;0;0;2;3;15;B01
2,018E+11;2;1;0;0;2;1;1;B01
2,018E+11;1;7;0;0;2;1;12;A01
2,018E+11;0;7;0;0;2;4;2;B01
2,018E+11;0;7;0;0;0;0;2;A01
2,018E+11;0;1;0;0;2;7;1;B01
2,018E+11;0;7;0;0;6;8;9;A01
2,018E+11;1;7;0;0;2;7;2;B01
2,018E+11;1;1;0;0;2;0;0;A01
2,018E+11;0;7;0;0;2;3;15;B01
2,018E+11;0;2;0;0;2;1;17;A01
2,018E+11;1;7;0;0;2;3;1;B01
2,018E+11;2;7;0;0;2;3;15;A01
2,018E+11;2;7;0;0;2;1;1;A01
2,018E+11;2;7;0;0;2;2;15;B01
2,018E+11;0;7;0;0;2;8;15;A01
2,018E+11;0;33;0;0;2;1;1;B01
2,018E+11;1;32;0;1;2;1;0;A01
2,018E+11;0;7;0;0;0;0;0;B01
2,018E+11;0;10;0;0;1;6;16;A01
2,018E+11;2;7;0;0;2;3;1;B01
2,018E+11;1;7;0;0;2;3;13;A01
2,018E+11;2;7;0;0;1;1;17;A01
2,018E+11;2;7;0;10;0;1;1;A01
2,018E+11;0;1;0;0;2;8;19;A01
2,018E+11;0;7;0;0;6;1;1;B01
2,018E+11;1;14;0;0;2;1;2;A01
2,018E+11;1;10;0;0;0;4;23;B01
2,018E+11;1;10;0;0;2;2;16;A01
2,018E+11;1;1;0;0;2;3;2;B01
2,018E+11;1;10;0;0;2;2;1;B01
2,018E+11;1;10;0;0;2;3;22;A01
2,018E+11;0;7;0;1;0;2;24;B01
2,018E+11;0;7;0;1;0;1;0;A01
2,018E+11;2;10;0;0;1;8;1;A01
2,018E+11;2;10;0;1;2;1;24;B01
2,018E+11;1;14;0;0;2;1;0;C01
2,018E+11;1;7;0;1;0;1;13;A01
2,018E+11;2;7;0;0;0;4;1;E01
2,018E+11;2;7;0;0;2;4;1;D01
2,018E+11;2;7;0;0;2;1;1;A01
2,018E+11;2;7;0;0;2;4;1;C01
2,018E+11;2;7;0;0;2;4;1;B01
2,018E+11;0;7;0;0;2;1;15;A01
2,018E+11;0;7;0;0;2;1;1;B01
2,018E+11;0;7;0;0;0;4;2;B01
2,018E+11;0;7;0;0;2;1;2;A01
2,018E+11;0;7;0;0;2;5;15;A01
2,018E+11;0;7;0;0;2;2;1;B01
2,018E+11;0;7;0;0;2;8;15;B01
2,018E+11;0;2;0;0;2;8;17;A01
2,018E+11;0;40;1;0;2;3;1;B01
2,018E+11;0;1;0;0;4;8;0;A01
2,018E+11;;7;0;0;1;0;0;A01
2,018E+11;0;1;0;0;2;5;1;A01
2,018E+11;0;7;0;0;2;1;9;B01
2,018E+11;0;7;0;0;2;1;9;A01
2,018E+11;0;1;0;0;2;1;1;B01
2,018E+11;1;7;0;0;1;5;1;C01
2,018E+11;1;7;0;0;2;9;1;B01
2,018E+11;1;7;0;0;2;1;1;A01
2,018E+11;0;33;0;0;2;1;1;B01
2,018E+11;0;7;0;0;2;2;19;A01
2,018E+11;1;7;0;0;1;2;1;A01
2,018E+11;1;7;0;0;2;6;23;B01
2,018E+11;1;7;0;0;2;2;2;A01
2,018E+11;1;10;0;0;2;0;0;A01
2,018E+11;1;10;0;0;2;1;1;B01
2,018E+11;2;7;0;0;0;4;2;B01
2,018E+11;2;7;0;0;2;1;2;A01
2,018E+11;0;2;0;0;2;1;1;A01
2,018E+11;1;7;0;0;2;8;15;B01
2,018E+11;2;7;0;0;1;1;15;A01
2,018E+11;1;40;50;0;1;3;0;A01
2,018E+11;1;7;0;0;2;1;9;A01
2,018E+11;1;33;0;0;2;2;1;B01
2,018E+11;2;7;0;0;2;2;1;A01
2,018E+11;2;7;0;0;2;1;1;B01
2,018E+11;0;10;0;0;6;3;22;A01
2,018E+11;1;1;0;1;0;2;1;B01
2,018E+11;1;2;0;0;2;1;2;A01
2,018E+11;1;7;0;0;2;4;23;B01
2,018E+11;0;7;0;14;0;3;1;A01
2,018E+11;1;2;0;0;2;7;1;A01
2,018E+11;1;10;0;0;2;3;1;B01
2,018E+11;2;33;0;0;2;1;1;A01
2,018E+11;1;7;0;0;2;7;15;B01
2,018E+11;2;7;0;0;2;1;9;A01
2,018E+11;2;1;0;0;2;7;1;B01
2,018E+11;0;31;0;0;0;7;1;B01
2,018E+11;0;7;0;0;2;8;11;A01
2,018E+11;0;7;0;0;2;2;9;A01
2,018E+11;0;2;0;0;2;6;9;B01
2,018E+11;1;7;0;0;1;2;1;A01
2,018E+11;1;1;0;0;2;1;1;B01
2,018E+11;1;30;0;0;2;7;16;A01
2,018E+11;1;10;0;0;2;2;1;A01
2,018E+11;1;10;0;1;0;6;1;B01
2,018E+11;1;7;0;0;2;3;13;A01
2,018E+11;1;7;0;0;2;3;16;B01
2,018E+11;0;7;0;0;0;0;0;A01
2,018E+11;0;99;0;0;2;7;9;B01
2,018E+11;2;7;0;0;1;3;1;A01
2,018E+11;0;7;0;1;1;7;1;A01
2,018E+11;2;1;0;0;2;1;18;A01
2,018E+11;2;7;0;0;2;5;22;B01
2,018E+11;2;1;0;0;2;1;1;A01
2,018E+11;1;1;0;0;2;1;1;B01
2,018E+11;0;7;0;0;2;8;11;A01
2,018E+11;0;7;0;2;2;7;1;B01
2,018E+11;1;7;0;0;2;3;15;A01
2,018E+11;2;33;0;0;2;1;0;B01
2,018E+11;2;7;0;0;1;7;1;A01
2,018E+11;2;15;0;0;2;2;1;B01
2,018E+11;1;10;0;0;2;9;0;A01
2,018E+11;2;10;0;0;2;2;1;C01
2,018E+11;1;7;0;0;2;2;13;A01
2,018E+11;1;7;0;0;2;1;2;B01
2,018E+11;0;10;0;0;2;5;15;B01
2,018E+11;0;10;0;0;2;1;2;A01
2,018E+11;1;7;0;0;1;1;1;A01
2,018E+11;1;7;0;0;2;8;0;A01
2,018E+11;2;7;0;0;2;1;1;B01
2,018E+11;0;30;0;0;2;7;1;A01
2,018E+11;0;7;0;0;0;0;0;Z01
2,018E+11;1;7;0;0;2;5;1;B01
2,018E+11;1;13;0;0;2;3;11;A01
2,018E+11;1;7;0;0;2;3;9;A01
2,018E+11;1;1;0;0;0;2;0;B01
2,018E+11;2;7;0;0;2;4;23;C01
2,018E+11;2;7;0;0;2;4;23;D01
2,018E+11;2;7;0;0;2;4;23;B01
2,018E+11;2;7;0;0;2;1;1;A01
2,018E+11;1;7;0;0;2;3;2;B01
2,018E+11;1;31;0;0;2;1;2;A01
2,018E+11;0;33;0;0;1;8;0;A01
2,018E+11;1;10;0;1;1;7;1;A01
2,018E+11;0;7;0;0;2;1;9;A01
2,018E+11;1;1;0;0;2;2;16;B01
2,018E+11;0;7;0;0;2;4;2;B01
2,018E+11;0;7;0;0;2;1;2;A01
2,018E+11;0;7;0;0;2;1;23;B01
2,018E+11;0;30;0;0;2;1;13;A01
2,018E+11;0;7;0;6;0;1;21;A01
2,018E+11;1;7;0;0;1;3;1;A01
2,018E+11;0;7;0;0;2;1;1;A01
2,018E+11;0;7;0;0;2;2;1;B01
2,018E+11;1;10;0;0;1;2;1;A01
2,018E+11;1;10;0;0;2;1;0;B01
2,018E+11;0;14;0;0;2;2;1;A01
2,018E+11;1;7;0;0;2;6;15;B01
2,018E+11;1;30;0;0;2;1;17;A01
2,018E+11;2;7;0;0;2;9;1;B01
2,018E+11;1;7;0;0;2;2;9;A01
2,018E+11;2;7;0;0;2;1;1;A01
2,018E+11;2;7;0;0;2;6;1;B01
2,018E+11;2;7;0;0;2;1;21;B01
2,018E+11;2;7;0;0;2;6;0;A01
2,018E+11;2;7;0;0;2;8;13;B01
2,018E+11;2;37;1;0;2;7;13;A01
2,018E+11;1;7;0;1;0;1;1;A01
2,018E+11;1;10;0;0;2;3;15;B01
2,018E+11;0;10;0;0;2;2;1;A01
2,018E+11;0;3;0;1;0;7;19;A01
2,018E+11;0;7;0;0;2;1;19;B01
2,018E+11;1;7;0;8;0;7;14;A01
2,018E+11;1;7;0;0;2;1;1;A01
2,018E+11;1;7;0;0;2;4;1;B01
2,018E+11;1;7;0;0;0;4;1;B01
2,018E+11;1;7;0;0;2;1;1;A01
2,018E+11;0;7;0;0;2;2;2;A01
2,018E+11;0;7;0;0;2;6;2;B01
2,018E+11;2;7;0;0;2;1;2;A01
2,018E+11;2;7;0;0;2;4;2;B01
2,018E+11;0;2;0;0;2;1;1;A01
2,018E+11;0;7;0;0;0;4;20;B01
2,018E+11;0;7;0;0;2;2;1;A01
2,018E+11;2;7;0;0;2;1;1;A01
2,018E+11;2;7;0;0;2;5;0;B01
2,018E+11;2;7;0;0;2;4;2;C01
2,018E+11;2;7;0;0;2;4;2;B01
2,018E+11;2;7;0;0;2;1;2;A01
2,018E+11;2;33;0;0;2;1;1;A01
2,018E+11;2;7;0;0;0;4;1;B01
2,018E+11;0;30;0;0;1;1;1;A01
2,018E+11;1;7;0;0;1;2;1;A01
2,018E+11;1;7;0;0;2;1;0;C01
2,018E+11;1;1;0;0;2;3;0;B01
2,018E+11;1;1;0;0;2;1;0;A01
2,018E+11;0;33;0;0;2;1;1;B01
2,018E+11;0;7;0;0;2;3;15;A01
2,018E+11;1;1;0;0;2;4;19;B01
2,018E+11;1;7;0;0;2;1;1;A01
2,018E+11;0;1;0;0;2;1;19;A01
2,018E+11;2;7;0;0;2;3;1;B01
2,018E+11;0;7;0;0;1;2;1;A01
2,018E+11;0;33;0;0;2;6;16;B01
2,018E+11;0;7;0;0;2;2;16;A01
2,018E+11;0;10;0;0;1;2;1;A01
2,018E+11;0;10;0;0;1;1;0;A01
2,018E+11;2;7;0;0;1;6;4;A01
2,018E+11;0;7;0;0;1;0;16;A01
2,018E+11;1;7;0;0;1;1;1;A01
2,018E+11;2;7;0;0;2;2;2;A01
2,018E+11;2;7;0;0;2;6;9;B01
2,018E+11;1;33;0;0;2;1;16;A01
2,018E+11;1;7;0;0;2;0;2;B01
2,018E+11;0;7;0;0;2;4;2;A01
2,018E+11;0;7;0;0;2;1;2;B01
2,018E+11;2;7;0;0;1;2;0;A01
2,018E+11;0;7;0;0;2;1;1;A01
2,018E+11;0;1;0;0;2;7;19;B01
2,018E+11;1;10;0;0;2;3;1;A01
2,018E+11;1;31;0;0;2;2;17;B01
2,018E+11;0;7;0;0;2;2;15;A01
2,018E+11;0;30;0;0;2;1;0;B01
2,018E+11;1;7;0;0;2;1;12;A01
2,018E+11;0;7;0;0;2;4;23;D01
2,018E+11;1;7;0;0;2;4;23;C01
2,018E+11;1;7;0;0;2;4;23;B01
2,018E+11;1;2;0;0;2;1;15;B01
2,018E+11;1;7;0;0;2;2;1;A01
2,018E+11;0;7;0;0;0;4;2;B01
2,018E+11;0;7;0;0;2;1;2;A01
2,018E+11;0;1;0;1;0;1;0;B01
2,018E+11;0;7;0;0;0;8;24;A01
2,018E+11;1;1;0;0;2;1;1;B01
2,018E+11;2;7;0;0;2;7;15;A01
2,018E+11;0;7;0;0;2;3;13;A01
2,018E+11;0;7;0;0;2;8;1;B01
2,018E+11;0;7;0;0;2;8;1;C01
2,018E+11;0;7;0;0;2;1;0;B01
2,018E+11;1;2;0;0;2;3;0;A01
2,018E+11;2;1;0;0;2;8;19;B01
2,018E+11;1;7;0;0;2;3;15;A01
2,018E+11;1;7;0;8;0;1;14;A01
2,018E+11;1;34;0;0;2;5;11;A01
2,018E+11;1;7;0;0;2;2;15;B01
2,018E+11;1;33;0;0;2;1;1;B01
2,018E+11;2;7;0;0;2;3;15;A01
2,018E+11;0;33;0;0;2;7;17;B01
2,018E+11;0;7;0;0;2;3;9;A01
2,018E+11;2;10;0;0;2;7;20;B01
2,018E+11;2;10;0;0;2;1;1;A01
2,018E+11;1;7;0;0;1;5;1;A01
2,018E+11;1;7;0;0;2;1;13;A01
2,018E+11;2;7;0;0;2;1;2;C01
2,018E+11;2;7;0;0;2;1;1;B01
2,018E+11;2;7;0;0;2;4;2;B01
2,018E+11;2;7;0;0;2;1;2;A01
2,018E+11;2;2;0;0;2;1;1;A01
2,018E+11;1;7;0;0;2;5;15;B01
2,018E+11;2;10;0;0;1;1;1;A01
2,018E+11;1;7;0;0;1;1;1;A01
2,018E+11;0;34;0;0;2;8;1;B01
2,018E+11;0;10;0;0;2;7;15;A01
2,018E+11;1;7;0;0;1;1;16;A01
2,018E+11;1;7;0;0;2;9;11;A01
2,018E+11;1;14;0;0;2;1;12;B01
2,018E+11;1;7;0;3;2;9;2;C01
2,018E+11;1;7;0;0;1;3;13;A01
2,018E+11;1;7;0;0;1;5;21;A01
2,018E+11;1;7;0;0;1;8;1;A01
2,018E+11;0;32;0;0;2;7;17;A01
2,018E+11;0;7;0;0;2;1;16;B01
2,018E+11;0;10;0;0;2;0;19;B01
2,018E+11;0;7;0;0;2;2;1;A01
2,018E+11;1;10;0;0;1;2;15;A01
2,018E+11;0;7;0;0;1;1;15;A01
2,018E+11;1;7;0;3;0;1;0;A01
2,018E+11;1;13;0;0;2;2;1;B01
2,018E+11;1;7;0;0;2;6;15;A01
2,018E+11;1;10;0;0;1;1;16;A01
2,018E+11;1;7;0;9;2;5;1;B01
2,018E+11;1;7;0;0;2;1;1;A01
2,018E+11;1;37;5;0;1;3;9;A01
2,018E+11;2;7;0;0;1;2;1;A01
2,018E+11;2;7;0;0;1;1;1;A01
2,018E+11;1;7;0;0;2;3;0;A01
2,018E+11;1;7;0;0;2;8;0;B01
2,018E+11;1;10;0;0;2;1;2;B01
2,018E+11;1;7;0;0;2;4;2;A01
2,018E+11;0;7;0;0;1;3;1;A01
2,018E+11;0;7;0;0;2;4;2;B01
2,018E+11;0;7;0;0;2;1;2;A01
2,018E+11;0;34;0;0;2;1;1;B01
2,018E+11;0;7;0;0;2;8;19;A01
2,018E+11;0;37;49;1;0;7;0;A01
2,018E+11;0;37;1;0;2;3;23;B01
2,018E+11;0;7;0;0;1;1;1;A01
2,018E+11;0;33;0;14;0;1;0;A01
2,018E+11;0;7;0;0;0;5;1;C01
2,018E+11;0;7;0;0;2;1;12;A01
2,018E+11;0;7;0;0;0;1;1;B01
2,018E+11;1;7;0;0;2;1;17;A01
2,018E+11;2;7;0;0;2;1;15;B01
2,018E+11;2;7;0;0;1;1;1;A01
2,018E+11;1;7;0;0;1;2;13;A01
2,018E+11;1;7;0;0;1;1;15;A01
2,018E+11;0;7;0;0;2;6;10;A01
2,018E+11;0;2;0;0;2;1;2;B01
2,018E+11;2;1;0;0;2;7;2;B01
2,018E+11;1;10;0;0;2;1;16;A01
2,018E+11;0;7;0;0;1;1;9;A01
2,018E+11;1;37;25;0;1;8;15;A01
2,018E+11;1;7;0;0;2;4;2;B01
2,018E+11;2;7;0;0;2;1;2;A01
2,018E+11;0;7;0;0;2;1;1;A01
2,018E+11;0;7;0;0;2;1;1;B01
2,018E+11;1;7;0;0;1;3;15;A01
2,018E+11;0;7;0;0;2;7;1;A01
2,018E+11;0;7;0;0;2;1;1;B01
2,018E+11;0;37;1;0;2;3;16;A01
2,018E+11;0;14;0;0;2;7;1;B01
2,018E+11;1;7;0;0;2;7;2;B01
2,018E+11;2;7;0;0;2;2;15;A01
2,018E+11;2;7;0;0;2;1;1;B01
2,018E+11;1;7;0;0;2;3;19;A01
2,018E+11;1;7;0;0;2;3;15;A01
2,018E+11;2;1;0;0;2;3;1;B01
2,018E+11;0;10;0;0;2;1;1;B01
2,018E+11;0;10;0;0;2;7;15;A01