Num_Acc;senc;catv;occutc;obs;obsm;choc;manv;num_veh
2,018E+11;1;15;0;3;2;8;11;A01
2,018E+11;1;7;0;3;2;8;17;B01
2,018E+11;1;7;0;0;2;1;13;A01
2,018E+11;2;7;0;0;0;3;15;B01
2,018E+11;0;10;0;0;0;0;0;B01
2,018E+11;1;10;0;0;2;1;2;A01
2,018E+11;2;7;0;0;2;1;23;B01
2,018E+11;2;7;0;0;2;4;2;C01
2,018E+11;2;7;0;0;2;1;2;A01
2,018E+11;0;7;0;0;2;9;2;B01
2,018E+11;0;7;0;0;2;4;2;C01
2,018E+11;1;7;0;0;2;1;2;A01
2,018E+11;0;7;0;0;2;1;1;A01
2,018E+11;0;7;0;0;2;4;1;B01
2,018E+11;0;7;0;0;2;3;9;A01
2,018E+11;0;7;0;0;2;7;15;B01
2,018E+11;1;10;0;0;2;2;19;A01
2,018E+11;2;7;0;0;2;1;1;B01
2,018E+11;2;7;0;0;2;2;1;A01
2,018E+11;1;1;0;0;2;3;19;B01
2,018E+11;0;31;0;0;2;1;1;B01
2,018E+11;0;7;0;0;2;3;15;A01
2,018E+11;1;7;0;12;0;3;1;A01
2,018E+11;0;33;0;0;2;3;1;B01
2,018E+11;0;7;0;0;2;3;15;A01
2,018E+11;1;7;0;0;2;3;1;B01
2,018E+11;2;7;0;0;2;3;15;A01
2,018E+11;2;7;0;0;1;1;1;A01
2,018E+11;1;10;0;0;1;3;1;A01
2,018E+11;0;7;0;0;2;1;1;B01
2,018E+11;0;7;0;0;2;7;1;A01
2,018E+11;1;7;0;0;1;1;1;A01
2,018E+11;1;1;0;0;2;7;1;B01
2,018E+11;2;7;0;0;2;2;9;A01
2,018E+11;0;7;0;0;2;1;10;B01
2,018E+11;1;7;0;0;2;1;1;A01
2,018E+11;2;7;0;0;1;2;1;A01
2,018E+11;1;7;0;2;0;1;13;A01
2,018E+11;1;7;0;0;2;1;21;B01
2,018E+11;2;7;0;0;2;4;0;C01
2,018E+11;2;7;0;0;2;1;17;A01
2,018E+11;1;7;0;0;2;1;2;A01
2,018E+11;1;7;0;0;2;4;2;B01
2,018E+11;2;33;0;0;2;1;1;B01
2,018E+11;0;7;0;0;2;3;15;A01
2,018E+11;0;7;0;1;0;1;0;A01
2,018E+11;0;10;0;8;2;6;24;C01
2,018E+11;0;7;0;0;2;5;24;B01
2,018E+11;1;7;0;6;0;1;5;A01
2,018E+11;2;1;0;0;2;1;1;B01
2,018E+11;2;7;0;0;2;7;16;A01
2,018E+11;2;7;0;0;2;1;2;A01
2,018E+11;2;7;0;0;2;2;1;C01
2,018E+11;2;7;0;0;2;4;2;B01
2,018E+11;2;33;0;0;2;1;17;A01
2,018E+11;2;7;0;0;2;3;15;B01
2,018E+11;2;7;0;0;2;3;13;A01
2,018E+11;1;7;0;0;2;3;1;B01
2,018E+11;1;10;0;0;2;2;1;B01
2,018E+11;2;7;0;0;2;1;1;A01
2,018E+11;2;7;0;0;2;4;2;B01
2,018E+11;1;7;0;0;2;4;2;C01
2,018E+11;2;7;0;0;2;1;2;A01
2,018E+11;1;7;0;0;2;1;13;A01
2,018E+11;1;1;0;0;2;1;1;B01
2,018E+11;1;7;0;0;1;2;1;A01
2,018E+11;1;7;0;1;0;2;1;A01
2,018E+11;1;1;0;0;1;0;21;A01
2,018E+11;0;7;0;0;0;1;1;A01
2,018E+11;0;7;0;0;1;4;0;A01
2,018E+11;1;7;0;0;2;9;0;B01
2,018E+11;1;7;0;0;2;1;0;A01
2,018E+11;0;32;0;0;1;1;0;A01
2,018E+11;1;1;0;0;2;4;2;B01
2,018E+11;1;7;0;0;6;1;20;A01
2,018E+11;0;33;0;0;2;7;17;A01
2,018E+11;0;7;0;0;2;8;1;B01
2,018E+11;0;7;0;0;2;8;9;A01
2,018E+11;0;1;0;0;2;1;0;B01
2,018E+11;0;17;0;0;1;8;0;A01
2,018E+11;0;7;0;0;1;1;0;A01
2,018E+11;0;7;0;0;1;0;23;B01
2,018E+11;0;7;0;0;1;0;23;A01
2,018E+11;0;7;0;0;2;1;1;B01
2,018E+11;0;7;0;0;2;7;15;A01
2,018E+11;0;7;0;0;2;7;1;A01
2,018E+11;0;1;0;0;2;1;19;B01
2,018E+11;0;7;0;0;2;2;15;A01
2,018E+11;0;33;0;0;2;1;1;B01
2,018E+11;2;7;0;0;2;1;15;A01
2,018E+11;1;1;0;0;2;1;1;B01
2,018E+11;1;33;0;0;1;1;21;A01
2,018E+11;1;7;0;0;2;2;1;A01
2,018E+11;1;1;0;0;2;1;19;B01
2,018E+11;1;7;0;0;1;2;19;A01
2,018E+11;2;33;0;0;2;7;17;A01
2,018E+11;2;7;0;0;2;8;15;B01
2,018E+11;2;13;0;0;9;1;1;A01
2,018E+11;2;1;0;0;2;8;19;B01
2,018E+11;1;7;0;0;2;2;2;A01
2,018E+11;1;37;1;0;2;6;2;B01
2,018E+11;0;7;0;0;1;3;0;A01
2,018E+11;1;7;0;11;2;1;0;A01
2,018E+11;2;7;0;0;2;7;15;B01
2,018E+11;2;7;0;0;2;6;11;A01
2,018E+11;2;33;0;0;2;2;17;B01
2,018E+11;1;7;0;0;1;2;1;A01
2,018E+11;0;7;0;0;2;3;2;A01
2,018E+11;0;7;0;0;2;5;15;B01
2,018E+11;0;7;0;0;2;3;2;C01
2,018E+11;0;1;0;0;1;1;0;A01
2,018E+11;2;7;0;0;2;4;1;A01
2,018E+11;2;7;0;0;2;1;1;B01
2,018E+11;1;7;0;0;2;1;13;A01
2,018E+11;1;37;3;0;2;3;1;B01
2,018E+11;1;1;0;0;2;7;0;B01
2,018E+11;1;7;0;0;2;1;9;A01
2,018E+11;1;10;0;0;1;2;0;A01
2,018E+11;0;1;0;14;0;0;16;A01
2,018E+11;2;33;0;0;2;1;2;A01
2,018E+11;2;99;0;0;2;6;2;B01
2,018E+11;2;7;0;0;2;2;0;A01
2,018E+11;0;1;0;0;2;1;19;B01
2,018E+11;2;7;0;0;2;3;16;A01
2,018E+11;1;1;0;0;2;1;0;B01
2,018E+11;0;7;0;6;0;1;1;A01
2,018E+11;1;7;0;2;0;1;19;A01
2,018E+11;2;7;0;0;2;1;20;A01
2,018E+11;1;1;0;0;2;0;0;B01
2,018E+11;2;7;0;0;2;1;17;B01
2,018E+11;2;34;0;13;0;4;23;A01
2,018E+11;1;7;0;0;2;1;15;A01
2,018E+11;2;7;0;0;2;3;0;B01
2,018E+11;1;7;0;0;1;2;19;A01
2,018E+11;2;7;0;0;1;2;1;A01
2,018E+11;2;7;0;0;2;3;13;B01
2,018E+11;1;15;0;0;2;3;1;A01
2,018E+11;2;33;0;16;0;4;14;A01
2,018E+11;2;7;0;0;2;1;1;B01
2,018E+11;1;7;0;0;2;1;13;A01
2,018E+11;1;7;0;0;2;1;17;A01
2,018E+11;2;30;0;0;2;4;15;B01
2,018E+11;1;7;0;2;0;7;13;A01
2,018E+11;1;7;0;0;2;8;1;B01
2,018E+11;1;7;0;0;2;2;15;A01
2,018E+11;1;30;0;0;2;8;19;A01
2,018E+11;2;7;0;0;2;3;1;B01
2,018E+11;1;7;0;0;2;2;13;A01
2,018E+11;2;7;0;0;2;2;1;B01
2,018E+11;1;7;0;0;1;1;1;A01
2,018E+11;2;7;0;6;0;2;17;A01
2,018E+11;1;7;0;0;1;2;1;A01
2,018E+11;1;7;0;0;1;1;1;A01
2,018E+11;2;33;0;0;2;1;17;A01
2,018E+11;2;7;0;0;2;3;0;B01
2,018E+11;1;7;0;0;2;1;1;B01
2,018E+11;2;7;0;0;2;1;17;A01
2,018E+11;1;7;0;0;2;3;9;A01
2,018E+11;1;7;0;0;2;2;1;B01
2,018E+11;1;7;0;0;1;3;0;A01
2,018E+11;2;7;0;0;2;1;0;B01
2,018E+11;1;7;0;0;2;3;1;A01
2,018E+11;1;7;0;10;2;5;1;A01
2,018E+11;1;7;0;0;2;3;17;B01
2,018E+11;2;15;0;0;2;7;1;C01
2,018E+11;2;7;0;16;2;3;12;A01
2,018E+11;2;14;0;0;2;5;1;B01
2,018E+11;1;7;0;0;2;8;11;A01
2,018E+11;1;32;0;0;2;1;17;B01
2,018E+11;1;30;0;0;1;1;0;A01
2,018E+11;2;7;0;1;2;0;0;E01
2,018E+11;1;7;0;0;2;1;1;A01
2,018E+11;2;7;0;1;2;0;0;D01
2,018E+11;2;7;0;0;2;0;0;1 F
2,018E+11;2;7;0;0;2;0;0;C01
2,018E+11;2;7;0;0;2;2;15;B01
2,018E+11;2;33;0;0;2;1;1;A01
2,018E+11;2;7;0;0;2;4;1;B01
2,018E+11;2;7;0;0;6;6;1;A01
2,018E+11;2;33;0;0;2;1;17;B01
2,018E+11;2;7;0;0;1;1;16;A01
2,018E+11;2;7;0;0;1;5;0;A01
2,018E+11;1;36;0;0;2;1;13;A01
2,018E+11;2;7;0;0;2;1;1;B01
2,018E+11;1;7;0;0;2;1;1;B01
2,018E+11;1;7;0;0;2;1;1;C01
2,018E+11;1;7;0;0;2;1;1;D01
2,018E+11;2;7;0;0;2;1;5;A01
2,018E+11;0;7;0;0;2;1;1;B01
2,018E+11;0;7;0;0;2;2;1;A01
2,018E+11;2;7;0;0;1;1;1;A01
2,018E+11;1;7;0;8;2;1;1;A01
2,018E+11;2;7;0;0;2;8;1;B01
2,018E+11;2;33;0;1;0;1;1;A01
2,018E+11;1;7;0;0;1;2;16;A01
2,018E+11;1;7;0;1;0;0;1;A01
2,018E+11;1;7;0;0;1;1;0;A01
2,018E+11;1;7;0;0;1;0;1;Z01
2,018E+11;1;7;0;0;1;1;15;A01
2,018E+11;1;7;0;0;1;1;0;A01
2,018E+11;1;7;0;1;0;0;1;D01
2,018E+11;1;7;0;1;2;9;1;B01
2,018E+11;1;7;0;0;2;9;1;C01
2,018E+11;1;7;0;0;2;9;1;A01
2,018E+11;1;34;0;1;2;7;2;B01
2,018E+11;1;7;0;0;2;8;22;A01
2,018E+11;1;7;0;0;2;1;1;B01
2,018E+11;1;7;0;0;2;1;16;A01
2,018E+11;1;3;0;0;2;1;15;A01
2,018E+11;1;7;0;0;2;1;1;Z01
2,018E+11;1;7;0;0;2;1;1;C01
2,018E+11;1;7;0;0;2;4;15;A01
2,018E+11;1;7;0;0;2;1;1;D01
2,018E+11;1;7;0;0;2;4;1;B01
2,018E+11;1;7;0;0;2;4;1;E01
2,018E+11;1;7;0;0;1;2;1;A01
2,018E+11;1;7;0;0;1;2;7;A01
2,018E+11;1;7;0;0;2;1;1;A01
2,018E+11;1;7;0;0;2;4;2;B01
2,018E+11;1;7;0;0;2;4;0;C01
2,018E+11;1;7;0;0;2;9;1;A01
2,018E+11;1;7;0;0;2;8;0;B01
2,018E+11;1;7;0;0;1;1;1;A01
2,018E+11;1;99;0;0;2;1;0;A01
2,018E+11;1;7;0;0;2;4;1;C01
2,018E+11;1;7;0;0;2;8;1;A01
2,018E+11;1;7;0;0;2;1;1;B01
2,018E+11;1;7;0;0;9;7;16;B01
2,018E+11;1;1;0;0;2;3;15;A01
2,018E+11;1;7;0;0;2;5;15;A01
2,018E+11;1;7;0;0;2;0;1;C01
2,018E+11;1;7;0;0;2;3;0;B01
2,018E+11;1;7;0;0;1;1;15;A01
2,018E+11;1;33;0;0;2;1;1;B01
2,018E+11;1;7;0;0;2;1;17;A01
2,018E+11;1;7;0;0;2;1;1;A01
2,018E+11;1;7;0;0;2;4;1;C01
2,018E+11;1;7;0;0;2;1;1;B01
2,018E+11;1;7;0;0;1;1;1;A01
2,018E+11;1;7;0;0;2;4;1;B01
2,018E+11;1;7;0;0;1;1;1;Z01
2,018E+11;1;7;0;0;1;1;0;Z01
2,018E+11;1;7;0;0;2;1;9;B01
2,018E+11;1;7;0;0;2;1;1;A01
2,018E+11;1;7;0;0;2;2;2;C01
2,018E+11;1;1;0;0;1;1;1;A01
2,018E+11;1;7;0;0;2;5;2;A01
2,018E+11;1;37;3;0;2;3;7;B01
2,018E+11;1;7;0;0;2;1;2;A01
2,018E+11;1;7;0;0;2;4;2;B01
2,018E+11;1;1;0;0;2;1;9;B01
2,018E+11;1;7;0;0;9;6;1;A01
2,018E+11;1;7;0;0;2;1;1;B01
2,018E+11;1;7;0;0;2;1;9;A01
2,018E+11;1;7;0;0;1;6;4;A01
2,018E+11;1;7;0;0;2;1;1;B01
2,018E+11;1;7;0;0;2;1;5;A01
2,018E+11;1;7;0;0;1;7;1;Z01
2,018E+11;1;30;0;0;2;4;2;B01
2,018E+11;1;7;0;0;2;1;9;A01
2,018E+11;1;7;0;0;2;1;2;A01
2,018E+11;1;7;0;0;2;4;2;B01
2,018E+11;1;7;0;0;1;0;0;Z01
2,018E+11;1;7;0;0;2;1;1;B01
2,018E+11;1;7;0;0;2;5;1;A01
2,018E+11;1;7;0;0;2;4;2;B01
2,018E+11;1;7;0;0;2;1;2;A01
2,018E+11;1;7;0;0;2;7;20;A01
2,018E+11;1;30;0;0;2;3;1;B01
2,018E+11;1;7;0;0;2;1;1;Z01
2,018E+11;1;7;0;0;2;1;23;D01
2,018E+11;1;7;0;0;2;2;1;B01
2,018E+11;1;7;0;0;2;3;23;C01
2,018E+11;1;7;0;0;2;2;15;A01
2,018E+11;1;7;0;0;2;1;1;B01
2,018E+11;1;7;0;0;2;1;15;A01
2,018E+11;1;7;0;0;2;1;1;B01
2,018E+11;1;7;0;0;2;1;2;A01
2,018E+11;1;7;0;0;2;4;2;B01
2,018E+11;1;7;0;0;1;3;1;A01
2,018E+11;1;7;0;0;1;3;1;A01
2,018E+11;1;7;0;0;2;4;2;B01
2,018E+11;1;7;0;0;2;4;2;C01
2,018E+11;1;7;0;0;2;1;2;A01
2,018E+11;1;7;0;0;2;4;2;D01
2,018E+11;1;7;0;0;1;1;1;A01
2,018E+11;1;1;0;0;2;7;19;A01
2,018E+11;1;7;0;0;9;1;1;B01
2,018E+11;1;7;0;0;2;1;2;A01
2,018E+11;1;7;0;0;2;4;2;B01
2,018E+11;1;7;0;0;1;1;0;Z01
2,018E+11;1;32;0;0;1;0;0;Z01
2,018E+11;1;7;0;0;2;4;2;C01
2,018E+11;1;7;0;0;2;4;2;B01
2,018E+11;1;7;0;0;2;1;2;A01
2,018E+11;1;31;0;0;2;2;1;B01
2,018E+11;1;7;0;0;2;8;15;A01
2,018E+11;1;7;0;0;1;1;1;A01
2,018E+11;1;7;0;0;1;1;1;Z01
2,018E+11;1;7;0;0;1;4;4;A01
2,018E+11;1;7;0;0;2;4;23;A01
2,018E+11;1;7;0;0;2;1;1;Z01
2,018E+11;1;7;0;0;2;1;2;A01
2,018E+11;1;7;0;0;2;4;2;B01
2,018E+11;1;7;0;0;2;4;23;B01
2,018E+11;1;7;0;0;2;1;2;A01
2,018E+11;1;7;0;8;0;1;1;A01
2,018E+11;1;7;0;0;2;1;2;A01
2,018E+11;1;2;0;0;2;4;1;B01
2,018E+11;1;7;0;0;2;4;2;C01
2,018E+11;1;7;0;0;2;1;1;A01
2,018E+11;1;7;0;0;2;4;2;B01
2,018E+11;1;7;0;14;0;1;1;A01
2,018E+11;1;7;0;0;2;1;1;B01
2,018E+11;1;7;0;0;2;8;1;A01
2,018E+11;1;7;0;0;1;1;1;A01
2,018E+11;1;7;0;0;1;8;17;A01
2,018E+11;1;1;0;0;2;8;13;A01
2,018E+11;1;7;0;0;9;8;1;B01
2,018E+11;1;7;0;0;1;3;15;A01
2,018E+11;1;7;0;0;2;3;2;A01
2,018E+11;1;32;0;0;2;7;2;B01
2,018E+11;1;7;0;0;2;1;1;A01
2,018E+11;1;7;0;0;2;1;1;B01
2,018E+11;1;7;0;0;2;1;15;A01
2,018E+11;1;7;0;0;2;1;1;B01
2,018E+11;1;7;0;0;2;3;2;A01
2,018E+11;1;31;0;0;2;2;2;B01
2,018E+11;1;7;0;0;1;1;1;A01
2,018E+11;1;7;0;6;2;2;1;A01
2,018E+11;1;7;0;0;2;4;1;B01
2,018E+11;1;7;0;0;2;1;1;A01
2,018E+11;1;7;0;0;2;1;13;B01
2,018E+11;2;7;0;0;2;3;1;A01
2,018E+11;1;1;0;0;2;7;1;B01
2,018E+11;1;7;0;0;9;7;1;A01
2,018E+11;1;7;0;0;1;1;2;A01
2,018E+11;1;7;0;0;2;1;2;A01
2,018E+11;1;7;0;0;2;4;2;B01
2,018E+11;1;1;0;0;2;5;3;A01
2,018E+11;1;7;0;0;9;5;1;B01
2,018E+11;1;7;0;0;1;1;1;A01
2,018E+11;1;7;0;0;1;8;1;A01
2,018E+11;1;7;0;0;2;4;1;B01
2,018E+11;1;7;0;0;2;7;1;C01
2,018E+11;1;7;0;0;2;1;1;A01
2,018E+11;1;7;0;0;2;8;1;B01
2,018E+11;1;7;0;0;2;1;1;A01
2,018E+11;1;7;0;0;1;8;1;A01
2,018E+11;1;7;0;0;2;7;1;B01
2,018E+11;1;7;0;0;2;4;2;C01
2,018E+11;1;7;0;0;2;1;1;A01
2,018E+11;1;7;0;0;2;4;2;B01
2,018E+11;1;7;0;0;1;1;1;A01
2,018E+11;1;7;0;0;1;2;16;A01
2,018E+11;1;7;0;0;2;2;1;B01
2,018E+11;1;7;0;0;2;1;16;A01
2,018E+11;1;7;0;0;2;1;2;A01
2,018E+11;1;7;0;0;2;4;2;B01
2,018E+11;1;7;0;0;2;1;17;A01
2,018E+11;1;7;0;0;2;8;10;B01
2,018E+11;1;7;0;0;2;4;2;B01
2,018E+11;1;7;0;0;2;1;2;A01
2,018E+11;1;7;0;0;2;3;13;B01
2,018E+11;1;33;0;0;2;1;13;A01
2,018E+11;1;7;0;0;2;1;2;A01
2,018E+11;1;7;0;0;2;4;1;B01
2,018E+11;1;7;0;1;1;3;1;B01
2,018E+11;1;7;0;0;2;2;1;A01
2,018E+11;1;7;0;0;2;7;1;B01
2,018E+11;1;7;0;0;2;8;11;A01
2,018E+11;1;7;0;1;1;2;0;A01
2,018E+11;1;7;0;0;2;5;24;B01
2,018E+11;1;7;0;0;6;7;14;B01
2,018E+11;1;1;0;0;2;8;1;A01
2,018E+11;1;10;0;0;2;3;9;A01
2,018E+11;1;7;0;0;2;5;9;B01
2,018E+11;1;13;0;0;1;2;0;A01
2,018E+11;1;7;0;0;1;1;1;A01
2,018E+11;1;33;0;0;2;1;18;A01
2,018E+11;1;7;0;0;2;8;20;C01
2,018E+11;1;7;0;0;2;5;0;B01
2,018E+11;1;99;0;0;1;0;15;Z01
2,018E+11;1;7;0;0;1;1;1;A01
2,018E+11;1;33;0;0;2;2;1;B01
2,018E+11;1;7;0;0;2;3;15;A01
2,018E+11;1;7;0;0;1;1;1;A01
2,018E+11;1;2;0;0;2;1;1;A01
2,018E+11;1;99;0;0;2;4;12;Z01
2,018E+11;1;7;0;0;2;8;1;B01
2,018E+11;1;99;0;0;2;1;1;Z01
2,018E+11;1;33;0;0;2;2;1;B01
2,018E+11;1;7;0;0;2;8;1;A01
2,018E+11;1;7;0;8;0;1;0;B01
2,018E+11;1;7;0;8;0;1;21;A01
2,018E+11;1;7;0;0;6;2;16;A01
2,018E+11;1;7;0;0;2;8;0;B01
2,018E+11;1;7;0;0;1;1;1;A01
2,018E+11;1;7;0;0;1;1;15;A01
2,018E+11;1;2;0;12;2;0;20;B01
2,018E+11;1;7;0;14;0;7;1;Z01
2,018E+11;1;2;0;0;2;0;0;B01
2,018E+11;1;7;0;0;6;1;0;Z01
2,018E+11;1;30;0;0;2;1;14;A01
2,018E+11;1;7;0;0;2;7;16;B01
2,018E+11;1;7;0;0;2;1;1;C01
2,018E+11;1;7;0;0;2;1;1;B01
2,018E+11;1;7;0;0;2;1;1;A01
2,018E+11;1;7;0;0;2;1;1;D01
2,018E+11;1;7;0;0;2;1;1;E01
2,018E+11;1;7;0;0;1;2;1;A01
2,018E+11;1;7;0;0;1;8;15;A01
2,018E+11;1;1;0;0;2;1;1;B01
2,018E+11;1;7;0;0;6;1;10;A01
2,018E+11;1;7;0;6;0;1;0;A01
2,018E+11;1;7;0;0;2;2;1;A01
2,018E+11;1;7;0;0;2;4;23;B01
2,018E+11;1;7;0;0;2;5;1;B01
2,018E+11;1;7;0;0;2;1;1;A01
2,018E+11;1;7;0;0;1;1;1;A01
2,018E+11;1;7;0;0;2;2;15;B01
2,018E+11;1;2;0;0;2;1;15;A01
2,018E+11;1;2;0;0;2;1;1;A01
2,018E+11;1;7;0;0;2;1;15;B01
2,018E+11;1;7;0;0;2;7;1;A01
2,018E+11;1;7;0;0;2;8;1;B01
2,018E+11;1;2;0;0;2;3;2;B01
2,018E+11;1;7;0;0;6;3;2;A01
2,018E+11;1;7;0;6;1;1;1;A01
2,018E+11;1;7;0;0;2;1;1;B01
2,018E+11;1;1;0;0;2;1;1;A01
2,018E+11;1;7;0;0;6;2;16;B01
2,018E+11;1;7;0;6;0;1;16;A01
2,018E+11;1;7;0;0;6;7;17;A01
2,018E+11;1;2;0;0;2;1;0;B01
2,018E+11;1;7;0;0;2;4;1;B01
2,018E+11;1;7;0;0;2;0;12;Z01
2,018E+11;1;7;0;0;2;4;1;B01
2,018E+11;1;7;0;0;2;1;1;A01
2,018E+11;1;7;0;0;1;7;1;A01
2,018E+11;1;7;0;0;2;4;2;B01
2,018E+11;1;7;0;0;2;4;2;C01
2,018E+11;1;7;0;0;2;1;2;A01
2,018E+11;1;33;0;0;2;3;1;B01
2,018E+11;1;7;0;0;2;3;15;A01
2,018E+11;1;7;0;0;2;1;1;A01
2,018E+11;1;7;0;0;2;4;2;C01
2,018E+11;1;7;0;0;2;4;2;B01
2,018E+11;1;7;0;0;1;1;1;A01
2,018E+11;1;7;0;0;1;3;15;A01
2,018E+11;1;7;0;0;2;1;1;B01
2,018E+11;1;33;0;0;2;7;1;A01
2,018E+11;1;14;0;0;1;1;16;A01
2,018E+11;1;7;0;0;2;1;2;Z01
2,018E+11;1;7;0;0;2;4;2;A01
2,018E+11;1;7;0;0;2;8;1;A01
2,018E+11;1;7;0;0;2;1;2;Z01
2,018E+11;1;7;0;0;2;3;15;A01
2,018E+11;1;7;0;0;2;5;1;B01
2,018E+11;1;7;0;0;2;1;1;A01
2,018E+11;1;7;0;0;2;3;1;B01
2,018E+11;1;2;0;0;1;1;5;Z01
2,018E+11;1;7;0;0;1;1;15;A01
2,018E+11;1;7;0;0;1;1;1;A01
2,018E+11;1;10;0;0;0;0;24;B01
2,018E+11;1;10;0;0;2;1;0;A01
2,018E+11;1;7;0;0;1;1;1;A01
2,018E+11;1;7;0;0;2;7;1;A01
2,018E+11;1;7;0;0;2;1;1;B01
2,018E+11;1;7;0;0;2;7;1;B01
2,018E+11;1;7;0;1;0;6;20;A01
2,018E+11;1;7;0;0;2;5;0;C01
2,018E+11;1;7;0;0;1;1;16;A01
2,018E+11;1;37;2;0;2;3;1;B01
2,018E+11;1;7;0;0;;0;17;Z01
2,018E+11;1;7;0;0;2;6;2;B01
2,018E+11;1;7;0;0;2;2;2;A01
2,018E+11;1;7;0;0;2;4;0;C01
2,018E+11;1;7;0;0;2;1;1;A01
2,018E+11;1;7;0;0;2;4;2;B01
2,018E+11;1;7;0;0;1;0;1;Z01
2,018E+11;1;7;0;0;1;4;0;A01
2,018E+11;1;7;0;0;1;8;20;A01
2,018E+11;1;7;0;0;2;4;1;B01
2,018E+11;1;7;0;0;2;1;1;A01
2,018E+11;1;33;0;0;2;8;0;B01
2,018E+11;1;7;0;0;2;7;2;A01
2,018E+11;1;7;0;0;1;1;1;A01
2,018E+11;1;7;0;0;2;1;1;A01
2,018E+11;1;7;0;0;2;8;1;B01
2,018E+11;1;10;0;0;1;0;0;A01
2,018E+11;1;7;0;0;2;8;1;A01
2,018E+11;1;7;0;0;2;1;1;B01
2,018E+11;1;7;0;0;1;1;1;A01
2,018E+11;1;32;0;0;2;1;1;A01
2,018E+11;1;7;0;0;2;3;1;B01
2,018E+11;1;7;0;0;2;4;2;B01
2,018E+11;1;2;0;0;2;1;2;A01
2,018E+11;1;7;0;0;2;1;1;A01
2,018E+11;1;7;0;0;2;2;15;B01
2,018E+11;1;7;0;0;2;2;1;B01
2,018E+11;1;7;0;0;2;1;16;A01
2,018E+11;1;1;0;0;1;0;0;Z01
2,018E+11;1;7;0;0;2;1;2;A01
2,018E+11;1;2;0;0;2;4;2;B01
2,018E+11;1;7;0;0;2;1;1;B01
2,018E+11;1;7;0;0;2;2;15;A01
2,018E+11;1;33;0;0;2;4;2;B01
2,018E+11;1;7;0;0;2;1;2;A01
2,018E+11;1;7;0;0;2;4;2;C01
2,018E+11;1;7;0;0;2;4;2;B01
2,018E+11;1;13;0;0;2;1;2;A01
2,018E+11;1;7;0;0;1;2;0;Z01
2,018E+11;1;1;0;0;2;8;1;B01
2,018E+11;1;7;0;0;;2;1;A01
2,018E+11;1;7;0;0;2;8;0;A01
2,018E+11;1;7;0;0;2;3;0;C01
2,018E+11;1;7;0;0;2;1;0;B01
2,018E+11;1;7;0;8;0;3;0;A01
2,018E+11;1;7;0;0;1;1;17;Z01
2,018E+11;1;7;0;0;2;0;15;Z01
2,018E+11;1;32;0;0;2;1;2;B01
2,018E+11;1;37;2;0;2;2;2;B01
2,018E+11;1;7;0;0;2;6;9;A01
2,018E+11;1;7;0;0;2;4;2;B01
2,018E+11;1;7;0;0;2;4;2;D01
2,018E+11;1;7;0;0;2;4;2;C01
2,018E+11;1;7;0;0;2;1;2;A01
2,018E+11;1;7;0;0;2;5;2;B01
2,018E+11;1;7;0;0;2;3;2;A01
2,018E+11;1;7;0;0;2;4;2;B01
2,018E+11;1;7;0;0;2;1;2;A01
2,018E+11;1;7;0;0;2;5;14;Z01
2,018E+11;1;32;0;0;2;1;1;B01
2,018E+11;1;7;0;0;2;1;1;B01
2,018E+11;1;7;0;0;2;3;15;A01
2,018E+11;1;7;0;0;2;1;2;Z01
2,018E+11;1;7;0;0;2;4;1;B01
2,018E+11;1;7;0;0;2;1;15;A01
2,018E+11;1;7;0;0;2;7;1;B01
2,018E+11;1;7;0;0;1;1;1;A01
2,018E+11;1;7;0;0;2;4;2;B01
2,018E+11;1;7;0;0;2;1;1;A01
2,018E+11;1;7;0;0;1;1;1;A01
2,018E+11;1;7;0;0;1;1;1;A01
2,018E+11;1;1;0;0;2;1;1;B01
2,018E+11;1;7;0;0;2;1;1;Z01
2,018E+11;1;7;0;0;2;1;1;B01
2,018E+11;1;37;1;0;2;1;1;A01
2,018E+11;1;3;0;0;2;7;1;B01
2,018E+11;1;7;0;0;2;1;9;A01
2,018E+11;1;7;0;0;2;5;4;A01
2,018E+11;1;7;0;0;2;3;4;B01
2,018E+11;1;7;0;0;2;4;13;A01
2,018E+11;1;33;0;0;2;4;1;B01
2,018E+11;1;7;0;0;1;4;4;A01
2,018E+11;1;30;0;0;2;7;2;A01
2,018E+11;1;7;0;0;2;1;1;B01
2,018E+11;1;7;0;0;6;4;1;B01
2,018E+11;1;1;0;0;2;1;2;A01
2,018E+11;1;33;0;0;1;1;1;A01
2,018E+11;1;33;0;0;1;0;0;Z01
2,018E+11;1;7;0;0;6;1;1;Z01
2,018E+11;1;30;0;0;2;4;23;B01
2,018E+11;1;1;0;0;1;0;1;Z01
2,018E+11;1;7;0;0;2;3;1;A01
2,018E+11;1;7;0;0;2;3;1;B01
2,018E+11;1;7;0;0;1;1;1;B01
2,018E+11;1;7;0;0;2;8;1;A01
2,018E+11;1;7;0;0;2;1;1;B01
2,018E+11;1;7;0;0;6;1;1;A01
2,018E+11;1;33;0;0;2;8;1;B01
2,018E+11;1;7;0;0;1;1;1;A01
2,018E+11;1;33;0;0;2;1;1;B01
2,018E+11;1;7;0;0;6;3;1;A01
2,018E+11;1;99;0;0;2;4;5;A01
2,018E+11;1;7;0;0;0;3;1;B01
2,018E+11;1;7;0;0;2;3;1;Z01
2,018E+11;1;7;0;0;2;3;1;A01
2,018E+11;1;7;0;3;0;1;0;A01
2,018E+11;1;7;0;0;1;2;1;A01
2,018E+11;1;7;0;0;2;3;1;D01
2,018E+11;1;7;0;0;2;6;1;B01
2,018E+11;1;15;0;0;2;8;1;C01