Num_Acc;senc;catv;occutc;obs;obsm;choc;manv;num_veh
2,018E+11;1;33;0;0;2;1;1;A01
2,018E+11;1;1;0;0;2;1;1;B01
2,018E+11;1;7;0;0;6;7;1;A01
2,018E+11;1;7;0;1;0;4;24;B01
2,018E+11;1;7;0;1;0;2;1;A01
2,018E+11;1;7;0;1;0;4;24;C01
2,018E+11;1;7;0;0;2;4;1;C01
2,018E+11;1;7;0;0;2;1;1;B01
2,018E+11;1;7;0;0;2;1;1;A01
2,018E+11;1;7;0;0;2;1;15;A01
2,018E+11;1;7;0;0;2;8;1;B01
2,018E+11;1;7;0;0;2;1;2;A01
2,018E+11;1;7;0;0;2;4;2;B01
2,018E+11;1;7;0;0;1;1;1;A01
2,018E+11;1;7;0;0;1;1;1;A01
2,018E+11;1;7;0;0;2;2;15;B01
2,018E+11;1;7;0;0;2;1;1;A01
2,018E+11;1;33;0;0;2;7;1;B01
2,018E+11;1;7;0;0;6;1;16;A01
2,018E+11;1;7;0;0;2;2;1;B01
2,018E+11;1;7;0;0;2;3;9;A01
2,018E+11;1;7;0;0;2;0;1;B01
2,018E+11;1;7;0;0;2;3;15;A01
2,018E+11;1;7;0;0;1;1;0;Z01
2,018E+11;1;7;0;0;2;7;1;B01
2,018E+11;1;7;0;0;2;1;1;A01
2,018E+11;1;7;0;0;2;4;1;B01
2,018E+11;1;33;0;0;2;1;2;A01
2,018E+11;1;2;0;0;2;1;15;A01
2,018E+11;1;7;0;0;2;3;1;B01
2,018E+11;1;7;0;0;6;2;1;A01
2,018E+11;1;1;0;0;2;1;1;B01
2,018E+11;1;7;0;0;2;1;1;A01
2,018E+11;1;32;0;0;2;4;1;B01
2,018E+11;1;1;0;0;2;1;17;A01
2,018E+11;1;7;0;0;6;3;10;B01
2,018E+11;1;7;0;0;2;4;1;C01
2,018E+11;1;7;0;0;2;1;2;A01
2,018E+11;1;7;0;0;2;1;2;B01
2,018E+11;1;7;0;0;2;1;2;A01
2,018E+11;1;7;0;0;2;4;2;B01
2,018E+11;1;1;0;0;2;1;1;B01
2,018E+11;1;7;0;0;6;8;24;A01
2,018E+11;1;7;0;0;2;1;2;A01
2,018E+11;1;7;0;0;2;4;2;B01
2,018E+11;1;1;0;0;2;1;1;B01
2,018E+11;1;7;0;0;;8;1;A01
2,018E+11;1;7;0;0;1;0;0;Z01
2,018E+11;1;7;0;0;2;4;1;B01
2,018E+11;1;7;0;0;2;2;1;A01
2,018E+11;1;7;0;0;1;1;1;A01
2,018E+11;1;2;0;0;1;3;1;A01
2,018E+11;1;7;0;0;1;1;1;A01
2,018E+11;1;33;0;0;2;1;1;A01
2,018E+11;1;7;0;0;2;8;15;B01
2,018E+11;1;7;0;0;2;4;2;B01
2,018E+11;1;7;0;0;2;3;2;A01
2,018E+11;1;7;0;0;1;0;1;Z01
2,018E+11;1;7;0;0;2;1;2;A01
2,018E+11;1;7;0;0;2;4;2;B01
2,018E+11;1;7;0;0;2;7;1;B01
2,018E+11;1;7;0;0;2;8;1;A01
2,018E+11;1;33;0;0;1;7;1;A01
2,018E+11;1;7;0;0;1;7;1;A01
2,018E+11;1;30;0;0;2;1;16;A01
2,018E+11;1;7;0;0;;8;1;B01
2,018E+11;1;7;0;0;1;7;1;A01
2,018E+11;1;32;0;0;2;1;1;A01
2,018E+11;1;7;0;0;2;8;13;B01
2,018E+11;1;7;0;0;2;8;0;B01
2,018E+11;1;7;0;0;2;4;0;A01
2,018E+11;1;7;0;2;2;1;0;C01
2,018E+11;1;7;0;0;2;1;1;A01
2,018E+11;1;7;0;0;2;1;0;B01
2,018E+11;1;7;0;0;2;4;10;A01
2,018E+11;1;33;0;0;2;8;1;B01
2,018E+11;1;33;0;0;2;1;1;B01
2,018E+11;1;7;0;0;2;3;14;A01
2,018E+11;1;7;0;0;0;2;1;A01
2,018E+11;1;32;0;0;0;1;1;B01
2,018E+11;1;7;0;0;2;2;16;B01
2,018E+11;1;33;0;0;2;1;7;A01
2,018E+11;1;7;0;0;1;7;1;A01
2,018E+11;1;7;0;0;2;8;11;B01
2,018E+11;1;31;0;0;2;4;1;B01
2,018E+11;1;10;0;0;2;2;1;A01
2,018E+11;1;7;0;0;2;3;1;B01
2,018E+11;1;7;0;0;2;1;15;A01
2,018E+11;1;2;0;0;2;8;7;A01
2,018E+11;1;7;0;0;2;7;1;B01
2,018E+11;1;7;0;1;0;2;1;A01
2,018E+11;1;7;0;0;2;6;0;B01
2,018E+11;1;2;0;0;2;7;1;A01
2,018E+11;1;7;0;0;2;7;1;B01
2,018E+11;1;7;0;0;2;1;2;A01
2,018E+11;1;7;0;0;2;4;2;B01
2,018E+11;1;7;0;0;1;1;1;A01
2,018E+11;1;7;0;0;1;1;2;Z01
2,018E+11;1;7;0;0;2;1;2;A01
2,018E+11;1;7;0;0;2;4;2;B01
2,018E+11;1;7;0;0;2;0;0;Z01
2,018E+11;1;7;0;0;2;1;1;B01
2,018E+11;0;7;0;0;1;1;1;A01
2,018E+11;0;7;0;0;1;1;1;A01
2,018E+11;1;7;0;0;2;1;1;A01
2,018E+11;1;2;0;0;2;8;0;B01
2,018E+11;1;33;0;0;;1;1;A01
2,018E+11;1;1;0;0;2;1;1;B01
2,018E+11;1;7;0;0;1;1;1;A01
2,018E+11;1;7;0;0;2;1;1;A01
2,018E+11;1;7;0;0;2;1;1;B01
2,018E+11;1;7;0;9;0;1;1;A01
2,018E+11;1;7;0;0;2;1;1;B01
2,018E+11;1;7;0;0;2;5;1;A01
2,018E+11;1;7;0;0;1;2;15;A01
2,018E+11;1;7;0;0;2;1;10;A01
2,018E+11;1;33;0;0;2;1;1;B01
2,018E+11;1;33;0;0;2;5;1;B01
2,018E+11;1;7;0;0;2;7;1;A01
2,018E+11;1;7;0;0;1;1;1;A01
2,018E+11;1;7;0;0;1;1;1;A01
2,018E+11;1;17;0;0;4;1;1;A01
2,018E+11;1;39;120;0;2;0;1;B01
2,018E+11;1;7;0;0;2;0;1;B01
2,018E+11;1;7;0;0;2;0;1;A01
2,018E+11;0;7;0;0;1;0;0;Z01
2,018E+11;1;7;0;0;2;7;20;B01
2,018E+11;1;32;0;0;2;1;1;A01
2,018E+11;1;37;4;0;2;1;1;B01
2,018E+11;1;7;0;0;2;1;1;A01
2,018E+11;1;7;0;0;2;0;0;A01
2,018E+11;1;7;0;0;2;0;0;B01
2,018E+11;1;30;0;0;2;7;1;B01
2,018E+11;1;7;0;0;2;3;1;A01
2,018E+11;1;1;0;0;1;0;0;Z01
2,018E+11;1;7;0;0;1;1;20;A01
2,018E+11;1;7;0;0;9;5;12;Z01
2,018E+11;1;1;0;0;2;4;1;B01
2,018E+11;1;7;0;0;2;1;13;A01
2,018E+11;1;7;0;1;2;4;1;B01
2,018E+11;1;7;0;0;2;2;15;B01
2,018E+11;1;33;0;9;2;1;7;A01
2,018E+11;1;7;0;0;1;1;15;A01
2,018E+11;1;7;0;0;1;1;0;A01
2,018E+11;1;7;0;0;1;3;15;A01
2,018E+11;1;7;0;0;2;1;1;A01
2,018E+11;1;7;0;0;2;1;1;B01
2,018E+11;1;7;0;0;1;0;15;A01
2,018E+11;1;7;0;0;1;1;1;Z01
2,018E+11;1;7;0;0;1;1;0;A01
2,018E+11;1;7;0;0;1;1;1;A01
2,018E+11;1;33;0;0;2;1;1;B01
2,018E+11;2;7;0;0;2;3;15;A01
2,018E+11;2;7;0;0;2;3;19;A01
2,018E+11;1;7;0;0;2;2;0;B01
2,018E+11;2;7;0;2;0;8;14;A01
2,018E+11;1;7;0;0;1;2;1;A01
2,018E+11;2;33;0;0;2;1;17;B01
2,018E+11;2;7;0;0;2;3;17;A01
2,018E+11;1;7;0;0;2;1;2;A01
2,018E+11;1;7;0;0;2;4;2;B01
2,018E+11;2;2;0;0;2;8;18;B01
2,018E+11;1;10;0;0;2;5;15;A01
2,018E+11;0;7;0;0;2;7;19;A01
2,018E+11;2;7;0;0;2;1;1;B01
2,018E+11;0;7;0;15;0;2;16;A01
2,018E+11;1;7;0;0;1;4;20;A01
2,018E+11;2;7;0;0;2;1;1;B01
2,018E+11;1;7;0;0;2;7;1;A01
2,018E+11;0;1;0;0;2;1;19;A01
2,018E+11;2;7;0;0;2;2;1;B01
2,018E+11;1;7;0;14;2;4;2;C01
2,018E+11;1;7;0;14;2;1;2;A01
2,018E+11;1;7;0;14;2;4;2;B01
2,018E+11;0;7;0;0;2;3;13;A01
2,018E+11;0;7;0;8;2;3;1;B01
2,018E+11;1;7;0;0;2;4;1;B01
2,018E+11;1;7;0;0;2;1;2;A01
2,018E+11;0;2;0;0;2;1;1;B01
2,018E+11;0;7;0;0;2;3;15;A01
2,018E+11;0;7;0;0;2;8;16;B01
2,018E+11;2;7;0;0;2;8;1;C01
2,018E+11;1;7;0;0;2;1;21;A01
2,018E+11;1;33;0;0;0;0;0;A01
2,018E+11;2;10;0;0;2;1;15;A01
2,018E+11;2;7;0;0;2;4;15;B01
2,018E+11;1;10;0;0;1;1;16;A01
2,018E+11;0;7;0;0;1;1;20;A01
2,018E+11;2;7;0;0;2;3;19;A01
2,018E+11;1;10;0;0;2;3;0;C01
2,018E+11;2;7;0;0;2;1;1;B01
2,018E+11;1;7;0;0;2;1;1;B01
2,018E+11;0;7;0;0;2;3;15;A01
2,018E+11;2;7;0;0;2;6;1;A01
2,018E+11;2;1;0;0;2;1;1;B01
2,018E+11;1;7;0;0;1;2;1;A01
2,018E+11;2;7;0;0;1;6;19;A01
2,018E+11;1;31;0;0;2;1;17;B01
2,018E+11;0;7;0;0;2;3;9;A01
2,018E+11;2;7;0;6;0;1;15;A01
2,018E+11;1;7;0;0;2;1;15;A01
2,018E+11;2;33;0;12;2;7;1;B01
2,018E+11;1;37;15;0;2;3;1;B01
2,018E+11;2;7;0;0;2;3;13;A01
2,018E+11;2;7;0;0;2;1;13;A01
2,018E+11;1;7;0;0;2;2;1;B01
2,018E+11;2;33;0;0;2;1;1;B01
2,018E+11;2;17;0;0;2;8;10;A01
2,018E+11;2;7;0;0;2;0;0;Z01
2,018E+11;2;1;0;6;2;6;0;B01
2,018E+11;0;2;0;0;2;3;1;B01
2,018E+11;0;7;0;0;2;6;13;A01
2,018E+11;1;7;0;0;1;5;20;A01
2,018E+11;1;7;0;0;1;3;0;A01
2,018E+11;2;7;0;0;1;4;4;A01
2,018E+11;2;7;0;0;2;0;15;A01
2,018E+11;1;1;0;0;2;0;0;B01
2,018E+11;0;1;0;14;0;1;0;A01
2,018E+11;1;36;0;6;0;0;16;A01
2,018E+11;2;7;0;0;1;1;0;A01
2,018E+11;1;7;0;0;2;6;1;B01
2,018E+11;2;7;0;0;2;1;1;A01
2,018E+11;2;10;0;2;0;3;5;A01
2,018E+11;0;30;0;0;1;1;1;A01
2,018E+11;2;7;0;0;1;5;1;A01
2,018E+11;1;33;0;0;2;1;1;A01
2,018E+11;1;10;0;0;0;8;16;B01
2,018E+11;0;7;0;0;1;3;1;A01
2,018E+11;1;7;0;0;1;2;1;A01
2,018E+11;0;2;0;0;2;4;1;B01
2,018E+11;0;7;0;0;2;1;2;A01
2,018E+11;1;7;0;0;2;1;2;A01
2,018E+11;0;7;0;0;2;4;23;B01
2,018E+11;1;7;0;0;2;2;10;B01
2,018E+11;2;7;0;0;2;1;1;A01
2,018E+11;2;7;0;0;2;1;15;A01
2,018E+11;1;7;0;0;2;8;1;B01
2,018E+11;1;33;0;0;2;1;1;B01
2,018E+11;2;7;0;0;2;2;15;A01
2,018E+11;1;7;0;0;1;1;1;Z01
2,018E+11;1;7;0;12;0;1;7;A01
2,018E+11;2;7;0;0;2;1;9;A01
2,018E+11;1;1;0;0;2;7;1;B01
2,018E+11;1;7;0;0;2;3;15;A01
2,018E+11;2;30;0;0;2;2;17;B01
2,018E+11;1;7;0;0;2;5;23;B01
2,018E+11;1;7;0;0;2;2;2;A01
2,018E+11;1;7;0;0;2;1;15;A01
2,018E+11;2;7;0;0;2;1;1;B01
2,018E+11;2;7;0;6;0;3;13;A01
2,018E+11;2;7;0;0;1;2;1;A01
2,018E+11;1;37;1;0;2;3;15;A01
2,018E+11;2;30;0;0;2;3;1;B01
2,018E+11;1;7;0;0;2;2;1;A01
2,018E+11;2;7;0;0;2;8;19;B01
2,018E+11;0;7;0;0;2;8;22;A01
2,018E+11;1;1;0;1;0;2;1;B01
2,018E+11;1;36;0;0;0;0;13;A01
2,018E+11;1;7;0;0;1;1;1;A01
2,018E+11;2;7;0;0;2;1;1;B01
2,018E+11;1;7;0;0;2;1;13;A01
2,018E+11;1;7;0;0;1;3;1;B01
2,018E+11;1;7;0;0;2;1;14;A01
2,018E+11;2;7;0;4;0;1;14;A01
2,018E+11;2;7;0;0;1;1;1;A01
2,018E+11;2;7;0;0;1;1;1;A01
2,018E+11;2;1;0;0;2;4;7;B01
2,018E+11;2;30;0;0;2;1;7;A01
2,018E+11;1;7;0;0;2;1;1;A01
2,018E+11;1;7;0;0;2;8;15;B01
2,018E+11;1;33;0;0;0;0;11;A01
2,018E+11;1;30;0;0;2;1;1;A01
2,018E+11;1;7;0;0;2;8;16;B01
2,018E+11;1;30;0;14;0;1;1;A01
2,018E+11;2;1;0;0;0;8;1;A01
2,018E+11;2;7;0;0;2;7;16;A01
2,018E+11;2;1;0;0;2;1;18;B01
2,018E+11;1;7;0;0;2;4;2;C01
2,018E+11;1;7;0;0;2;4;2;B01
2,018E+11;1;7;0;0;2;1;2;A01
2,018E+11;1;7;0;0;2;4;2;D01
2,018E+11;1;7;0;0;2;3;15;A01
2,018E+11;2;1;0;0;2;1;1;B01
2,018E+11;1;10;0;0;2;6;1;C01
2,018E+11;1;10;0;0;2;3;1;B01
2,018E+11;2;7;0;0;2;3;13;A01
2,018E+11;2;7;0;0;2;1;2;A01
2,018E+11;2;2;0;0;2;4;2;B01
2,018E+11;1;7;0;0;2;6;2;B01
2,018E+11;1;2;0;0;2;7;2;A01
2,018E+11;1;30;0;0;2;1;2;A01
2,018E+11;1;7;0;0;2;4;1;B01
2,018E+11;1;7;0;4;0;3;13;A01
2,018E+11;2;7;0;0;1;1;1;A01
2,018E+11;1;7;0;0;2;6;1;A01
2,018E+11;1;7;0;0;2;1;2;Z01
2,018E+11;2;7;0;5;0;1;14;A01
2,018E+11;1;7;0;16;0;0;1;A01
2,018E+11;0;7;0;0;1;4;20;A01
2,018E+11;1;7;0;4;2;7;1;C01
2,018E+11;1;7;0;0;2;7;1;B01
2,018E+11;1;7;0;0;2;3;11;A01
2,018E+11;2;7;0;0;2;4;23;B01
2,018E+11;2;7;0;0;2;1;2;Z01
2,018E+11;2;30;0;0;0;0;1;A01
2,018E+11;1;7;0;0;1;3;1;A01
2,018E+11;1;7;0;4;0;3;13;A01
2,018E+11;1;1;0;0;2;7;1;B01
2,018E+11;1;7;0;0;2;1;9;A01
2,018E+11;1;1;0;0;0;0;1;A01
2,018E+11;2;7;0;0;1;1;17;A01
2,018E+11;1;33;0;0;2;8;17;A01
2,018E+11;2;7;0;0;2;3;1;B01
2,018E+11;1;30;0;0;0;0;0;A01
2,018E+11;1;10;0;0;2;2;1;B01
2,018E+11;2;7;0;0;2;3;9;A01
2,018E+11;2;7;0;0;1;2;16;A01
2,018E+11;2;7;0;0;2;3;9;A01
2,018E+11;2;30;0;0;2;1;7;B01
2,018E+11;1;1;0;0;2;8;1;B01
2,018E+11;1;7;0;0;2;1;0;A01
2,018E+11;1;7;0;0;2;6;1;B01
2,018E+11;1;15;0;0;2;2;17;A01
2,018E+11;1;7;0;0;1;0;20;A01
2,018E+11;2;7;0;0;2;0;0;B01
2,018E+11;2;30;0;0;2;0;0;A01
2,018E+11;1;7;0;0;1;1;16;A01
2,018E+11;0;7;0;0;2;4;20;A01
2,018E+11;0;1;0;0;2;7;1;B01
2,018E+11;1;7;0;0;2;2;1;B01
2,018E+11;2;7;0;0;2;2;13;A01
2,018E+11;2;7;0;1;0;1;13;A01
2,018E+11;1;1;0;0;2;7;15;B01
2,018E+11;2;7;0;0;2;3;9;A01
2,018E+11;1;30;0;0;2;7;1;B01
2,018E+11;1;10;0;0;2;8;9;A01
2,018E+11;2;1;0;0;1;1;1;A01
2,018E+11;2;7;0;0;2;4;2;D01
2,018E+11;2;7;0;0;2;4;2;C01
2,018E+11;2;7;0;0;2;4;23;E01
2,018E+11;2;7;0;0;2;4;23;1 F
2,018E+11;2;7;0;0;2;1;2;A01
2,018E+11;2;7;0;0;2;4;2;B01
2,018E+11;1;7;0;0;2;7;9;A01
2,018E+11;1;33;0;0;2;3;1;B01
2,018E+11;1;7;0;0;1;1;1;A01
2,018E+11;2;7;0;15;0;2;1;A01
2,018E+11;1;1;0;0;2;1;1;B01
2,018E+11;1;7;0;0;2;3;15;A01
2,018E+11;1;7;0;6;0;1;1;A01
2,018E+11;2;1;0;0;0;0;1;A01
2,018E+11;1;7;0;0;2;4;1;B01
2,018E+11;1;1;0;0;2;1;2;A01
2,018E+11;1;7;0;0;1;7;16;A01
2,018E+11;0;7;0;0;2;8;9;A01
2,018E+11;1;30;0;0;2;1;1;B01
2,018E+11;1;7;0;2;0;1;13;A01
2,018E+11;1;7;0;0;1;2;15;A01
2,018E+11;1;3;0;1;2;1;1;A01
2,018E+11;1;7;0;0;2;1;1;B01
2,018E+11;2;2;0;0;2;2;19;A01
2,018E+11;1;7;0;6;0;1;13;A01
2,018E+11;1;15;0;16;0;1;0;A01
2,018E+11;1;1;0;16;0;0;0;A01
2,018E+11;0;7;0;0;2;7;1;B01
2,018E+11;2;1;0;0;2;1;19;A01
2,018E+11;2;33;0;0;1;1;1;A01
2,018E+11;1;7;0;13;0;9;14;A01
2,018E+11;2;7;0;5;0;1;13;A01
2,018E+11;2;1;0;0;2;1;23;B01
2,018E+11;2;7;0;0;2;5;4;A01
2,018E+11;2;1;0;0;2;1;15;B01
2,018E+11;1;7;0;0;2;3;9;A01
2,018E+11;2;7;0;14;0;1;13;A01
2,018E+11;2;1;0;0;2;1;1;B01
2,018E+11;1;7;0;0;2;2;15;A01
2,018E+11;2;30;0;12;0;2;9;A01
2,018E+11;2;7;0;0;2;8;15;B01
2,018E+11;2;2;0;0;2;2;17;A01
2,018E+11;1;2;0;0;2;3;2;A01
2,018E+11;1;7;0;0;2;7;16;B01
2,018E+11;2;7;0;0;2;1;1;B01
2,018E+11;1;7;0;0;2;1;13;A01
2,018E+11;2;7;0;0;2;3;1;B01
2,018E+11;1;7;0;0;2;8;1;C01
2,018E+11;1;7;0;0;2;1;15;A01
2,018E+11;2;7;0;0;2;1;2;A01
2,018E+11;2;7;0;0;2;4;2;C01
2,018E+11;2;7;0;0;2;4;1;B01
2,018E+11;1;33;0;16;0;0;15;A01
2,018E+11;1;7;0;0;2;1;2;A01
2,018E+11;1;7;0;0;2;4;2;C01
2,018E+11;1;7;0;0;2;4;2;B01
2,018E+11;2;7;0;2;0;1;15;A01
2,018E+11;1;15;0;0;1;7;1;A01
2,018E+11;2;7;0;0;2;2;1;A01
2,018E+11;;7;0;0;2;3;1;B01
2,018E+11;1;7;0;0;2;1;1;B01
2,018E+11;1;7;0;0;2;7;0;A01
2,018E+11;2;1;0;0;1;1;1;A01
2,018E+11;1;7;0;0;2;1;2;A01
2,018E+11;1;7;0;0;2;4;1;B01
2,018E+11;2;1;0;0;1;1;1;A01
2,018E+11;2;33;0;0;0;0;1;B01
2,018E+11;1;7;0;0;0;0;15;A01
2,018E+11;1;1;0;0;0;0;1;A01
2,018E+11;2;7;0;0;2;4;2;B01
2,018E+11;2;7;0;0;2;1;1;A01
2,018E+11;2;7;0;0;2;4;2;C01
2,018E+11;2;7;0;13;0;1;14;A01
2,018E+11;2;1;0;0;2;1;1;B01
2,018E+11;0;7;0;0;2;6;0;A01
2,018E+11;1;7;0;1;0;1;13;A01
2,018E+11;1;30;0;0;0;0;1;A01
2,018E+11;2;1;0;0;2;1;1;B01
2,018E+11;1;7;0;0;2;2;15;A01
2,018E+11;0;2;0;0;2;1;19;A01
2,018E+11;1;14;0;0;2;3;1;B01
2,018E+11;2;7;0;0;2;1;1;A01
2,018E+11;1;1;0;0;2;7;19;B01
2,018E+11;1;7;0;0;2;1;1;A01
2,018E+11;2;2;0;0;2;7;15;B01
2,018E+11;2;7;0;15;0;2;14;A01
2,018E+11;1;7;0;0;2;4;2;B01
2,018E+11;1;7;0;0;2;1;2;A01
2,018E+11;2;7;0;0;2;8;15;A01
2,018E+11;2;10;0;0;2;2;7;B01
2,018E+11;1;7;0;13;0;1;14;A01
2,018E+11;2;7;0;0;2;1;1;B01
2,018E+11;1;7;0;0;2;7;15;A01
2,018E+11;1;30;0;0;2;1;7;A01
2,018E+11;1;7;0;0;2;8;15;B01
2,018E+11;1;7;0;0;0;9;14;A01
2,018E+11;2;7;0;0;2;3;1;B01
2,018E+11;1;33;0;0;2;1;13;A01
2,018E+11;1;7;0;0;2;4;15;B01
2,018E+11;1;7;0;0;2;1;2;A01
2,018E+11;1;7;0;0;2;1;14;A01
2,018E+11;2;7;0;0;0;0;15;D01
2,018E+11;2;7;0;0;2;1;23;C01
2,018E+11;2;7;0;0;2;8;23;B01
2,018E+11;1;7;0;0;1;2;1;Z01
2,018E+11;1;7;0;1;0;1;14;A01
2,018E+11;1;7;0;13;0;1;14;A01
2,018E+11;2;7;0;16;0;9;1;A01
2,018E+11;2;33;0;0;1;2;1;A01
2,018E+11;2;7;0;0;2;4;1;B01
2,018E+11;2;7;0;0;2;4;1;C01
2,018E+11;2;7;0;0;2;1;2;A01
2,018E+11;1;10;0;0;1;1;1;A01
2,018E+11;1;7;0;0;2;1;2;A01
2,018E+11;1;7;0;0;2;4;1;C01
2,018E+11;1;7;0;0;2;4;2;B01
2,018E+11;1;7;0;0;2;6;2;B01
2,018E+11;1;7;0;0;2;5;2;C01
2,018E+11;1;7;0;0;2;2;2;A01
2,018E+11;2;14;0;16;0;7;1;A01
2,018E+11;1;37;7;0;2;1;2;A01
2,018E+11;1;37;5;0;2;4;2;B01
2,018E+11;1;7;0;0;2;1;2;C01
2,018E+11;1;30;0;0;2;1;2;A01
2,018E+11;1;7;0;0;2;4;2;B01
2,018E+11;1;1;0;16;0;0;1;A01
2,018E+11;1;2;0;0;2;1;1;B01
2,018E+11;1;7;0;0;2;2;15;A01
2,018E+11;1;7;0;0;2;3;0;A01
2,018E+11;1;2;0;0;2;1;1;B01
2,018E+11;1;1;0;0;2;1;1;B01
2,018E+11;1;7;0;0;2;1;1;A01
2,018E+11;1;7;0;0;1;1;16;A01
2,018E+11;1;7;0;0;2;3;1;A01
2,018E+11;1;7;0;0;2;7;19;B01
2,018E+11;2;1;0;7;0;1;21;B01
2,018E+11;2;7;0;0;0;0;15;Z01
2,018E+11;2;7;0;0;2;3;9;A01
2,018E+11;2;1;0;0;2;1;1;B01
2,018E+11;2;37;1;0;1;1;1;A01
2,018E+11;1;7;0;6;0;1;13;A01
2,018E+11;2;7;0;0;2;3;1;B01
2,018E+11;2;7;0;0;2;2;15;A01
2,018E+11;2;7;0;2;0;1;19;A01
2,018E+11;2;7;0;0;1;1;1;A01
2,018E+11;1;1;0;8;0;1;1;A01
2,018E+11;1;1;0;0;2;1;1;B01
2,018E+11;2;7;0;0;2;3;13;A01
2,018E+11;1;1;0;0;2;1;1;B01
2,018E+11;2;7;0;0;2;8;9;A01
2,018E+11;2;7;0;13;0;1;21;A01
2,018E+11;1;2;0;0;2;1;7;A01
2,018E+11;1;7;0;0;2;3;19;B01
2,018E+11;1;1;0;0;2;1;1;B01
2,018E+11;0;7;0;0;2;3;9;A01
2,018E+11;2;7;0;0;2;4;1;B01
2,018E+11;2;2;0;0;2;1;2;A01
2,018E+11;1;2;0;0;2;2;1;B01
2,018E+11;1;7;0;0;2;3;9;A01
2,018E+11;1;7;0;0;2;3;2;B01
2,018E+11;1;7;0;3;2;8;13;A01
2,018E+11;1;7;0;12;0;7;14;A01
2,018E+11;1;30;0;0;2;2;1;A01
2,018E+11;2;7;0;0;2;3;1;B01
2,018E+11;1;1;0;1;0;1;1;B01
2,018E+11;1;7;0;0;2;6;22;A01
2,018E+11;1;7;0;0;1;2;1;A01
2,018E+11;2;30;0;0;0;7;16;A01
2,018E+11;2;2;0;0;2;1;1;B01
2,018E+11;2;7;0;0;2;3;9;A01
2,018E+11;2;7;0;13;0;4;1;A01
2,018E+11;1;7;0;0;1;1;1;A01
2,018E+11;1;7;0;15;0;2;14;A01
2,018E+11;1;30;0;11;0;1;1;A01
2,018E+11;1;7;0;0;2;3;9;A01
2,018E+11;1;33;0;0;2;7;1;B01
2,018E+11;1;7;0;0;2;1;1;A01
2,018E+11;1;7;0;0;2;4;23;B01
2,018E+11;1;30;0;0;0;7;1;A01
2,018E+11;2;7;0;6;0;1;13;A01
2,018E+11;2;7;0;0;2;6;15;B01
2,018E+11;2;10;0;0;2;3;1;A01
2,018E+11;1;7;0;0;1;1;1;A01
2,018E+11;2;30;0;0;0;0;15;A01
2,018E+11;2;7;0;0;2;7;1;B01
2,018E+11;1;7;0;0;2;2;13;A01
2,018E+11;1;7;0;0;1;1;1;A01
2,018E+11;2;7;0;0;2;3;1;B01
2,018E+11;1;7;0;0;2;7;1;A01
2,018E+11;2;2;0;0;0;8;1;A01
2,018E+11;2;1;0;0;2;7;0;B01
2,018E+11;1;7;0;0;2;1;9;A01
2,018E+11;1;10;0;15;0;7;14;A01
2,018E+11;2;7;0;1;0;1;14;A01
2,018E+11;1;1;0;0;2;1;1;A01
2,018E+11;1;7;0;0;2;2;16;A01
2,018E+11;1;1;0;0;2;8;1;B01
2,018E+11;1;30;0;0;0;7;9;A01
2,018E+11;2;2;0;16;0;0;1;A01
2,018E+11;2;1;0;0;2;1;1;B01
2,018E+11;1;7;0;0;2;2;9;A01
2,018E+11;2;7;0;6;0;1;14;A01
2,018E+11;2;7;0;0;2;1;1;B01
2,018E+11;2;7;0;0;2;7;15;A01
2,018E+11;2;7;0;0;2;1;1;B01
2,018E+11;1;7;0;0;2;1;13;A01
2,018E+11;2;7;0;1;0;2;14;A01
2,018E+11;1;7;0;8;0;1;14;A01
2,018E+11;1;7;0;3;0;3;13;A01
2,018E+11;1;7;0;0;2;4;1;C01
2,018E+11;1;7;0;0;2;1;2;A01
2,018E+11;1;7;0;0;2;4;1;B01
2,018E+11;2;7;0;0;2;4;2;B01
2,018E+11;2;7;0;0;2;4;2;C01
2,018E+11;2;7;0;0;2;1;2;A01
2,018E+11;1;7;0;0;1;1;1;A01
2,018E+11;1;7;0;0;0;7;1;A01
2,018E+11;1;2;0;0;0;0;1;A01
2,018E+11;2;30;0;0;0;0;1;A01
2,018E+11;1;7;0;0;2;1;9;A01
2,018E+11;2;2;0;0;2;3;9;B01
2,018E+11;1;7;0;0;0;7;1;A01
2,018E+11;2;7;0;0;2;8;15;B01
2,018E+11;1;30;0;0;2;1;1;A01
2,018E+11;1;1;0;0;2;5;1;B01
2,018E+11;1;7;0;0;2;3;9;A01
2,018E+11;2;7;0;0;2;1;2;C01
2,018E+11;2;7;0;0;2;1;1;B01
2,018E+11;1;7;0;0;2;1;13;A01
2,018E+11;1;7;0;0;2;1;19;A01
2,018E+11;1;37;4;0;2;3;1;B01
2,018E+11;1;7;0;0;2;3;1;B01
2,018E+11;2;7;0;0;2;3;13;A01
2,018E+11;2;1;0;0;2;5;1;B01
2,018E+11;1;7;0;0;2;1;9;A01
2,018E+11;2;3;0;0;2;1;2;A01
2,018E+11;2;7;0;0;2;4;1;B01
2,018E+11;2;7;0;0;2;1;1;A01
2,018E+11;2;30;0;0;2;4;23;B01
2,018E+11;2;2;0;0;2;1;1;B01
2,018E+11;2;7;0;0;2;2;1;A01
2,018E+11;2;7;0;0;2;2;1;B01
2,018E+11;2;7;0;0;2;8;9;Z01
2,018E+11;1;7;0;12;0;1;1;A01
2,018E+11;2;7;0;7;0;1;14;A01