Num_Acc;senc;catv;occutc;obs;obsm;choc;manv;num_veh
2,018E+11;0;7;0;0;2;1;16;Z01
2,018E+11;0;33;0;14;0;1;1;A01
2,018E+11;0;7;0;1;2;5;0;C01
2,018E+11;0;7;0;1;2;5;0;B01
2,018E+11;1;7;0;1;1;0;15;A01
2,018E+11;2;7;0;1;1;8;0;A01
2,018E+11;1;7;0;0;1;2;1;A01
2,018E+11;0;7;0;16;0;0;0;Z01
2,018E+11;1;7;0;14;2;7;19;A01
2,018E+11;2;7;0;0;6;1;0;A01
2,018E+11;2;7;0;0;6;4;23;C01
2,018E+11;2;30;0;14;2;4;2;B01
2,018E+11;0;7;0;0;1;3;1;A01
2,018E+11;0;7;0;0;2;1;16;Z01
2,018E+11;0;1;0;0;2;8;1;B01
2,018E+11;0;7;0;0;2;7;1;B01
2,018E+11;0;1;0;0;2;8;1;A01
2,018E+11;2;7;0;0;2;8;15;A01
2,018E+11;2;7;0;0;2;2;14;B01
2,018E+11;1;33;0;0;2;4;11;A01
2,018E+11;1;7;0;0;2;1;1;Z01
2,018E+11;1;2;0;0;2;0;1;B01
2,018E+11;2;7;0;0;2;3;15;A01
2,018E+11;0;7;0;0;1;1;10;A01
2,018E+11;1;7;0;0;2;8;9;Z01
2,018E+11;1;7;0;0;2;5;1;A01
2,018E+11;2;10;0;0;2;3;13;A01
2,018E+11;1;30;0;0;2;1;1;B01
2,018E+11;1;7;0;0;1;4;10;A01
2,018E+11;1;7;0;6;0;1;0;A01
2,018E+11;1;7;0;0;2;1;15;A01
2,018E+11;2;2;0;0;2;1;1;B01
2,018E+11;1;7;0;0;2;1;1;A01
2,018E+11;1;7;0;15;2;7;1;B01
2,018E+11;0;2;0;0;2;8;0;B01
2,018E+11;0;7;0;0;2;2;0;A01
2,018E+11;0;7;0;0;1;2;0;Z01
2,018E+11;0;7;0;8;0;1;1;A01
2,018E+11;2;7;0;0;1;1;1;A01
2,018E+11;0;7;0;0;2;6;19;A01
2,018E+11;2;33;0;0;2;1;1;B01
2,018E+11;0;7;0;0;1;3;1;A01
2,018E+11;2;32;0;0;2;1;17;A01
2,018E+11;2;10;0;0;2;3;15;B01
2,018E+11;1;7;0;0;2;1;15;C01
2,018E+11;0;10;0;0;1;1;2;A01
2,018E+11;0;7;0;0;2;1;1;A01
2,018E+11;0;7;0;0;2;8;0;B01
2,018E+11;1;99;0;0;2;7;19;A01
2,018E+11;1;7;0;0;2;1;0;B01
2,018E+11;1;7;0;0;0;5;0;C01
2,018E+11;1;7;0;1;0;6;23;B01
2,018E+11;1;7;0;1;0;1;2;A01
2,018E+11;0;33;0;0;2;3;1;C01
2,018E+11;0;7;0;0;2;1;17;A01
2,018E+11;0;33;0;0;2;1;1;B01
2,018E+11;2;7;0;0;1;1;1;A01
2,018E+11;2;7;0;8;2;7;1;B01
2,018E+11;0;7;0;0;2;1;0;A01
2,018E+11;1;7;0;0;1;2;17;A01
2,018E+11;1;33;0;9;2;3;15;A01
2,018E+11;1;7;0;0;2;2;17;B01
2,018E+11;1;1;0;0;2;8;0;A01
2,018E+11;1;7;0;0;2;7;2;Z01
2,018E+11;2;30;0;0;2;3;7;A01
2,018E+11;1;7;0;0;2;0;11;B01
2,018E+11;2;7;0;0;2;3;0;B01
2,018E+11;1;7;0;0;2;0;17;A01
2,018E+11;2;7;0;1;2;3;13;A01
2,018E+11;2;7;0;12;0;6;0;B01
2,018E+11;0;7;0;0;2;1;2;A01
2,018E+11;0;7;0;0;0;4;23;B01
2,018E+11;2;7;0;0;2;3;15;A01
2,018E+11;2;37;5;0;2;1;7;B01
2,018E+11;0;10;0;0;2;1;15;A01
2,018E+11;0;30;0;0;0;1;1;B01
2,018E+11;0;1;0;0;2;3;19;B01
2,018E+11;0;10;0;0;6;2;9;A01
2,018E+11;0;1;0;1;0;8;0;B01
2,018E+11;0;7;0;0;2;0;13;A01
2,018E+11;0;7;0;0;1;0;0;A01
2,018E+11;1;33;0;0;2;1;17;A01
2,018E+11;0;99;0;0;2;0;9;Y01
2,018E+11;2;7;0;0;1;1;1;A01
2,018E+11;1;7;0;0;1;1;16;A01
2,018E+11;0;7;0;0;2;7;1;C01
2,018E+11;0;10;0;0;2;1;16;A01
2,018E+11;0;7;0;0;2;7;1;B01
2,018E+11;2;33;0;0;2;1;0;A01
2,018E+11;0;30;0;0;6;8;19;B01
2,018E+11;1;7;0;0;2;1;19;Z01
2,018E+11;2;7;0;0;2;6;15;B01
2,018E+11;1;99;0;0;0;0;0;B01
2,018E+11;0;7;0;0;0;6;15;A01
2,018E+11;2;7;0;0;2;0;0;B01
2,018E+11;2;32;0;0;2;2;19;A01
2,018E+11;1;7;0;0;1;1;10;A01
2,018E+11;1;33;0;0;2;1;0;B01
2,018E+11;0;7;0;0;2;7;0;B01
2,018E+11;1;7;0;1;0;1;0;A01
2,018E+11;0;10;0;1;1;1;2;A01
2,018E+11;0;1;0;0;6;5;19;B01
2,018E+11;0;7;0;0;2;5;9;A01
2,018E+11;1;32;0;14;1;1;21;Z01
2,018E+11;1;7;0;0;1;1;2;A01
2,018E+11;0;30;0;0;2;1;1;B01
2,018E+11;0;7;0;0;2;2;15;A01
2,018E+11;0;30;0;0;2;0;2;B01
2,018E+11;0;7;0;0;2;5;16;A01
2,018E+11;1;1;0;0;2;1;13;B01
2,018E+11;2;7;0;0;2;3;15;A01
2,018E+11;0;7;0;0;1;1;1;A01
2,018E+11;0;7;0;0;2;3;15;B01
2,018E+11;0;7;0;0;2;1;1;A01
2,018E+11;2;7;0;0;2;3;1;B01
2,018E+11;2;7;0;1;2;2;1;A01
2,018E+11;0;1;0;0;2;0;0;B01
2,018E+11;0;37;1;0;2;6;14;A01
2,018E+11;2;7;0;0;2;0;19;Z01
2,018E+11;1;32;0;0;2;1;1;B01
2,018E+11;1;7;0;0;1;2;1;A01
2,018E+11;0;7;0;0;1;0;0;A01
2,018E+11;0;7;0;0;2;1;1;B01
2,018E+11;0;7;0;0;2;8;2;A01
2,018E+11;1;7;0;0;1;1;1;A01
2,018E+11;0;7;0;0;6;0;1;A01
2,018E+11;0;1;0;0;2;3;15;B01
2,018E+11;1;7;0;0;1;1;1;A01
2,018E+11;2;7;0;;2;2;1;Z01
2,018E+11;2;7;0;0;2;3;1;B01
2,018E+11;2;33;0;3;0;9;1;A01
2,018E+11;2;7;0;0;2;3;15;A01
2,018E+11;1;1;0;0;2;1;1;B01
2,018E+11;0;7;0;0;1;3;0;A01
2,018E+11;0;7;0;0;2;6;1;A01
2,018E+11;0;7;0;0;2;0;0;Z01
2,018E+11;0;99;0;0;1;0;0;Z01
2,018E+11;2;37;1;0;1;2;9;A01
2,018E+11;1;10;0;0;1;2;1;A01
2,018E+11;2;7;0;0;0;0;9;Z01
2,018E+11;2;2;0;0;2;1;21;B01
2,018E+11;2;10;0;0;1;1;15;A01
2,018E+11;0;7;0;1;1;3;24;A01
2,018E+11;1;99;0;0;1;0;1;Z01
2,018E+11;0;7;0;0;2;5;0;B01
2,018E+11;0;7;0;0;2;3;9;A01
2,018E+11;0;7;0;0;2;1;15;A01
2,018E+11;1;2;0;0;2;1;1;B01
2,018E+11;0;7;0;0;1;3;16;A01
2,018E+11;0;7;0;0;2;0;10;B01
2,018E+11;0;7;0;0;2;1;0;A01
2,018E+11;0;7;0;1;1;1;1;A01
2,018E+11;1;7;0;0;2;3;9;B01
2,018E+11;2;10;0;0;1;1;1;A01
2,018E+11;0;1;0;0;2;1;1;B01
2,018E+11;0;7;0;0;6;0;15;A01
2,018E+11;0;7;0;0;2;2;15;A01
2,018E+11;0;1;0;0;2;1;1;B01
2,018E+11;1;7;0;0;6;2;17;A01
2,018E+11;1;1;0;0;2;8;19;B01
2,018E+11;0;7;0;0;2;1;1;B01
2,018E+11;0;7;0;0;2;8;1;A01
2,018E+11;1;7;0;0;2;2;15;B01
2,018E+11;1;99;0;0;2;3;1;A01
2,018E+11;2;33;0;8;0;1;1;A01
2,018E+11;2;7;0;16;0;8;10;A01
2,018E+11;2;2;0;0;2;7;21;B01
2,018E+11;1;7;0;16;0;1;1;A01
2,018E+11;1;7;0;6;0;2;0;A01
2,018E+11;0;7;0;0;2;8;15;A01
2,018E+11;2;33;0;0;2;1;1;B01
2,018E+11;2;7;0;0;2;2;0;A01
2,018E+11;1;10;0;0;0;5;23;B01
2,018E+11;1;7;0;0;2;1;0;C01
2,018E+11;1;7;0;0;2;1;0;D01
2,018E+11;2;14;0;0;1;3;1;A01
2,018E+11;2;7;0;0;1;3;2;A01
2,018E+11;2;7;0;0;1;1;1;A01
2,018E+11;1;7;0;0;2;3;15;A01
2,018E+11;2;34;0;0;2;1;1;B01
2,018E+11;1;7;0;0;1;6;16;A01
2,018E+11;1;7;0;0;1;2;0;A01
2,018E+11;1;7;0;0;2;4;23;A01
2,018E+11;1;10;0;14;0;1;21;B01
2,018E+11;1;31;0;0;2;1;1;A01
2,018E+11;1;7;0;0;2;3;9;B01
2,018E+11;1;37;0;0;2;7;0;A01
2,018E+11;1;99;0;0;2;0;0;R01
2,018E+11;1;7;0;0;2;1;1;C01
2,018E+11;1;7;0;0;2;3;1;B01
2,018E+11;2;7;0;14;2;9;19;A01
2,018E+11;1;7;0;9;2;1;1;A01
2,018E+11;2;7;0;0;2;2;10;B01
2,018E+11;1;7;0;0;1;1;16;A01
2,018E+11;1;7;0;0;1;3;1;A01
2,018E+11;2;30;0;0;2;1;1;A01
2,018E+11;2;7;0;0;2;3;16;B01
2,018E+11;0;7;0;0;2;2;15;A01
2,018E+11;1;7;0;0;2;1;1;B01
2,018E+11;1;7;0;6;2;2;2;B01
2,018E+11;0;7;0;0;2;1;19;A01
2,018E+11;1;7;0;0;2;1;9;A01
2,018E+11;1;7;0;0;2;3;1;B01
2,018E+11;1;7;0;0;1;1;0;A01
2,018E+11;0;7;0;0;2;4;2;B01
2,018E+11;0;7;0;8;2;1;1;A01
2,018E+11;1;7;0;0;2;2;15;A01
2,018E+11;2;1;0;0;2;1;1;B01
2,018E+11;2;7;0;0;2;1;1;B01
2,018E+11;2;7;0;0;2;5;1;A01
2,018E+11;2;10;0;8;0;1;15;A01
2,018E+11;0;7;0;0;1;2;1;A01
2,018E+11;1;7;0;0;2;1;1;B01
2,018E+11;2;10;0;0;2;8;1;A01
2,018E+11;1;20;0;0;2;1;0;A01
2,018E+11;2;99;0;0;2;1;2;B01
2,018E+11;2;20;0;0;1;1;1;A01
2,018E+11;2;7;0;0;1;1;16;A01
2,018E+11;1;10;0;0;1;2;0;A01
2,018E+11;2;37;20;0;2;5;17;A01
2,018E+11;2;1;0;0;2;8;1;B01
2,018E+11;1;7;0;1;0;2;0;A01
2,018E+11;1;33;0;0;2;1;1;B01
2,018E+11;1;10;0;0;2;2;1;A01
2,018E+11;0;7;0;0;2;2;10;A01
2,018E+11;0;33;0;0;2;1;1;B01
2,018E+11;0;7;0;0;2;1;15;A01
2,018E+11;0;32;0;0;2;1;1;B01
2,018E+11;2;7;0;0;2;2;1;B01
2,018E+11;1;7;0;0;2;7;15;A01
2,018E+11;0;7;0;0;2;1;1;B01
2,018E+11;0;7;0;0;2;8;1;A01
2,018E+11;0;1;0;0;2;8;2;B01
2,018E+11;0;15;0;0;2;2;16;A01
2,018E+11;2;10;0;0;2;1;15;A01
2,018E+11;1;3;0;0;2;1;1;B01
2,018E+11;1;7;0;0;1;1;1;A01
2,018E+11;1;33;0;0;2;1;1;B01
2,018E+11;1;7;0;0;2;6;15;A01
2,018E+11;1;7;0;0;1;2;0;Z01
2,018E+11;1;34;0;0;2;1;1;B01
2,018E+11;1;34;0;0;2;3;1;A01
2,018E+11;1;7;0;0;1;7;1;A01
2,018E+11;0;7;0;0;2;7;15;A01
2,018E+11;0;30;0;0;2;1;1;B01
2,018E+11;1;7;0;1;2;3;22;A01
2,018E+11;1;1;0;1;0;1;1;B01
2,018E+11;2;7;0;0;2;1;1;C01
2,018E+11;2;20;0;0;2;1;1;B01
2,018E+11;1;20;0;0;2;2;15;A01
2,018E+11;1;7;0;6;1;2;16;A01
2,018E+11;1;7;0;0;1;1;1;A01
2,018E+11;2;20;0;0;2;7;21;A01
2,018E+11;2;99;0;0;2;1;19;B01
2,018E+11;1;7;0;0;2;3;13;A01
2,018E+11;2;7;0;0;2;3;21;B01
2,018E+11;1;7;0;6;0;1;6;A01
2,018E+11;0;7;0;0;2;8;1;B01
2,018E+11;0;7;0;0;2;1;1;C01
2,018E+11;0;7;0;0;2;3;13;A01
2,018E+11;1;33;0;0;2;3;1;B01
2,018E+11;2;7;0;0;2;8;15;A01
2,018E+11;1;7;0;0;2;3;23;C01
2,018E+11;0;7;0;1;2;3;21;A01
2,018E+11;2;7;0;0;1;4;0;X01
2,018E+11;1;10;0;1;1;1;1;A01
2,018E+11;2;7;0;0;2;8;15;B01
2,018E+11;2;7;0;0;2;1;1;A01
2,018E+11;1;7;0;1;0;2;14;A01
2,018E+11;2;7;0;0;2;1;1;A01
2,018E+11;2;7;0;0;2;8;1;B01
2,018E+11;1;7;0;0;1;1;1;A01
2,018E+11;0;99;0;0;2;1;0;X01
2,018E+11;0;1;0;0;2;4;19;A01
2,018E+11;2;7;0;0;1;1;1;A01
2,018E+11;2;34;0;0;2;1;2;A01
2,018E+11;2;10;0;0;2;4;23;B01
2,018E+11;0;7;0;0;1;1;1;A01
2,018E+11;1;7;0;0;1;2;1;A01
2,018E+11;1;7;0;0;1;2;17;A01
2,018E+11;1;7;0;0;1;1;0;A01
2,018E+11;0;7;0;0;1;5;24;A01
2,018E+11;1;33;0;0;2;1;1;A01
2,018E+11;0;7;0;0;2;1;15;B01
2,018E+11;1;7;0;0;1;1;1;Z01
2,018E+11;2;7;0;15;0;1;13;A01
2,018E+11;2;7;0;0;2;1;19;B01
2,018E+11;0;2;0;0;2;7;0;A01
2,018E+11;0;7;0;0;2;2;0;B01
2,018E+11;0;7;0;0;2;1;0;A01
2,018E+11;1;99;0;0;6;0;0;X01
2,018E+11;1;1;0;0;2;2;0;Y01
2,018E+11;2;7;0;0;1;2;1;A01
2,018E+11;1;10;0;0;1;2;1;A01
2,018E+11;2;7;0;0;2;1;1;B01
2,018E+11;1;7;0;0;2;6;0;A01
2,018E+11;1;7;0;0;1;2;0;A01
2,018E+11;2;20;0;0;2;3;16;A01
2,018E+11;2;30;0;0;2;1;1;B01
2,018E+11;0;7;0;0;2;8;19;B01
2,018E+11;0;7;0;0;2;1;19;A01
2,018E+11;1;7;0;0;1;1;1;A01
2,018E+11;2;7;0;0;2;3;9;A01
2,018E+11;2;7;0;0;2;1;1;B01
2,018E+11;2;7;0;0;1;1;1;A01
2,018E+11;1;30;0;0;2;8;19;A01
2,018E+11;2;7;0;0;0;2;0;B01
2,018E+11;0;20;0;0;1;1;9;A01
2,018E+11;0;7;0;0;1;1;15;A01
2,018E+11;1;7;0;0;2;1;1;B01
2,018E+11;2;34;0;0;2;1;13;A01
2,018E+11;2;7;0;0;2;2;15;A01
2,018E+11;1;32;0;0;2;7;1;B01
2,018E+11;0;7;0;0;2;1;1;C01
2,018E+11;0;33;0;0;2;1;1;B01
2,018E+11;0;7;0;0;2;3;15;A01
2,018E+11;0;3;0;0;2;1;0;A01
2,018E+11;0;7;0;0;2;3;1;B01
2,018E+11;2;7;0;0;1;1;1;A01
2,018E+11;1;7;0;1;0;1;1;A01
2,018E+11;1;7;0;0;1;1;1;A01
2,018E+11;2;7;0;0;2;1;2;B01
2,018E+11;2;7;0;0;2;4;23;A01
2,018E+11;1;31;0;0;1;1;1;A01
2,018E+11;2;30;0;0;2;6;8;A01
2,018E+11;1;7;0;0;2;2;15;B01
2,018E+11;2;7;0;0;1;1;1;A01
2,018E+11;1;7;0;0;2;4;1;B01
2,018E+11;1;7;0;0;2;1;1;A01
2,018E+11;1;7;0;2;0;8;1;A01
2,018E+11;2;2;0;0;2;6;19;B01
2,018E+11;1;7;0;0;2;3;15;A01
2,018E+11;0;7;0;0;2;3;0;B01
2,018E+11;2;30;0;0;2;7;1;A01
2,018E+11;2;7;0;0;2;2;1;A01
2,018E+11;1;1;0;0;2;1;1;B01
2,018E+11;2;7;0;0;2;2;15;A01
2,018E+11;1;33;0;0;2;1;1;B01
2,018E+11;1;7;0;0;2;7;1;A01
2,018E+11;2;7;0;0;2;1;19;B01
2,018E+11;2;7;0;0;1;1;1;A01
2,018E+11;1;7;0;0;1;1;1;A01
2,018E+11;1;7;0;1;0;2;14;A01
2,018E+11;2;7;0;0;1;1;1;A01
2,018E+11;1;7;0;0;2;6;1;B01
2,018E+11;1;7;0;0;2;1;0;C01
2,018E+11;1;7;0;1;2;1;13;A01
2,018E+11;1;99;0;0;1;0;0;A01
2,018E+11;1;7;0;0;2;2;10;A01
2,018E+11;2;99;0;0;2;1;1;B01
2,018E+11;1;7;0;0;2;1;15;A01
2,018E+11;2;2;0;0;2;1;1;B01
2,018E+11;2;99;0;9;0;1;1;A01
2,018E+11;0;7;0;0;6;7;0;A01
2,018E+11;0;1;0;0;2;8;1;B01
2,018E+11;0;7;0;0;6;6;5;B01
2,018E+11;0;7;0;0;2;2;5;A01
2,018E+11;2;7;0;0;1;1;1;A01
2,018E+11;0;1;0;0;1;0;1;Z01
2,018E+11;2;1;0;0;1;1;1;A01
2,018E+11;0;7;0;0;1;1;1;A01
2,018E+11;2;7;0;0;2;3;15;A01
2,018E+11;1;2;0;0;2;8;1;B01
2,018E+11;2;33;0;0;2;1;1;B01
2,018E+11;2;10;0;0;2;2;15;A01
2,018E+11;1;36;0;0;0;0;0;B01
2,018E+11;0;7;0;0;2;2;0;A01
2,018E+11;1;7;0;0;1;2;1;Z01
2,018E+11;1;7;0;0;2;3;23;A01
2,018E+11;1;7;0;1;1;1;17;Z01
2,018E+11;2;2;0;0;2;1;1;B01
2,018E+11;1;7;0;0;2;3;15;A01
2,018E+11;1;33;0;0;2;2;15;B01
2,018E+11;2;7;0;0;2;1;19;A01
2,018E+11;1;7;0;0;1;3;1;A01
2,018E+11;0;7;0;0;2;3;15;A01
2,018E+11;0;33;0;0;2;1;1;B01
2,018E+11;1;7;0;0;2;3;15;A01
2,018E+11;1;33;0;0;2;1;1;B01
2,018E+11;1;7;0;;1;;;A01
2,018E+11;2;33;0;0;2;4;1;B01
2,018E+11;2;7;0;0;2;1;1;A01
2,018E+11;1;30;0;;;;;A01
2,018E+11;1;7;0;;;;;B01
2,018E+11;2;7;0;0;1;1;1;A01
2,018E+11;2;7;0;0;1;1;1;A01
2,018E+11;2;30;0;0;2;1;0;B01
2,018E+11;2;7;0;0;2;3;9;A01
2,018E+11;2;7;0;0;1;1;1;A01
2,018E+11;0;7;0;0;1;1;15;A01
2,018E+11;0;7;0;0;2;1;16;A01
2,018E+11;0;1;0;0;2;8;19;B01
2,018E+11;0;10;0;0;1;2;1;A01
2,018E+11;0;7;0;15;0;9;21;A01
2,018E+11;2;7;0;0;2;1;2;A01
2,018E+11;2;7;0;0;0;0;0;B01
2,018E+11;0;7;0;0;2;1;9;A01
2,018E+11;0;30;0;0;2;8;1;B01
2,018E+11;0;30;0;0;2;1;23;A01
2,018E+11;0;7;0;0;2;4;23;B01
2,018E+11;0;7;0;15;0;2;14;A01
2,018E+11;0;7;0;0;1;2;2;A01
2,018E+11;2;7;0;1;0;2;21;A01
2,018E+11;2;7;0;0;1;8;15;A01
2,018E+11;0;7;0;0;2;3;1;A01
2,018E+11;0;7;0;0;2;0;0;B01
2,018E+11;2;7;0;0;1;3;19;A01
2,018E+11;0;7;0;0;1;1;15;A01
2,018E+11;0;7;0;0;0;0;4;C01
2,018E+11;0;7;0;0;0;8;1;B01
2,018E+11;0;33;0;0;2;8;21;A01
2,018E+11;0;7;0;0;2;1;1;B01
2,018E+11;0;7;0;0;2;1;13;A01
2,018E+11;1;7;0;0;1;3;15;A01
2,018E+11;0;7;0;0;2;2;15;B01
2,018E+11;1;31;0;0;2;2;0;A01
2,018E+11;1;10;0;0;2;1;9;A01
2,018E+11;1;1;0;;;8;2;B02
2,018E+11;0;7;0;0;1;0;1;A01
2,018E+11;1;7;0;0;1;1;0;A01
2,018E+11;0;7;0;0;1;1;1;A01
2,018E+11;0;7;0;0;1;1;1;A01
2,018E+11;0;33;0;0;2;1;5;A01
2,018E+11;0;7;0;0;2;1;1;B01
2,018E+11;1;33;0;0;2;1;21;A01
2,018E+11;2;33;0;0;2;1;1;B01
2,018E+11;1;3;0;0;1;1;1;A01
2,018E+11;1;7;0;0;1;1;1;A01
2,018E+11;1;99;0;0;2;1;5;A01
2,018E+11;2;10;0;0;2;1;1;B01
2,018E+11;0;7;0;0;1;1;1;A01
2,018E+11;1;7;0;0;1;7;15;A01
2,018E+11;1;7;0;0;1;3;1;A01
2,018E+11;1;7;0;0;1;1;1;Z01
2,018E+11;1;2;0;0;2;8;1;A01
2,018E+11;1;1;0;0;2;1;1;Y01
2,018E+11;1;7;0;0;2;1;1;A01
2,018E+11;2;7;0;0;2;8;1;B01
2,018E+11;1;3;0;0;1;2;1;A01
2,018E+11;0;32;0;0;2;1;13;A01
2,018E+11;0;7;0;0;2;3;1;B01
2,018E+11;1;7;0;0;1;1;1;A01
2,018E+11;0;1;0;0;0;7;1;A01
2,018E+11;0;7;0;0;1;1;1;A01
2,018E+11;0;30;0;0;2;1;16;B01
2,018E+11;0;7;0;0;2;3;15;A01
2,018E+11;1;10;0;0;1;1;1;Z01
2,018E+11;2;7;0;1;1;2;2;A01
2,018E+11;1;7;0;0;2;1;24;C01
2,018E+11;0;7;0;0;2;1;2;A01
2,018E+11;0;7;0;0;2;3;15;B01
2,018E+11;1;30;0;0;1;1;1;A01
2,018E+11;1;7;0;0;2;8;10;A01
2,018E+11;1;2;0;0;2;1;1;B01
2,018E+11;1;1;0;0;2;1;5;B01
2,018E+11;1;7;0;0;2;3;15;A01
2,018E+11;0;7;0;1;1;7;15;A01
2,018E+11;0;7;0;0;2;2;0;B01
2,018E+11;1;7;0;0;2;3;0;B01
2,018E+11;1;31;0;0;2;1;1;A01
2,018E+11;1;7;0;0;2;3;15;A01
2,018E+11;2;31;0;0;2;1;1;B01
2,018E+11;0;7;0;0;1;1;15;A01
2,018E+11;0;7;0;0;2;1;9;A01
2,018E+11;0;33;0;0;2;7;1;B01
2,018E+11;1;30;0;0;1;1;1;Z01
2,018E+11;1;7;0;0;1;2;1;Z01
2,018E+11;0;10;0;14;0;9;1;A01
2,018E+11;0;10;0;0;1;1;2;A01
2,018E+11;0;1;0;0;2;5;1;B01
2,018E+11;0;7;0;0;6;1;16;A01
2,018E+11;0;1;0;0;2;0;19;B01
2,018E+11;0;7;0;0;6;1;16;A01
2,018E+11;0;7;0;0;2;5;16;A01
2,018E+11;0;1;0;0;2;1;2;B01
2,018E+11;0;7;0;0;1;1;16;A01
2,018E+11;0;31;0;0;2;7;19;A01
2,018E+11;0;7;0;0;2;1;1;B01
2,018E+11;0;7;0;0;1;1;1;Z01
2,018E+11;1;7;0;0;1;1;1;Z01
2,018E+11;1;7;0;0;2;1;2;A01
2,018E+11;1;30;0;0;2;6;2;B01
2,018E+11;1;30;0;0;2;1;1;B01
2,018E+11;1;7;0;0;2;3;9;A01
2,018E+11;0;7;0;0;2;1;0;Z01
2,018E+11;0;7;0;0;2;4;1;B01
2,018E+11;0;2;0;0;2;1;15;A01
2,018E+11;0;7;0;0;2;1;1;B01
2,018E+11;0;7;0;0;2;8;10;A01
2,018E+11;0;33;0;0;2;1;2;B01
2,018E+11;0;1;0;1;0;1;1;B01
2,018E+11;0;7;0;0;2;8;22;A01
2,018E+11;0;7;0;0;1;3;15;A01
2,018E+11;0;7;0;0;1;1;1;A01
2,018E+11;0;7;0;0;1;2;1;A01
2,018E+11;1;7;0;1;1;5;4;A01
2,018E+11;0;1;0;0;2;1;19;B01
2,018E+11;0;7;0;0;2;2;1;A01
2,018E+11;0;33;0;0;1;1;1;A01
2,018E+11;1;7;0;0;1;2;1;Z01
2,018E+11;2;7;0;0;2;3;1;B01
2,018E+11;1;3;0;0;2;1;15;A01
2,018E+11;1;7;0;12;1;9;13;A01
2,018E+11;0;7;0;15;2;6;2;B01
2,018E+11;1;7;0;0;2;3;15;A01
2,018E+11;1;7;0;0;2;6;9;B01
2,018E+11;1;7;0;0;2;4;2;B01
2,018E+11;1;7;0;0;2;1;2;A01
2,018E+11;0;7;0;2;0;1;1;A01
2,018E+11;2;32;0;0;2;3;16;B01
2,018E+11;1;32;0;0;2;7;1;A01
2,018E+11;1;7;0;0;1;2;21;A01
2,018E+11;1;7;0;5;2;1;13;A01
2,018E+11;2;38;1;0;2;1;13;B01
2,018E+11;2;7;0;6;0;1;1;A01
2,018E+11;1;33;0;0;2;1;1;B01
2,018E+11;2;7;0;0;0;8;19;A01
2,018E+11;1;7;0;0;2;2;15;A01
2,018E+11;2;33;0;0;2;1;1;B01
2,018E+11;1;32;0;6;0;3;16;A01
2,018E+11;1;7;0;6;0;1;1;A01
2,018E+11;2;33;0;13;0;1;1;B01
2,018E+11;1;7;0;0;0;1;15;A01
2,018E+11;2;2;0;0;2;1;2;B01
2,018E+11;1;7;0;0;2;5;15;A01
2,018E+11;1;7;0;15;0;7;0;B01
2,018E+11;0;7;0;0;2;1;0;A01
2,018E+11;2;7;0;12;0;7;17;A01
2,018E+11;1;7;0;0;1;3;1;A01
2,018E+11;2;1;0;0;2;8;1;B01
2,018E+11;1;7;0;0;2;1;15;A01
2,018E+11;1;33;0;0;2;1;1;B01
2,018E+11;2;7;0;0;2;5;15;A01
2,018E+11;0;99;0;13;0;1;16;A01
2,018E+11;1;7;0;6;0;1;1;A01
2,018E+11;2;7;0;0;0;5;15;B01
2,018E+11;1;2;0;0;2;1;1;A01
2,018E+11;1;2;0;0;2;1;1;A01
2,018E+11;2;7;0;0;0;6;15;B01
2,018E+11;2;10;0;0;0;8;1;B01
2,018E+11;1;33;0;0;2;8;17;A01
2,018E+11;1;1;0;0;2;2;1;B01
2,018E+11;1;7;0;0;2;3;16;A01
2,018E+11;0;1;0;0;0;9;21;A01
2,018E+11;2;1;0;0;0;9;1;A01
2,018E+11;1;7;0;0;0;4;1;A01
2,018E+11;1;7;0;0;2;4;1;B01
2,018E+11;2;7;0;0;2;1;1;H01
2,018E+11;1;7;0;0;2;1;1;D01
2,018E+11;1;7;0;0;2;1;1;E01
2,018E+11;1;7;0;0;2;2;2;1 F
2,018E+11;1;7;0;0;2;1;1;G01
2,018E+11;1;7;0;0;2;4;1;C01
2,018E+11;2;33;0;0;0;9;15;A01
2,018E+11;1;7;0;0;0;7;15;A01
2,018E+11;2;1;0;0;2;1;1;B01
2,018E+11;1;7;0;2;0;2;1;A01
2,018E+11;1;7;0;0;0;4;23;B01
2,018E+11;1;33;0;0;2;7;1;A01
2,018E+11;1;7;0;0;0;9;1;A01
2,018E+11;2;7;0;0;2;1;17;B01
2,018E+11;1;7;0;0;2;1;5;A01
2,018E+11;1;7;0;0;2;1;1;B01
2,018E+11;2;7;0;0;2;6;15;C01
2,018E+11;2;2;0;0;2;1;17;A01
2,018E+11;2;1;0;0;2;4;1;B01
2,018E+11;2;7;0;0;0;1;1;A01
2,018E+11;2;7;0;16;0;4;16;A01
2,018E+11;2;7;0;0;2;1;0;B01
2,018E+11;2;2;0;0;2;1;1;A01
2,018E+11;1;7;0;0;2;3;15;B01
2,018E+11;0;7;0;7;0;3;1;A01
2,018E+11;0;10;0;0;0;0;0;A01
2,018E+11;1;7;0;0;2;3;13;A01
2,018E+11;2;14;0;0;2;3;1;B01
2,018E+11;2;33;0;0;2;1;1;B01
2,018E+11;1;7;0;0;2;3;15;A01
2,018E+11;1;31;0;0;2;1;13;A01
2,018E+11;2;7;0;0;2;3;1;B01
2,018E+11;2;7;0;6;0;2;1;A01