Num_Acc;senc;catv;occutc;obs;obsm;choc;manv;num_veh
2,018E+11;0;30;0;0;2;0;1;B01
2,018E+11;0;7;0;0;0;0;9;Z01
2,018E+11;0;7;0;0;2;8;10;A01
2,018E+11;0;33;0;0;2;1;1;B01
2,018E+11;0;7;0;0;2;1;1;B01
2,018E+11;0;7;0;0;2;8;1;A01
2,018E+11;0;7;0;0;2;1;1;A01
2,018E+11;0;7;0;0;2;4;1;B01
2,018E+11;0;30;0;0;2;1;21;B01
2,018E+11;0;7;0;0;2;3;10;A01
2,018E+11;2;7;0;0;2;1;1;C01
2,018E+11;1;7;0;0;2;4;2;B01
2,018E+11;1;7;0;0;2;1;2;A01
2,018E+11;0;32;0;0;2;5;1;B01
2,018E+11;0;7;0;0;2;2;15;A01
2,018E+11;0;7;0;0;2;1;5;A01
2,018E+11;0;7;0;0;2;1;1;B01
2,018E+11;0;7;0;0;2;1;1;A01
2,018E+11;0;7;0;0;2;4;1;B01
2,018E+11;0;7;0;0;2;1;15;A01
2,018E+11;0;2;0;0;2;3;1;B01
2,018E+11;0;7;0;0;2;4;1;B01
2,018E+11;0;7;0;0;2;1;1;A01
2,018E+11;0;1;0;0;2;1;19;A01
2,018E+11;0;10;0;0;2;5;16;B01
2,018E+11;0;30;0;0;0;7;16;A01
2,018E+11;0;2;0;0;2;1;1;B01
2,018E+11;0;7;0;0;2;3;15;A01
2,018E+11;0;7;0;0;2;3;0;B01
2,018E+11;0;7;0;0;2;3;13;A01
2,018E+11;2;7;0;0;2;1;2;A01
2,018E+11;2;7;0;0;2;4;23;B01
2,018E+11;0;7;0;0;1;1;17;A01
2,018E+11;0;1;0;0;2;0;19;A01
2,018E+11;0;7;0;0;2;3;1;B01
2,018E+11;0;7;0;0;1;3;1;A01
2,018E+11;0;7;0;0;1;3;15;A01
2,018E+11;1;7;0;0;2;1;2;A01
2,018E+11;1;7;0;0;2;4;2;B01
2,018E+11;1;7;0;0;2;1;2;C01
2,018E+11;1;10;0;15;0;2;0;A01
2,018E+11;0;7;0;0;2;2;15;A01
2,018E+11;0;33;0;0;2;1;1;B01
2,018E+11;0;7;0;0;2;2;15;A01
2,018E+11;0;1;0;0;2;1;1;B01
2,018E+11;2;7;0;2;0;2;1;A01
2,018E+11;0;7;0;0;2;6;1;A01
2,018E+11;0;7;0;0;2;1;1;B01
2,018E+11;0;7;0;0;1;1;1;A01
2,018E+11;2;7;0;0;2;3;1;B01
2,018E+11;0;10;0;0;2;3;5;A01
2,018E+11;1;7;0;0;2;3;1;A01
2,018E+11;2;7;0;0;2;8;15;B01
2,018E+11;1;7;0;1;0;2;14;A01
2,018E+11;1;7;0;0;2;4;1;B01
2,018E+11;1;7;0;0;2;1;2;A01
2,018E+11;0;7;0;0;2;2;9;A01
2,018E+11;0;7;0;0;2;3;1;B01
2,018E+11;0;1;0;0;2;1;1;B01
2,018E+11;0;7;0;0;2;1;15;A01
2,018E+11;2;7;0;0;1;1;1;A01
2,018E+11;2;10;0;0;2;3;16;A01
2,018E+11;2;7;0;0;2;4;16;B01
2,018E+11;2;7;0;0;2;1;1;B01
2,018E+11;1;3;0;0;2;1;13;A01
2,018E+11;1;31;0;0;2;7;6;B01
2,018E+11;1;7;0;0;2;1;6;A01
2,018E+11;1;30;0;0;1;1;1;A01
2,018E+11;1;7;0;0;2;1;1;B01
2,018E+11;0;30;0;0;2;3;1;A01
2,018E+11;0;30;0;0;2;1;1;B01
2,018E+11;0;7;0;0;2;3;15;A01
2,018E+11;0;7;0;0;2;3;1;B01
2,018E+11;0;30;0;0;2;8;13;A01
2,018E+11;1;30;0;0;2;1;2;A01
2,018E+11;1;7;0;0;2;4;1;B01
2,018E+11;1;31;0;0;2;1;1;B01
2,018E+11;2;7;0;0;2;1;15;A01
2,018E+11;1;7;0;0;2;1;13;A01
2,018E+11;2;30;0;0;2;3;11;B01
2,018E+11;2;10;0;0;2;8;1;D01
2,018E+11;1;7;0;0;2;3;1;C01
2,018E+11;2;7;0;0;2;3;19;A01
2,018E+11;1;33;0;0;2;1;1;B01
2,018E+11;1;7;0;0;2;2;1;A01
2,018E+11;2;7;0;0;2;1;1;C01
2,018E+11;1;7;0;0;2;6;15;B01
2,018E+11;2;7;0;0;2;1;2;A01
2,018E+11;2;2;0;0;2;4;1;B01
2,018E+11;1;7;0;0;2;4;2;B01
2,018E+11;1;33;0;0;2;1;2;A01
2,018E+11;1;7;0;0;2;3;1;C01
2,018E+11;2;2;0;0;2;2;17;A01
2,018E+11;2;7;0;0;2;8;2;B01
2,018E+11;1;7;0;0;2;8;15;A01
2,018E+11;2;7;0;0;2;7;1;B01
2,018E+11;0;1;0;0;2;1;19;A01
2,018E+11;0;1;0;0;2;1;1;B01
2,018E+11;1;2;0;0;2;1;19;A01
2,018E+11;2;2;0;0;2;1;1;B01
2,018E+11;0;10;0;0;1;6;5;A01
2,018E+11;1;1;0;0;2;1;2;A01
2,018E+11;1;7;0;0;2;4;1;B01
2,018E+11;1;7;0;0;1;1;1;A01
2,018E+11;2;2;0;0;2;1;2;A01
2,018E+11;2;7;0;0;2;6;1;B01
2,018E+11;0;7;0;0;1;1;16;A01
2,018E+11;0;16;0;0;1;4;4;A01
2,018E+11;0;33;0;0;2;1;1;B01
2,018E+11;0;7;0;0;2;2;15;A01
2,018E+11;2;7;0;0;2;4;2;B01
2,018E+11;2;7;0;0;2;1;2;A01
2,018E+11;1;7;0;0;2;3;1;B01
2,018E+11;2;7;0;12;2;1;1;A01
2,018E+11;1;2;0;0;2;1;2;A01
2,018E+11;1;7;0;0;2;4;2;B01
2,018E+11;2;33;0;0;2;0;21;A01
2,018E+11;1;38;1;0;2;1;1;B01
2,018E+11;2;7;0;0;2;5;9;A01
2,018E+11;2;7;0;0;2;3;1;B01
2,018E+11;0;33;0;0;2;1;2;A01
2,018E+11;0;7;0;0;2;3;15;B01
2,018E+11;1;7;0;0;2;1;1;A01
2,018E+11;2;2;0;0;2;1;1;B01
2,018E+11;2;7;0;0;2;7;15;A01
2,018E+11;2;1;0;0;2;1;1;B01
2,018E+11;1;31;0;0;2;0;2;C01
2,018E+11;1;33;0;0;2;1;2;A01
2,018E+11;1;2;0;0;2;4;11;B01
2,018E+11;1;3;0;0;2;8;15;A01
2,018E+11;1;32;0;0;2;1;17;B01
2,018E+11;1;7;0;0;1;0;0;Z01
2,018E+11;1;7;0;0;2;6;11;A01
2,018E+11;1;31;0;0;2;2;0;B01
2,018E+11;2;30;0;0;2;1;0;A01
2,018E+11;2;7;0;0;2;1;1;B01
2,018E+11;0;7;0;0;1;4;4;A01
2,018E+11;1;1;0;0;2;1;1;A01
2,018E+11;1;13;0;0;2;4;23;B01
2,018E+11;1;7;0;0;2;7;16;A01
2,018E+11;1;7;0;0;2;8;18;B01
2,018E+11;0;31;0;0;2;2;9;A01
2,018E+11;0;7;0;0;2;3;1;B01
2,018E+11;0;10;0;0;2;3;16;A01
2,018E+11;0;31;0;0;2;2;1;B01
2,018E+11;0;7;0;0;1;2;1;A01
2,018E+11;1;7;0;0;2;4;2;B01
2,018E+11;1;33;0;0;2;1;2;A01
2,018E+11;1;7;0;0;2;8;22;A01
2,018E+11;1;1;0;1;0;1;1;B01
2,018E+11;2;7;0;0;2;1;14;A01
2,018E+11;1;33;0;0;2;1;0;B01
2,018E+11;0;7;0;0;1;4;4;A01
2,018E+11;1;7;0;0;2;3;9;A01
2,018E+11;1;31;0;0;2;1;1;B01
2,018E+11;1;7;0;0;2;4;2;B01
2,018E+11;1;7;0;0;2;1;2;A01
2,018E+11;0;30;0;0;2;1;1;B01
2,018E+11;0;1;0;0;2;1;13;A01
2,018E+11;2;2;0;0;2;1;2;A01
2,018E+11;2;7;0;0;2;4;2;B01
2,018E+11;1;30;0;0;2;1;2;A01
2,018E+11;1;31;0;0;2;4;2;B01
2,018E+11;0;7;0;0;2;3;15;B01
2,018E+11;1;1;0;0;2;1;17;A01
2,018E+11;1;10;0;0;2;1;2;A01
2,018E+11;1;7;0;0;2;4;2;B01
2,018E+11;1;7;0;0;1;1;15;A01
2,018E+11;0;30;0;0;1;0;1;A01
2,018E+11;2;7;0;0;2;4;2;C01
2,018E+11;2;7;0;0;2;1;2;A01
2,018E+11;2;7;0;0;2;4;2;B01
2,018E+11;2;7;0;0;2;1;2;A01
2,018E+11;2;2;0;0;2;4;2;B01
2,018E+11;2;7;0;0;2;4;2;C01
2,018E+11;2;7;0;0;2;4;2;B01
2,018E+11;2;7;0;0;2;1;2;A01
2,018E+11;1;13;0;0;2;1;0;A01
2,018E+11;1;13;0;0;2;1;1;B01
2,018E+11;1;30;0;0;2;1;2;A01
2,018E+11;1;7;0;0;2;4;2;B01
2,018E+11;2;7;0;0;2;2;1;B01
2,018E+11;1;7;0;0;2;3;13;A01
2,018E+11;1;33;0;0;2;7;17;A01
2,018E+11;1;7;0;0;2;0;0;B01
2,018E+11;1;7;0;0;2;1;2;A01
2,018E+11;1;7;0;0;2;4;2;B01
2,018E+11;2;7;0;0;2;3;1;B01
2,018E+11;1;7;0;0;2;3;13;A01
2,018E+11;2;7;0;0;2;3;17;B01
2,018E+11;2;7;0;0;2;8;15;A01
2,018E+11;2;7;0;13;0;0;13;A01
2,018E+11;1;10;0;0;1;1;1;A01
2,018E+11;2;10;0;0;2;5;12;A01
2,018E+11;2;33;0;0;2;8;1;B01
2,018E+11;0;7;0;0;1;3;1;A01
2,018E+11;2;33;0;0;5;1;1;A01
2,018E+11;2;1;0;0;5;1;1;A01
2,018E+11;1;7;0;0;2;3;19;A01
2,018E+11;2;2;0;0;2;1;1;B01
2,018E+11;2;32;0;0;2;2;0;A01
2,018E+11;2;32;0;0;2;1;18;B01
2,018E+11;0;2;0;0;2;1;1;B01
2,018E+11;0;7;0;0;2;3;19;A01
2,018E+11;1;31;0;0;2;1;1;B01
2,018E+11;1;7;0;0;2;3;9;A01
2,018E+11;0;34;0;0;2;1;1;B01
2,018E+11;0;7;0;0;2;1;15;A01
2,018E+11;1;7;0;0;2;3;1;B01
2,018E+11;2;7;0;0;2;2;19;A01
2,018E+11;1;33;0;0;2;7;2;A01
2,018E+11;1;33;0;0;2;6;2;B01
2,018E+11;1;33;0;0;0;0;17;A01
2,018E+11;1;10;0;0;2;1;1;A01
2,018E+11;1;7;0;0;2;4;1;B01
2,018E+11;0;7;0;0;1;4;5;A01
2,018E+11;2;7;0;0;2;1;2;A01
2,018E+11;2;7;0;0;2;4;2;D01
2,018E+11;2;33;0;0;2;9;2;B01
2,018E+11;2;7;0;0;2;9;2;C01
2,018E+11;1;7;0;0;2;1;11;A01
2,018E+11;2;2;0;0;2;7;1;B01
2,018E+11;1;32;0;0;2;1;17;A01
2,018E+11;2;33;0;0;2;1;1;B01
2,018E+11;2;30;0;0;2;1;2;A01
2,018E+11;2;7;0;0;2;4;2;B01
2,018E+11;2;31;0;0;1;1;1;A01
2,018E+11;2;7;0;0;2;4;2;B01
2,018E+11;2;7;0;0;2;1;2;A01
2,018E+11;1;7;0;0;2;1;2;A01
2,018E+11;1;7;0;0;2;5;2;B01
2,018E+11;1;10;0;0;2;4;2;C01
2,018E+11;1;1;0;0;2;4;2;B01
2,018E+11;1;10;0;0;2;1;2;A01
2,018E+11;0;33;0;0;2;1;13;A01
2,018E+11;2;7;0;0;2;2;1;B01
2,018E+11;1;10;0;0;2;2;1;A01
2,018E+11;1;7;0;0;2;4;1;B01
2,018E+11;1;7;0;0;0;4;1;C01
2,018E+11;0;7;0;0;2;1;15;A01
2,018E+11;0;2;0;0;2;1;1;B01
2,018E+11;0;7;0;0;2;1;5;A01
2,018E+11;0;1;0;0;2;1;1;B01
2,018E+11;2;7;0;0;2;4;1;B01
2,018E+11;2;10;0;0;2;4;1;C01
2,018E+11;2;7;0;0;2;1;2;A01
2,018E+11;0;7;0;0;1;1;1;A01
2,018E+11;2;7;0;0;0;0;1;A01
2,018E+11;1;7;0;0;2;4;1;C01
2,018E+11;1;7;0;0;2;1;1;A01
2,018E+11;1;7;0;0;2;4;2;B01
2,018E+11;0;7;0;0;2;3;15;B01
2,018E+11;0;2;0;1;2;2;17;A01
2,018E+11;1;7;0;0;1;1;1;A01
2,018E+11;1;7;0;0;2;4;2;B01
2,018E+11;2;7;0;0;2;1;1;A01
2,018E+11;2;7;0;0;0;0;0;A01
2,018E+11;1;7;0;0;2;5;2;A01
2,018E+11;1;2;0;0;2;8;18;B01
2,018E+11;1;7;0;0;2;3;16;A01
2,018E+11;2;2;0;0;2;3;1;B01
2,018E+11;1;30;0;0;2;3;13;A01
2,018E+11;2;7;0;0;2;8;1;B01
2,018E+11;1;31;0;1;0;0;1;A01
2,018E+11;2;7;0;0;2;5;24;B01
2,018E+11;0;2;0;0;2;1;13;A01
2,018E+11;0;33;0;0;2;1;1;B01
2,018E+11;2;2;0;0;2;1;1;B01
2,018E+11;0;7;0;0;2;3;15;A01
2,018E+11;2;7;0;0;1;1;1;Z01
2,018E+11;2;33;0;0;0;0;2;B01
2,018E+11;2;7;0;0;0;0;15;A01
2,018E+11;2;31;0;0;6;0;1;C01
2,018E+11;2;17;0;0;2;3;1;B01
2,018E+11;1;7;0;0;2;1;13;A01
2,018E+11;1;30;0;0;2;1;1;A01
2,018E+11;2;7;0;0;2;0;4;Z01
2,018E+11;2;30;0;0;2;1;2;A01
2,018E+11;1;7;0;0;2;4;1;B01
2,018E+11;1;7;0;0;2;5;15;A01
2,018E+11;2;33;0;0;2;1;1;B01
2,018E+11;2;7;0;0;2;5;15;C01
2,018E+11;2;7;0;0;2;0;23;B01
2,018E+11;2;7;0;0;2;1;2;A01
2,018E+11;1;7;0;0;1;5;1;A01
2,018E+11;2;2;0;0;2;0;13;A01
2,018E+11;1;7;0;0;2;8;1;B01
2,018E+11;1;7;0;0;2;4;15;B01
2,018E+11;1;7;0;0;2;1;1;A01
2,018E+11;2;7;0;0;1;2;0;A01
2,018E+11;2;7;0;0;1;2;1;A01
2,018E+11;0;1;0;0;1;1;13;A01
2,018E+11;2;10;0;0;1;2;1;A01
2,018E+11;2;1;0;0;2;1;18;B01
2,018E+11;2;7;0;1;0;2;1;A01
2,018E+11;2;10;0;0;2;1;1;A01
2,018E+11;2;7;0;0;2;4;23;B01
2,018E+11;2;14;0;0;2;3;16;A01
2,018E+11;0;1;0;0;2;1;0;B01
2,018E+11;1;7;0;0;1;1;1;A01
2,018E+11;2;7;0;0;2;1;1;A01
2,018E+11;2;7;0;0;2;4;1;B01
2,018E+11;0;30;0;0;6;3;9;A01
2,018E+11;2;1;0;0;2;2;0;B01
2,018E+11;1;7;0;0;2;4;2;B01
2,018E+11;1;7;0;0;2;1;2;A01
2,018E+11;1;7;0;0;1;1;12;A01
2,018E+11;2;7;0;6;2;9;0;A01
2,018E+11;1;33;0;0;2;1;1;B01
2,018E+11;2;7;0;0;2;2;15;A01
2,018E+11;2;99;0;0;2;1;1;A01
2,018E+11;2;7;0;0;2;8;1;B01
2,018E+11;2;7;0;0;1;2;1;A01
2,018E+11;2;7;0;0;2;6;1;B01
2,018E+11;2;30;0;0;2;1;1;A01
2,018E+11;0;7;0;0;2;2;10;A01
2,018E+11;0;33;0;0;2;1;1;B01
2,018E+11;2;33;0;0;2;1;1;B01
2,018E+11;1;7;0;0;2;3;10;A01
2,018E+11;2;7;0;0;1;2;17;A01
2,018E+11;1;10;0;0;1;3;15;A01
2,018E+11;0;7;0;0;1;4;4;A01
2,018E+11;2;7;0;0;2;7;1;C01
2,018E+11;2;7;0;0;2;4;2;D01
2,018E+11;2;7;0;0;2;1;1;A01
2,018E+11;2;7;0;0;2;5;2;B01
2,018E+11;2;7;0;4;0;9;11;A01
2,018E+11;1;7;0;0;1;2;1;A01
2,018E+11;0;7;0;1;0;1;13;A01
2,018E+11;0;37;1;0;2;1;24;B01
2,018E+11;1;7;0;0;2;1;1;B01
2,018E+11;2;7;0;0;2;1;15;A01
2,018E+11;0;1;0;0;2;3;5;A01
2,018E+11;0;7;0;0;2;1;1;B01
2,018E+11;0;7;0;1;2;4;15;B01
2,018E+11;0;7;0;0;2;8;19;C01
2,018E+11;0;31;0;0;2;1;2;A01
2,018E+11;1;1;0;0;2;2;15;B01
2,018E+11;1;7;0;0;2;3;1;A01
2,018E+11;0;7;0;0;2;2;15;A01
2,018E+11;0;30;0;0;2;8;1;B01
2,018E+11;2;7;0;0;2;2;15;A01
2,018E+11;1;2;0;0;2;1;1;B01
2,018E+11;2;33;0;0;2;1;1;B01
2,018E+11;0;7;0;0;2;1;19;A01
2,018E+11;0;37;3;3;2;7;14;A01
2,018E+11;0;37;1;0;2;7;1;B01
2,018E+11;2;7;0;0;2;4;16;A01
2,018E+11;1;1;0;0;2;5;19;B01
2,018E+11;2;7;0;15;0;1;14;A01
2,018E+11;0;7;0;0;1;2;14;A01
2,018E+11;1;2;0;0;2;1;1;B01
2,018E+11;2;7;0;0;2;2;15;A01
2,018E+11;2;33;0;0;2;1;1;B01
2,018E+11;0;7;0;0;2;5;9;A01
2,018E+11;0;7;0;0;2;2;1;B01
2,018E+11;0;7;0;6;2;2;13;A01
2,018E+11;0;7;0;0;2;1;5;A01
2,018E+11;0;7;0;6;2;8;1;B01
2,018E+11;1;7;0;0;1;1;1;A01
2,018E+11;2;7;0;0;2;2;15;A01
2,018E+11;0;10;0;0;2;2;1;B01
2,018E+11;2;7;0;16;1;2;19;A01
2,018E+11;2;7;0;0;2;2;15;A01
2,018E+11;;1;0;0;2;8;19;B01
2,018E+11;2;7;0;1;0;1;0;A01
2,018E+11;1;7;0;13;0;1;1;A01
2,018E+11;1;7;0;2;0;1;21;A01
2,018E+11;2;33;0;0;6;1;1;A01
2,018E+11;2;20;0;0;0;5;15;B01
2,018E+11;2;33;0;0;2;1;14;A01
2,018E+11;2;7;0;0;2;1;1;B01
2,018E+11;2;7;0;0;2;1;17;A01
2,018E+11;2;7;0;0;2;1;1;B01
2,018E+11;1;7;0;0;0;1;13;A01
2,018E+11;1;7;0;13;0;8;13;A01
2,018E+11;1;1;0;0;0;1;0;A01
2,018E+11;2;10;0;0;2;8;15;B01
2,018E+11;2;33;0;0;2;9;17;A01
2,018E+11;1;7;0;0;2;2;19;A01
2,018E+11;2;7;0;0;2;3;1;B01
2,018E+11;2;7;0;15;0;1;0;A01
2,018E+11;1;7;0;13;0;1;13;A01
2,018E+11;1;7;0;0;2;1;0;B01
2,018E+11;2;7;0;0;2;1;0;A01
2,018E+11;2;7;0;0;2;3;21;B01
2,018E+11;1;7;0;13;2;3;13;A01
2,018E+11;1;7;0;0;1;5;4;A01
2,018E+11;2;33;0;0;0;1;14;A01
2,018E+11;1;7;0;0;2;2;19;A01
2,018E+11;1;33;0;0;2;1;1;B01
2,018E+11;1;33;0;13;0;8;13;A01
2,018E+11;1;7;0;0;2;3;13;A01
2,018E+11;2;7;0;0;2;2;13;B01
2,018E+11;1;2;0;1;2;1;13;A01
2,018E+11;2;7;0;0;2;3;1;B01
2,018E+11;0;14;0;16;0;9;14;A01
2,018E+11;2;2;0;0;2;1;13;A01
2,018E+11;1;7;0;0;0;1;1;B01
2,018E+11;2;7;0;0;2;1;2;A01
2,018E+11;2;1;0;0;2;4;2;B01
2,018E+11;1;7;0;0;2;1;2;A01
2,018E+11;1;1;0;0;2;4;2;C01
2,018E+11;1;1;0;0;2;4;2;B01
2,018E+11;2;7;0;2;0;1;14;A01
2,018E+11;1;2;0;0;0;1;1;A01
2,018E+11;1;7;0;0;2;7;15;A01
2,018E+11;2;7;0;0;2;2;1;B01
2,018E+11;1;7;0;0;1;3;15;A01
2,018E+11;0;10;0;0;2;5;15;A01
2,018E+11;1;7;0;0;2;1;8;B01
2,018E+11;2;7;0;0;2;3;15;B01
2,018E+11;2;31;0;0;2;1;17;A01
2,018E+11;0;33;0;0;0;0;7;A01
2,018E+11;2;7;0;0;2;1;7;A01
2,018E+11;0;99;0;0;2;0;0;R01
2,018E+11;1;2;0;0;2;1;17;A01
2,018E+11;1;7;0;0;2;8;15;B01
2,018E+11;2;7;0;0;2;1;1;B01
2,018E+11;1;7;0;0;2;1;1;A01
2,018E+11;2;7;0;0;2;6;21;B01
2,018E+11;2;7;0;0;2;1;21;C01
2,018E+11;1;7;0;0;9;1;1;D01
2,018E+11;2;7;0;0;2;1;13;A01
2,018E+11;2;7;0;0;2;3;1;B01
2,018E+11;0;7;0;0;2;2;15;A01
2,018E+11;0;7;0;0;1;1;15;A01
2,018E+11;2;7;0;0;2;1;23;C01
2,018E+11;2;7;0;0;2;3;1;B01
2,018E+11;1;7;0;0;2;3;13;A01
2,018E+11;1;7;0;0;2;4;2;B01
2,018E+11;1;7;0;0;2;4;2;C01
2,018E+11;1;7;0;0;2;1;2;A01
2,018E+11;0;7;0;0;1;1;1;A01
2,018E+11;0;7;0;0;2;4;1;B01
2,018E+11;0;7;0;0;0;1;1;A01
2,018E+11;0;7;0;0;2;1;1;A01
2,018E+11;0;7;0;0;2;4;23;B01
2,018E+11;1;7;0;0;2;4;23;C01
2,018E+11;1;7;0;0;2;9;1;B01
2,018E+11;1;7;0;0;2;1;1;A01
2,018E+11;0;7;0;0;2;2;1;B01
2,018E+11;0;1;0;0;2;8;13;A01
2,018E+11;0;33;0;0;2;2;1;A01
2,018E+11;0;7;0;0;2;6;1;B01
2,018E+11;0;7;0;0;1;1;17;A01
2,018E+11;0;2;0;0;2;2;1;B01
2,018E+11;0;7;0;0;2;3;9;A01
2,018E+11;1;1;0;0;2;1;21;B01
2,018E+11;1;7;0;0;2;3;9;A01
2,018E+11;1;7;0;0;2;3;13;A01
2,018E+11;2;7;0;0;2;3;21;B01
2,018E+11;1;7;0;0;2;1;13;A01
2,018E+11;2;14;0;0;2;1;1;B01
2,018E+11;0;2;0;0;2;1;1;B01
2,018E+11;0;7;0;0;2;2;13;A01
2,018E+11;2;7;0;0;2;3;9;A01
2,018E+11;1;7;0;0;2;2;1;B01
2,018E+11;0;7;0;0;2;1;1;A01
2,018E+11;0;7;0;0;2;4;23;B01
2,018E+11;0;7;0;0;2;6;23;B01
2,018E+11;0;7;0;0;2;2;15;A01
2,018E+11;2;7;0;0;2;1;1;B01
2,018E+11;1;7;0;0;2;1;9;A01
2,018E+11;1;7;0;0;2;2;1;B01
2,018E+11;1;7;0;0;2;3;9;A01
2,018E+11;1;7;0;0;2;4;2;B01
2,018E+11;1;7;0;0;2;1;2;A01
2,018E+11;1;33;0;0;2;1;17;B01
2,018E+11;1;7;0;0;2;3;9;A01
2,018E+11;0;31;0;0;1;1;1;A01
2,018E+11;1;7;0;0;2;4;2;B01
2,018E+11;1;10;0;0;2;1;2;A01
2,018E+11;1;7;0;0;2;7;15;A01
2,018E+11;2;33;0;0;2;1;8;B01
2,018E+11;1;7;0;0;1;1;1;A01
2,018E+11;0;7;0;0;1;1;1;A01
2,018E+11;1;7;0;5;0;1;1;A01
2,018E+11;1;7;0;0;1;2;1;A01
2,018E+11;1;7;0;0;1;1;1;A01
2,018E+11;1;7;0;0;2;1;15;A01
2,018E+11;0;34;0;0;2;1;1;B01
2,018E+11;1;7;0;0;2;3;15;B01
2,018E+11;0;31;0;0;2;1;17;A01
2,018E+11;1;7;0;0;2;1;1;A01
2,018E+11;1;7;0;0;2;2;9;B01
2,018E+11;1;7;0;0;2;8;1;B01
2,018E+11;1;33;0;0;2;2;14;A01
2,018E+11;0;2;0;0;2;1;8;B01
2,018E+11;1;7;0;0;2;2;15;A01
2,018E+11;2;7;0;0;2;1;21;B01
2,018E+11;1;7;0;0;2;2;15;A01
2,018E+11;0;33;0;0;2;7;17;B01
2,018E+11;0;7;0;0;2;8;15;A01
2,018E+11;1;7;0;0;2;1;1;A01
2,018E+11;0;1;0;0;2;0;19;B01
2,018E+11;0;7;0;0;2;1;1;A01
2,018E+11;0;7;0;0;2;4;1;B01
2,018E+11;0;7;0;0;2;4;1;B01
2,018E+11;0;3;0;0;2;1;0;A01
2,018E+11;0;7;0;0;2;4;1;B01
2,018E+11;0;33;0;0;2;1;1;A01
2,018E+11;0;7;0;0;2;2;9;A01
2,018E+11;0;7;0;0;2;3;1;B01
2,018E+11;0;7;0;0;1;1;1;A01
2,018E+11;0;7;0;0;2;1;9;B01
2,018E+11;0;30;0;0;2;5;1;A01
2,018E+11;0;1;0;0;2;8;19;B01
2,018E+11;0;7;0;0;2;1;1;A01
2,018E+11;0;1;0;0;2;7;0;B01
2,018E+11;0;7;0;0;2;1;9;A01
2,018E+11;2;7;0;0;2;8;0;A01
2,018E+11;2;7;0;0;2;7;1;B01
2,018E+11;0;7;0;0;2;5;23;B01
2,018E+11;0;30;0;0;2;1;1;A01
2,018E+11;0;30;0;0;2;1;1;A01
2,018E+11;0;7;0;0;2;3;1;B01
2,018E+11;0;33;0;0;2;1;1;B01
2,018E+11;0;7;0;0;2;5;15;A01
2,018E+11;0;7;0;0;2;4;1;B01
2,018E+11;0;7;0;0;2;1;1;A01
2,018E+11;0;7;0;0;2;1;2;A01
2,018E+11;1;7;0;0;2;6;15;B01
2,018E+11;1;7;0;0;2;2;16;B01
2,018E+11;0;30;0;0;2;1;7;A01
2,018E+11;1;7;0;0;2;1;2;A01
2,018E+11;1;7;0;0;2;4;2;C01
2,018E+11;0;7;0;0;2;4;2;B01
2,018E+11;0;7;0;0;1;1;16;Z01
2,018E+11;0;33;0;0;2;3;17;B01
2,018E+11;0;7;0;0;2;1;9;A01
2,018E+11;0;7;0;0;2;1;1;A01
2,018E+11;0;7;0;0;2;4;1;B01
2,018E+11;0;7;0;0;2;1;1;A01
2,018E+11;0;7;0;0;2;1;16;B01
2,018E+11;0;7;0;0;1;1;1;A01
2,018E+11;1;7;0;0;2;4;1;B01
2,018E+11;1;7;0;0;2;1;1;A01
2,018E+11;0;7;0;0;0;0;0;Z01
2,018E+11;0;7;0;0;2;7;1;A01
2,018E+11;0;7;0;0;1;1;1;A01
2,018E+11;0;7;0;0;2;3;10;A01
2,018E+11;0;34;0;0;2;1;1;B01
2,018E+11;0;7;0;0;1;1;0;A01
2,018E+11;0;7;0;0;1;4;20;A01
2,018E+11;0;7;0;0;2;2;15;A01
2,018E+11;0;32;0;0;2;1;1;B01
2,018E+11;0;7;0;0;2;2;15;A01
2,018E+11;0;2;0;0;2;3;1;B01
2,018E+11;2;7;0;0;2;1;14;A01
2,018E+11;2;7;0;0;2;4;23;B01
2,018E+11;0;7;0;0;2;1;1;A01
2,018E+11;0;7;0;0;2;4;1;B01
2,018E+11;0;7;0;0;2;4;1;B01
2,018E+11;0;7;0;0;2;1;1;A01
2,018E+11;0;7;0;0;2;1;9;A01
2,018E+11;0;7;0;0;2;8;1;B01
2,018E+11;1;7;0;0;1;1;21;A01
2,018E+11;1;33;0;0;0;0;1;A01
2,018E+11;0;7;0;0;1;4;20;A01
2,018E+11;0;7;0;0;2;1;1;A01
2,018E+11;0;7;0;0;2;4;1;B01
2,018E+11;1;7;0;0;2;5;23;B01
2,018E+11;1;7;0;0;2;3;1;A01
2,018E+11;0;7;0;0;2;3;15;A01
2,018E+11;0;33;0;0;2;1;1;B01
2,018E+11;0;33;0;0;2;1;1;B01
2,018E+11;0;7;0;0;2;5;13;A01
2,018E+11;0;7;0;0;2;1;9;A01
2,018E+11;0;7;0;0;2;1;1;B01
2,018E+11;0;7;0;0;2;1;1;B01
2,018E+11;0;7;0;0;2;4;23;C01
2,018E+11;0;7;0;0;2;1;1;A01
2,018E+11;0;7;0;0;2;1;12;A01
2,018E+11;0;1;0;0;2;4;14;B01
2,018E+11;1;33;0;0;2;7;1;B01
2,018E+11;1;7;0;0;2;1;9;A01
2,018E+11;2;1;0;0;2;1;5;A01
2,018E+11;1;7;0;0;2;1;16;B01
2,018E+11;0;10;0;0;2;4;4;A01
2,018E+11;0;31;0;0;2;1;1;B01