Num_Acc;senc;catv;occutc;obs;obsm;choc;manv;num_veh
2,018E+11;2;10;0;0;2;1;17;A01
2,018E+11;1;10;0;0;2;1;1;B01
2,018E+11;0;10;0;0;2;1;0;A01
2,018E+11;2;10;0;0;2;2;0;B01
2,018E+11;1;7;0;0;1;1;16;A01
2,018E+11;0;10;0;0;2;1;9;B01
2,018E+11;0;30;0;0;2;7;0;A01
2,018E+11;1;32;0;14;0;1;13;A01
2,018E+11;2;10;0;0;1;7;0;A01
2,018E+11;1;10;0;0;1;1;9;A01
2,018E+11;2;33;0;0;2;1;1;A01
2,018E+11;2;10;0;0;2;4;1;B01
2,018E+11;1;7;0;0;2;1;1;A01
2,018E+11;1;7;0;0;2;4;1;B01
2,018E+11;0;10;0;0;1;1;9;A01
2,018E+11;1;10;0;0;2;2;14;A01
2,018E+11;1;1;0;0;2;8;0;B01
2,018E+11;1;10;0;0;2;1;1;C01
2,018E+11;1;7;0;0;2;1;1;B01
2,018E+11;1;7;0;0;2;4;1;D01
2,018E+11;1;7;0;0;2;4;1;A01
2,018E+11;1;7;0;0;2;4;1;E01
2,018E+11;1;7;0;0;2;1;9;A01
2,018E+11;1;33;0;0;2;5;16;B01
2,018E+11;2;1;0;0;0;0;0;B01
2,018E+11;1;1;0;0;0;0;0;E01
2,018E+11;2;7;0;0;0;0;0;A01
2,018E+11;1;1;0;0;0;0;0;1 F
2,018E+11;1;1;0;0;2;1;0;D01
2,018E+11;1;1;0;0;0;0;0;C01
2,018E+11;1;7;0;0;2;2;14;A01
2,018E+11;1;7;0;0;2;3;9;B01
2,018E+11;1;33;0;0;2;5;9;B01
2,018E+11;1;7;0;0;2;1;9;A01
2,018E+11;1;10;0;0;2;3;9;A01
2,018E+11;0;2;0;0;2;7;0;B01
2,018E+11;1;7;0;14;0;2;2;A01
2,018E+11;1;7;0;0;2;4;23;B01
2,018E+11;1;7;0;0;2;7;15;A01
2,018E+11;2;33;0;0;2;1;1;B01
2,018E+11;0;10;0;0;2;1;15;A01
2,018E+11;2;2;0;0;2;7;0;B01
2,018E+11;1;7;0;0;2;1;1;A01
2,018E+11;1;14;0;0;2;2;2;B01
2,018E+11;1;7;0;0;2;3;16;A01
2,018E+11;2;33;0;0;2;7;0;B01
2,018E+11;0;7;0;0;1;1;16;A01
2,018E+11;2;7;0;0;2;5;23;B01
2,018E+11;2;30;0;0;2;1;1;A01
2,018E+11;1;7;0;0;2;3;1;A01
2,018E+11;0;1;0;0;2;2;19;B01
2,018E+11;2;10;0;0;1;2;16;A01
2,018E+11;2;2;0;0;2;1;17;A01
2,018E+11;2;10;0;0;2;8;15;B01
2,018E+11;1;7;0;0;1;1;1;A01
2,018E+11;1;7;0;1;0;3;1;A01
2,018E+11;0;10;0;0;1;2;1;A01
2,018E+11;1;33;0;0;2;5;1;B01
2,018E+11;0;7;0;0;2;1;15;A01
2,018E+11;1;7;0;0;2;7;16;A01
2,018E+11;1;14;0;0;2;2;1;B01
2,018E+11;2;30;0;1;2;1;17;A01
2,018E+11;2;3;0;0;2;3;15;B01
2,018E+11;2;7;0;8;0;2;14;A01
2,018E+11;1;7;0;9;0;8;14;A01
2,018E+11;1;7;0;0;2;8;15;B01
2,018E+11;1;7;0;2;2;2;17;A01
2,018E+11;0;99;0;0;2;0;0;R01
2,018E+11;1;10;0;0;2;1;10;Z01
2,018E+11;1;33;0;0;2;2;13;A01
2,018E+11;2;7;0;0;2;2;1;B01
2,018E+11;1;32;0;0;9;1;13;A01
2,018E+11;1;7;0;0;1;3;1;A01
2,018E+11;1;7;0;15;0;2;14;A01
2,018E+11;2;7;0;0;2;4;23;B01
2,018E+11;2;7;0;0;2;1;1;A01
2,018E+11;2;7;0;0;2;1;2;A01
2,018E+11;2;7;0;0;2;4;2;B01
2,018E+11;0;7;0;0;2;7;1;B01
2,018E+11;0;32;0;0;2;1;1;A01
2,018E+11;1;7;0;0;1;1;18;A01
2,018E+11;2;7;0;0;1;3;16;A01
2,018E+11;2;7;0;0;2;1;1;A01
2,018E+11;2;7;0;0;2;8;1;B01
2,018E+11;1;7;0;0;2;1;13;A01
2,018E+11;2;7;0;0;2;3;8;B01
2,018E+11;2;7;0;15;0;2;1;A01
2,018E+11;1;7;0;0;2;3;1;B01
2,018E+11;2;30;0;0;2;2;15;A01
2,018E+11;2;7;0;0;1;2;21;A01
2,018E+11;2;7;0;0;1;3;16;A01
2,018E+11;1;7;0;0;2;1;1;B01
2,018E+11;1;7;0;0;2;2;15;A01
2,018E+11;1;34;0;0;2;8;8;B01
2,018E+11;2;7;0;0;2;1;8;A01
2,018E+11;1;7;0;0;2;1;7;A01
2,018E+11;1;7;0;0;2;4;7;B01
2,018E+11;1;7;0;0;1;1;16;A01
2,018E+11;2;7;0;12;0;2;1;A01
2,018E+11;1;7;0;0;1;1;19;A01
2,018E+11;1;7;0;0;2;3;1;A01
2,018E+11;1;1;0;0;2;4;19;B01
2,018E+11;1;33;0;0;2;0;9;B01
2,018E+11;2;7;0;0;2;3;9;A01
2,018E+11;1;10;0;0;1;2;7;A01
2,018E+11;2;7;0;0;2;7;10;A01
2,018E+11;1;7;0;0;2;1;19;B01
2,018E+11;1;7;0;0;2;3;15;B01
2,018E+11;1;33;0;0;2;2;5;A01
2,018E+11;2;7;0;0;1;1;1;Z01
2,018E+11;1;7;0;0;2;3;16;B01
2,018E+11;1;7;0;0;2;1;1;A01
2,018E+11;2;1;0;0;2;1;1;C01
2,018E+11;2;1;0;0;2;5;19;A01
2,018E+11;2;7;0;0;2;5;16;B01
2,018E+11;2;7;0;0;1;2;1;A01
2,018E+11;2;7;0;0;1;1;19;A01
2,018E+11;2;7;0;0;2;7;17;A01
2,018E+11;2;7;0;0;2;1;20;B01
2,018E+11;2;7;0;0;1;3;1;A01
2,018E+11;1;7;0;0;1;1;7;A01
2,018E+11;1;31;0;0;2;1;1;B01
2,018E+11;2;7;0;0;2;3;15;A01
2,018E+11;2;17;0;0;1;2;20;A01
2,018E+11;2;7;0;0;2;3;9;A01
2,018E+11;0;1;0;0;2;7;1;B01
2,018E+11;1;7;0;0;1;1;15;A01
2,018E+11;2;7;0;0;1;4;4;A01
2,018E+11;1;7;0;1;0;2;2;A01
2,018E+11;1;7;0;8;0;1;21;A01
2,018E+11;1;33;0;0;2;0;1;B01
2,018E+11;1;7;0;0;9;1;0;A01
2,018E+11;0;3;0;0;4;8;6;A01
2,018E+11;0;40;0;0;2;1;1;B01
2,018E+11;1;7;0;8;0;2;18;A01
2,018E+11;1;7;0;0;2;2;2;B01
2,018E+11;1;37;0;0;1;3;1;A01
2,018E+11;2;7;0;0;1;6;1;A01
2,018E+11;1;7;0;0;2;2;15;A01
2,018E+11;2;31;0;0;2;1;1;B01
2,018E+11;1;7;0;0;2;1;1;B01
2,018E+11;2;7;0;0;2;1;13;A01
2,018E+11;1;7;0;0;1;1;1;A01
2,018E+11;2;7;0;0;2;2;15;A01
2,018E+11;1;1;0;0;2;3;1;B01
2,018E+11;1;7;0;0;2;4;2;Z01
2,018E+11;1;7;0;0;2;4;2;B01
2,018E+11;2;7;0;0;1;1;1;A01
2,018E+11;1;7;0;0;2;1;2;A01
2,018E+11;1;7;0;0;2;4;2;B01
2,018E+11;1;7;0;0;2;4;2;Z01
2,018E+11;1;7;0;0;2;8;1;B01
2,018E+11;1;7;0;0;2;1;1;A01
2,018E+11;2;7;0;0;1;1;1;A01
2,018E+11;1;7;0;8;0;5;0;A01
2,018E+11;2;7;0;0;2;8;16;A01
2,018E+11;1;7;0;0;2;2;1;B01
2,018E+11;1;7;0;0;1;2;19;A01
2,018E+11;2;37;0;0;1;7;16;A01
2,018E+11;1;7;0;0;2;6;1;B01
2,018E+11;1;33;0;0;2;1;15;A01
2,018E+11;1;14;0;0;2;1;2;A01
2,018E+11;1;15;0;0;2;4;2;B01
2,018E+11;2;7;0;0;2;2;9;A01
2,018E+11;1;10;0;0;2;2;17;B01
2,018E+11;1;7;0;0;2;1;15;A01
2,018E+11;2;33;0;0;2;1;21;B01
2,018E+11;1;7;0;15;0;1;1;A01
2,018E+11;1;10;0;0;2;1;1;A01
2,018E+11;1;7;0;16;2;1;15;B01
2,018E+11;2;32;0;0;2;8;1;B01
2,018E+11;2;7;0;0;2;1;15;A01
2,018E+11;1;7;0;0;2;4;2;B01
2,018E+11;1;7;0;0;2;1;1;A01
2,018E+11;1;7;0;0;1;1;1;A01
2,018E+11;1;7;0;2;0;2;13;A01
2,018E+11;1;1;0;0;4;7;19;B01
2,018E+11;1;40;60;0;9;1;1;A01
2,018E+11;1;7;0;0;1;7;1;A01
2,018E+11;1;7;0;0;2;1;1;Z01
2,018E+11;2;1;0;0;2;1;5;B01
2,018E+11;1;2;0;0;2;4;7;B01
2,018E+11;1;7;0;0;2;1;2;Z01
2,018E+11;2;7;0;0;2;9;4;A01
2,018E+11;2;7;0;0;1;9;1;B01
2,018E+11;2;7;0;0;2;3;1;B01
2,018E+11;1;7;0;0;2;2;15;A01
2,018E+11;2;33;0;0;1;1;1;Z01
2,018E+11;2;7;0;0;1;7;1;A01
2,018E+11;1;7;0;0;1;2;1;A01
2,018E+11;1;7;0;0;2;3;20;A01
2,018E+11;1;7;0;0;2;7;1;B01
2,018E+11;1;7;0;0;2;4;1;B01
2,018E+11;1;7;0;1;0;1;16;A01
2,018E+11;2;10;0;0;1;2;1;A01
2,018E+11;1;7;0;7;2;3;16;A01
2,018E+11;2;7;0;0;2;8;1;B01
2,018E+11;2;7;0;0;1;2;1;A01
2,018E+11;0;10;0;0;2;0;2;A01
2,018E+11;0;30;0;0;2;2;2;B01
2,018E+11;2;7;0;0;2;5;1;B01
2,018E+11;2;1;0;0;2;2;18;A01
2,018E+11;2;7;0;0;2;1;1;B01
2,018E+11;1;7;0;0;2;7;15;A01
2,018E+11;1;10;0;0;2;8;15;A01
2,018E+11;1;31;0;0;2;1;17;B01
2,018E+11;1;99;0;0;2;1;2;A01
2,018E+11;1;99;0;0;2;4;23;B01
2,018E+11;2;10;0;0;1;1;1;A01
2,018E+11;2;7;0;0;2;3;0;B01
2,018E+11;1;7;0;0;2;3;0;A01
2,018E+11;1;7;0;0;2;5;0;A01
2,018E+11;1;31;0;0;2;1;21;B01
2,018E+11;2;7;0;0;1;5;0;A01
2,018E+11;1;33;0;0;2;1;13;A01
2,018E+11;2;10;0;0;2;1;15;B01
2,018E+11;2;33;0;0;2;1;18;A01
2,018E+11;2;7;0;0;2;2;0;B01
2,018E+11;0;7;0;0;1;4;0;A01
2,018E+11;0;7;0;0;1;1;15;A01
2,018E+11;0;7;0;8;2;2;1;B01
2,018E+11;0;7;0;8;0;3;1;A01
2,018E+11;1;32;0;0;1;1;0;A01
2,018E+11;1;31;0;0;2;1;1;B01
2,018E+11;2;10;0;0;2;3;15;A01
2,018E+11;1;7;0;0;2;1;15;A01
2,018E+11;2;7;0;0;2;1;1;B01
2,018E+11;1;7;0;0;2;1;1;C01
2,018E+11;2;33;0;0;2;1;1;B01
2,018E+11;1;7;0;0;2;2;15;A01
2,018E+11;1;30;0;0;0;0;0;A01
2,018E+11;1;7;0;0;2;1;1;A01
2,018E+11;2;7;0;0;2;7;15;B01
2,018E+11;1;7;0;0;2;2;9;A01
2,018E+11;2;7;0;0;2;7;1;B01
2,018E+11;1;7;0;0;2;1;10;A01
2,018E+11;2;32;0;0;2;0;0;B01
2,018E+11;2;33;0;0;2;7;17;B01
2,018E+11;2;13;0;0;2;8;1;Z01
2,018E+11;1;7;0;0;1;3;1;A01
2,018E+11;1;99;0;12;2;1;5;A01
2,018E+11;1;7;0;0;2;8;16;B01
2,018E+11;1;33;0;1;0;8;18;B01
2,018E+11;2;7;0;0;2;3;15;A01
2,018E+11;0;7;0;2;2;6;1;B01
2,018E+11;0;7;0;0;2;2;15;A01
2,018E+11;2;33;0;0;2;8;1;B01
2,018E+11;2;7;0;0;2;1;19;A01
2,018E+11;1;99;0;0;2;4;2;A01
2,018E+11;;99;0;0;6;0;0;Z01
2,018E+11;0;7;0;0;2;7;15;A01
2,018E+11;0;7;0;8;2;1;1;B01
2,018E+11;1;7;0;0;1;2;15;A01
2,018E+11;1;15;0;0;2;3;15;A01
2,018E+11;2;7;0;0;2;8;8;B01
2,018E+11;1;10;0;14;0;1;1;A01
2,018E+11;2;7;0;0;1;3;1;A01
2,018E+11;2;7;0;0;2;1;1;A01
2,018E+11;1;7;0;0;2;2;1;B01
2,018E+11;0;7;0;0;2;3;15;A01
2,018E+11;1;10;0;0;2;1;1;B01
2,018E+11;1;99;0;0;2;3;0;Z01
2,018E+11;1;7;0;0;2;7;17;A01
2,018E+11;1;7;0;0;1;2;1;A01
2,018E+11;2;37;63;0;0;0;24;B01
2,018E+11;0;33;0;13;0;0;1;A01
2,018E+11;2;2;0;0;2;6;1;A01
2,018E+11;2;10;0;0;2;3;1;B01
2,018E+11;1;7;0;0;2;0;0;B01
2,018E+11;1;7;0;0;2;0;0;A01
2,018E+11;1;7;0;1;0;1;13;A01
2,018E+11;0;30;0;0;2;7;0;A01
2,018E+11;1;14;0;0;1;2;0;A01
2,018E+11;1;32;0;0;2;0;1;B01
2,018E+11;2;99;0;0;2;0;15;A01
2,018E+11;2;10;0;0;2;1;2;A01
2,018E+11;2;7;0;0;2;4;2;B01
2,018E+11;1;7;0;0;2;1;2;A01
2,018E+11;1;7;0;0;2;4;2;B01
2,018E+11;1;7;0;0;2;1;0;A01
2,018E+11;1;7;0;0;2;1;1;B01
2,018E+11;1;37;20;0;1;5;1;A01
2,018E+11;1;7;0;0;2;3;15;A01
2,018E+11;2;31;0;0;2;1;1;B01
2,018E+11;1;7;0;8;0;1;1;A01
2,018E+11;1;10;0;0;2;1;8;A01
2,018E+11;1;7;0;0;2;8;19;B01
2,018E+11;2;10;0;0;2;1;1;A01
2,018E+11;1;10;0;0;2;1;1;B01
2,018E+11;1;37;75;0;2;3;1;A01
2,018E+11;1;1;0;0;2;3;19;B01
2,018E+11;2;32;0;0;2;1;1;B01
2,018E+11;1;7;0;0;2;2;15;A01
2,018E+11;1;7;0;0;1;2;1;A01
2,018E+11;1;7;0;0;2;3;15;B01
2,018E+11;2;33;0;0;2;8;1;A01
2,018E+11;2;7;0;0;1;3;8;Z01
2,018E+11;1;7;0;0;0;3;1;A01
2,018E+11;1;1;0;0;2;1;19;A01
2,018E+11;1;7;0;0;6;1;1;B01
2,018E+11;2;7;0;0;1;1;15;A01
2,018E+11;0;10;0;0;2;7;1;B01
2,018E+11;0;1;0;0;2;1;1;A01
2,018E+11;2;7;0;14;0;1;15;A01
2,018E+11;1;7;0;0;1;1;0;A01
2,018E+11;1;7;0;0;2;2;1;A01
2,018E+11;1;1;0;9;0;8;16;B01
2,018E+11;0;30;0;0;2;7;1;A01
2,018E+11;0;7;0;0;2;1;1;B01
2,018E+11;1;7;0;0;1;3;1;A01
2,018E+11;1;7;0;0;1;3;1;A01
2,018E+11;2;7;0;0;2;3;24;A01
2,018E+11;2;1;0;0;2;2;1;B01
2,018E+11;2;7;0;0;1;2;17;A01
2,018E+11;2;30;0;0;2;5;17;A01
2,018E+11;2;7;0;0;2;3;15;B01
2,018E+11;1;1;0;0;2;2;19;A01
2,018E+11;2;7;0;0;2;3;19;B01
2,018E+11;2;30;0;0;1;1;1;A01
2,018E+11;2;7;0;0;1;1;1;A01
2,018E+11;1;7;0;0;2;5;15;B01
2,018E+11;0;7;0;0;2;2;1;A01
2,018E+11;1;33;0;0;2;0;2;A01
2,018E+11;1;7;0;6;0;1;0;A01
2,018E+11;2;7;0;0;2;2;1;A01
2,018E+11;2;32;0;0;2;8;1;B01
2,018E+11;2;2;0;0;2;8;5;A01
2,018E+11;1;7;0;0;2;1;2;B01
2,018E+11;2;7;0;0;2;1;1;B01
2,018E+11;0;1;0;0;2;8;19;A01
2,018E+11;1;7;0;0;2;8;15;A01
2,018E+11;1;7;0;0;2;1;1;B01
2,018E+11;1;7;0;1;0;2;16;A01
2,018E+11;1;7;0;0;2;1;15;A01
2,018E+11;0;7;0;0;2;2;1;B01
2,018E+11;2;7;0;0;2;1;1;A01
2,018E+11;1;7;0;2;2;3;1;B01
2,018E+11;1;7;0;2;0;1;14;A01
2,018E+11;2;33;0;0;0;0;0;A01
2,018E+11;0;7;0;0;0;0;0;B01
2,018E+11;1;7;0;0;2;1;2;A01
2,018E+11;1;7;0;0;2;4;2;B01
2,018E+11;2;33;0;0;2;4;1;B01
2,018E+11;2;7;0;0;2;0;17;Z01
2,018E+11;1;7;0;0;1;1;0;A01
2,018E+11;1;34;0;0;1;1;0;Z01
2,018E+11;2;32;0;0;2;3;1;B01
2,018E+11;2;7;0;0;2;2;9;A01
2,018E+11;2;10;0;0;2;3;11;A01
2,018E+11;2;32;0;0;2;2;2;B01
2,018E+11;1;10;0;0;2;7;15;A01
2,018E+11;1;10;0;0;2;1;1;B01
2,018E+11;0;99;0;0;2;0;0;Z01
2,018E+11;1;1;0;0;2;0;19;B01
2,018E+11;0;7;0;0;2;1;13;A01
2,018E+11;0;7;0;0;2;1;1;B01
2,018E+11;1;7;0;0;2;4;23;B01
2,018E+11;1;34;0;0;2;1;2;A01
2,018E+11;0;10;0;0;2;2;1;A01
2,018E+11;0;10;0;0;2;4;1;B01
2,018E+11;0;10;0;0;2;4;1;C01
2,018E+11;2;99;0;0;2;3;19;A01
2,018E+11;1;33;0;0;2;1;1;B01
2,018E+11;2;7;0;0;2;3;1;A01
2,018E+11;2;7;0;0;2;1;1;Z01
2,018E+11;1;7;0;0;1;2;15;A01
2,018E+11;2;7;0;0;2;3;15;B01
2,018E+11;2;33;0;0;2;1;7;A01
2,018E+11;1;7;0;14;0;8;13;A01
2,018E+11;0;7;0;0;2;1;7;B01
2,018E+11;1;7;0;0;2;2;15;A01
2,018E+11;2;7;0;0;1;1;1;A01
2,018E+11;2;7;0;0;1;1;1;A01
2,018E+11;1;7;0;0;2;2;15;A01
2,018E+11;2;7;0;0;2;1;2;B01
2,018E+11;2;30;0;1;2;1;17;A01
2,018E+11;1;7;0;0;2;6;1;D01
2,018E+11;1;7;0;0;2;1;1;E01
2,018E+11;2;7;0;0;2;6;23;A01
2,018E+11;1;2;0;0;2;1;15;B01
2,018E+11;2;33;0;0;2;1;15;B01
2,018E+11;1;7;0;0;2;3;1;A01
2,018E+11;1;7;0;0;2;1;15;A01
2,018E+11;2;1;0;0;2;1;1;B01
2,018E+11;2;7;0;0;1;1;15;A01
2,018E+11;2;7;0;14;2;1;1;A01
2,018E+11;1;7;0;0;2;2;1;B01
2,018E+11;1;7;0;0;2;1;1;A01
2,018E+11;1;7;0;0;2;5;1;B01
2,018E+11;1;3;0;0;2;3;15;A01
2,018E+11;2;31;0;0;2;1;1;B01
2,018E+11;1;10;0;2;0;1;16;A01
2,018E+11;2;7;0;0;2;3;9;A01
2,018E+11;2;7;0;0;2;2;9;B01
2,018E+11;1;7;0;0;2;1;15;A01
2,018E+11;2;34;0;0;2;1;1;B01
2,018E+11;2;7;0;0;2;3;1;A01
2,018E+11;1;1;0;0;2;1;19;B01
2,018E+11;2;99;0;0;1;4;0;A01
2,018E+11;2;30;0;0;2;1;1;A01
2,018E+11;2;7;0;0;2;4;1;B01
2,018E+11;0;10;0;0;1;7;1;A01
2,018E+11;0;7;0;4;0;1;0;A01
2,018E+11;1;7;0;0;1;3;15;A01
2,018E+11;1;7;0;0;6;4;23;B01
2,018E+11;1;32;0;0;2;1;2;A01
2,018E+11;1;10;0;0;2;8;15;A01
2,018E+11;0;10;0;0;2;1;1;B01
2,018E+11;1;7;0;1;1;1;1;A01
2,018E+11;2;7;0;0;2;2;15;A01
2,018E+11;1;1;0;0;2;1;0;B01
2,018E+11;0;10;0;0;2;2;1;A01
2,018E+11;0;2;0;0;2;7;16;B01
2,018E+11;2;37;40;0;2;2;7;A01
2,018E+11;2;7;0;0;2;8;15;B01
2,018E+11;1;99;0;0;2;1;15;A01
2,018E+11;2;33;0;0;2;1;17;B01
2,018E+11;0;30;0;0;0;0;7;A01
2,018E+11;1;7;0;0;2;8;10;A01
2,018E+11;1;32;0;0;2;1;2;B01
2,018E+11;1;3;0;0;1;1;1;A01
2,018E+11;1;7;0;0;2;3;1;B01
2,018E+11;2;7;0;0;2;1;1;A01
2,018E+11;2;7;0;0;2;1;2;A01
2,018E+11;2;7;0;0;2;1;2;B01
2,018E+11;2;7;0;0;2;1;2;C01
2,018E+11;2;7;0;0;0;4;2;D01
2,018E+11;1;7;0;0;2;2;1;B01
2,018E+11;2;7;0;0;2;3;1;A01
2,018E+11;1;7;0;0;1;3;1;A01
2,018E+11;2;33;0;14;0;1;0;A01
2,018E+11;1;31;0;0;2;1;5;A01
2,018E+11;2;1;0;0;2;1;1;B01
2,018E+11;0;1;0;0;2;1;0;B01
2,018E+11;1;7;0;0;2;3;15;A01
2,018E+11;2;1;0;0;2;1;5;B01
2,018E+11;2;7;0;0;2;3;1;A01
2,018E+11;2;7;0;0;2;3;9;A01
2,018E+11;2;2;0;0;2;1;2;B01
2,018E+11;2;7;0;0;2;1;2;A01
2,018E+11;2;7;0;0;2;4;3;B01
2,018E+11;2;7;0;0;2;4;2;C01
2,018E+11;1;7;0;0;2;2;1;B01
2,018E+11;1;7;0;0;2;3;15;A01
2,018E+11;0;7;0;0;2;1;1;A01
2,018E+11;0;7;0;0;2;1;0;B01
2,018E+11;1;7;0;6;1;2;1;A01
2,018E+11;1;7;0;0;2;1;1;A01
2,018E+11;1;7;0;0;2;1;1;B01
2,018E+11;1;7;0;0;2;8;15;C01
2,018E+11;2;33;0;0;2;1;1;A01
2,018E+11;0;32;0;0;2;0;0;B01
2,018E+11;0;1;0;0;2;0;19;A01
2,018E+11;1;10;0;0;2;0;1;B01
2,018E+11;1;99;0;0;2;0;21;A01
2,018E+11;1;7;0;0;2;5;21;B01
2,018E+11;1;7;0;0;2;6;20;C01
2,018E+11;1;10;0;0;2;6;15;A01
2,018E+11;1;31;0;0;2;1;2;B01
2,018E+11;2;31;0;0;2;8;23;A01
2,018E+11;1;7;0;14;0;0;0;Z01
2,018E+11;1;7;0;0;2;7;1;A01
2,018E+11;1;7;0;0;2;1;1;B01
2,018E+11;2;7;0;0;1;1;7;A01
2,018E+11;2;7;0;9;1;1;15;A01
2,018E+11;2;10;0;0;1;1;19;A01
2,018E+11;1;30;0;5;0;7;14;A01
2,018E+11;0;7;0;0;2;6;11;A01
2,018E+11;0;7;0;0;2;2;2;B01
2,018E+11;1;7;0;0;2;3;15;A01
2,018E+11;2;33;0;0;2;1;17;B01
2,018E+11;2;7;0;0;2;2;17;A01
2,018E+11;2;1;0;0;2;4;15;B01
2,018E+11;2;10;0;0;1;1;19;A01
2,018E+11;1;7;0;0;1;2;1;A01
2,018E+11;1;7;0;0;1;3;1;A01
2,018E+11;1;7;0;0;2;1;1;A01
2,018E+11;0;1;0;0;2;0;0;B01
2,018E+11;2;7;0;6;1;1;13;A01
2,018E+11;1;7;0;0;1;3;1;A01
2,018E+11;2;7;0;0;1;1;1;A01
2,018E+11;2;7;0;0;2;1;15;A01
2,018E+11;1;31;0;0;2;3;1;B01
2,018E+11;1;3;0;0;0;8;15;A01
2,018E+11;1;33;0;0;0;2;17;B01
2,018E+11;0;1;0;0;2;8;1;B01
2,018E+11;0;7;0;0;2;1;15;A01
2,018E+11;1;7;0;2;0;1;14;A01
2,018E+11;2;10;0;1;1;3;19;A01
2,018E+11;2;7;0;0;1;3;1;A01
2,018E+11;2;7;0;0;6;2;1;A01
2,018E+11;0;1;0;0;2;4;19;B01
2,018E+11;1;7;0;0;1;1;1;A01
2,018E+11;0;10;0;0;2;1;9;A01
2,018E+11;0;7;0;0;2;2;1;B01
2,018E+11;2;30;0;0;2;1;1;B01
2,018E+11;1;99;0;0;2;2;15;A01
2,018E+11;0;1;0;0;2;5;15;B01
2,018E+11;1;10;0;0;2;3;16;A01
2,018E+11;0;30;0;0;1;3;1;A01
2,018E+11;2;34;0;8;0;3;2;B01
2,018E+11;2;7;0;0;2;2;12;A01
2,018E+11;1;10;0;0;1;0;0;A01
2,018E+11;0;7;0;0;2;1;0;A01
2,018E+11;0;7;0;0;2;0;0;B01
2,018E+11;1;33;0;0;2;7;1;A01
2,018E+11;2;7;0;0;2;1;15;B01
2,018E+11;1;3;0;0;1;2;19;A01
2,018E+11;2;10;0;0;1;2;0;A01
2,018E+11;1;17;0;0;2;2;16;A01
2,018E+11;1;10;0;0;2;3;2;B01
2,018E+11;2;1;0;0;2;1;1;B01
2,018E+11;2;7;0;0;0;4;16;A01
2,018E+11;2;7;0;0;1;2;1;A01
2,018E+11;1;7;0;0;2;7;1;A01
2,018E+11;1;31;0;0;2;4;23;B01
2,018E+11;2;10;0;0;2;5;15;A01
2,018E+11;1;33;0;0;2;1;3;B01
2,018E+11;1;7;0;15;2;2;1;A01
2,018E+11;0;7;0;15;2;3;1;B01
2,018E+11;1;7;0;0;1;1;1;A01
2,018E+11;2;7;0;0;1;1;2;A01
2,018E+11;0;30;0;0;0;0;1;A01
2,018E+11;2;10;0;0;2;2;16;B01
2,018E+11;2;31;0;0;2;1;8;A01
2,018E+11;1;7;0;0;2;1;5;A01
2,018E+11;2;7;0;0;2;1;1;B01
2,018E+11;2;7;0;0;2;7;23;A01
2,018E+11;0;1;0;0;2;0;0;B01
2,018E+11;1;7;0;0;2;0;0;A01
2,018E+11;1;7;0;0;0;0;0;B01
2,018E+11;2;32;0;1;0;0;2;A01
2,018E+11;2;7;0;0;1;1;7;A01
2,018E+11;0;7;0;0;1;1;1;A01
2,018E+11;1;7;0;0;1;1;1;A01
2,018E+11;1;30;0;0;0;7;0;A01
2,018E+11;1;7;0;0;1;0;15;A01
2,018E+11;1;7;0;0;2;1;15;A01
2,018E+11;2;2;0;0;2;1;1;B01
2,018E+11;0;7;0;0;2;5;2;B01
2,018E+11;0;7;0;0;2;3;2;A01
2,018E+11;2;10;0;0;2;2;10;A01
2,018E+11;2;10;0;1;2;3;1;B01
2,018E+11;0;7;0;0;2;1;1;B01
2,018E+11;0;7;0;0;2;1;1;A01
2,018E+11;2;7;0;0;2;1;2;A01
2,018E+11;2;37;1;0;2;0;23;B01
2,018E+11;1;7;0;14;0;4;24;B01
2,018E+11;1;7;0;0;2;2;0;A01
2,018E+11;2;7;0;0;2;1;21;B01
2,018E+11;1;7;0;0;2;1;5;A01
2,018E+11;1;7;0;0;1;1;1;A01
2,018E+11;1;10;0;0;2;6;1;A01
2,018E+11;2;33;0;0;2;1;1;B01
2,018E+11;1;7;0;0;1;3;1;A01
2,018E+11;1;7;0;0;2;3;1;B01
2,018E+11;2;7;0;0;2;3;15;A01
2,018E+11;1;7;0;0;2;3;15;B01
2,018E+11;2;10;0;1;2;3;17;A01
2,018E+11;0;7;0;0;2;1;1;A01
2,018E+11;0;7;0;0;2;7;1;B01
2,018E+11;0;7;0;0;1;1;1;A01
2,018E+11;1;2;0;0;2;0;1;B01
2,018E+11;2;7;0;0;2;1;15;A01
2,018E+11;2;37;10;12;0;2;13;A01
2,018E+11;1;3;0;0;2;1;0;B01
2,018E+11;1;7;0;0;2;6;9;A01
2,018E+11;2;33;0;0;2;2;17;A01
2,018E+11;2;7;0;0;2;3;15;B01
2,018E+11;1;2;0;1;0;4;9;A01
2,018E+11;1;7;0;0;2;1;1;Z01
2,018E+11;0;7;0;0;1;1;16;A01
2,018E+11;1;2;0;0;2;3;1;A01
2,018E+11;1;7;0;0;2;3;1;B01
2,018E+11;0;99;0;0;1;1;1;Z01
2,018E+11;0;7;0;1;1;3;1;A01
2,018E+11;2;10;0;0;1;1;1;A01