Num_Acc;senc;catv;occutc;obs;obsm;choc;manv;num_veh
2,018E+11;0;7;0;0;1;2;1;A01
2,018E+11;0;7;0;4;2;4;2;B01
2,018E+11;0;7;0;0;2;1;1;A01
2,018E+11;0;7;0;0;2;4;2;C01
2,018E+11;;7;0;;;;;Z01
2,018E+11;;7;0;;;;;A01
2,018E+11;1;7;0;0;1;4;1;A01
2,018E+11;1;7;0;0;2;1;2;B01
2,018E+11;0;7;0;0;2;4;2;B01
2,018E+11;0;7;0;0;2;4;1;A01
2,018E+11;0;7;0;0;2;1;2;Z01
2,018E+11;0;7;0;0;2;4;2;C01
2,018E+11;1;7;0;1;0;1;14;A01
2,018E+11;1;7;0;0;1;2;1;A01
2,018E+11;0;7;0;0;2;2;1;A01
2,018E+11;1;34;0;0;2;8;2;B01
2,018E+11;1;7;0;0;1;1;1;A01
2,018E+11;0;7;0;0;2;4;1;B01
2,018E+11;0;7;0;0;2;4;1;A01
2,018E+11;0;7;0;0;2;3;1;C01
2,018E+11;0;33;0;0;1;1;1;A01
2,018E+11;0;7;0;0;2;3;1;B01
2,018E+11;0;7;0;0;2;1;1;A01
2,018E+11;0;7;0;0;2;8;1;A01
2,018E+11;0;33;0;0;2;8;1;B01
2,018E+11;1;7;0;0;1;1;9;A01
2,018E+11;1;7;0;0;2;1;2;B01
2,018E+11;1;2;0;0;2;4;1;A01
2,018E+11;0;7;0;2;0;3;14;A01
2,018E+11;0;7;0;0;2;1;1;A01
2,018E+11;0;7;0;0;2;4;2;B01
2,018E+11;1;7;0;0;2;1;2;B01
2,018E+11;1;7;0;1;2;1;2;C01
2,018E+11;1;7;0;0;2;4;1;A01
2,018E+11;1;7;0;0;0;1;1;A01
2,018E+11;1;2;0;0;2;3;18;B01
2,018E+11;1;7;0;0;2;2;1;A01
2,018E+11;1;7;0;0;1;1;1;A01
2,018E+11;1;10;0;0;1;3;1;A01
2,018E+11;2;10;0;0;1;8;1;B01
2,018E+11;2;7;0;0;2;5;12;B01
2,018E+11;2;7;0;1;2;3;1;A01
2,018E+11;1;10;0;0;2;1;19;B01
2,018E+11;1;7;0;0;2;4;19;A01
2,018E+11;1;7;0;0;1;2;21;A01
2,018E+11;1;7;0;0;1;3;19;A01
2,018E+11;1;33;0;0;1;3;17;A01
2,018E+11;1;30;0;0;2;7;1;A01
2,018E+11;1;7;0;0;2;3;15;B01
2,018E+11;1;20;0;6;0;1;19;A01
2,018E+11;2;7;0;0;2;3;19;B01
2,018E+11;1;33;0;0;2;8;15;A01
2,018E+11;1;7;0;8;0;2;14;A01
2,018E+11;1;7;0;15;0;3;13;A01
2,018E+11;1;34;0;9;2;2;19;B01
2,018E+11;1;7;0;12;2;3;15;A01
2,018E+11;1;7;0;0;2;3;16;A01
2,018E+11;1;7;0;0;2;5;16;B01
2,018E+11;2;7;0;0;2;1;15;A01
2,018E+11;1;7;0;0;2;6;1;B01
2,018E+11;1;7;0;0;1;1;1;A01
2,018E+11;1;31;0;0;2;7;1;B01
2,018E+11;1;7;0;0;2;1;1;A01
2,018E+11;1;7;0;0;1;1;1;A01
2,018E+11;1;99;0;0;2;1;19;A01
2,018E+11;1;7;0;0;2;4;19;C01
2,018E+11;1;7;0;0;2;4;19;B01
2,018E+11;0;99;0;0;1;4;4;A01
2,018E+11;1;10;0;0;2;4;1;A01
2,018E+11;1;7;0;0;2;1;2;B01
2,018E+11;1;7;0;0;2;3;20;A01
2,018E+11;1;2;0;0;2;1;2;B01
2,018E+11;0;7;0;0;2;6;11;A01
2,018E+11;0;33;0;0;2;2;12;B01
2,018E+11;1;7;0;0;1;1;1;A01
2,018E+11;0;7;0;0;2;3;5;A01
2,018E+11;0;7;0;0;2;3;1;B01
2,018E+11;1;10;0;0;1;1;16;A01
2,018E+11;2;33;0;0;2;1;1;B01
2,018E+11;1;10;0;0;2;1;15;A01
2,018E+11;2;7;0;0;2;4;23;C01
2,018E+11;2;7;0;0;2;1;1;A01
2,018E+11;2;7;0;0;2;4;23;B01
2,018E+11;2;33;0;0;2;1;1;B01
2,018E+11;1;7;0;0;2;5;6;A01
2,018E+11;0;7;0;0;2;2;9;A01
2,018E+11;0;1;0;0;2;6;9;B01
2,018E+11;0;10;0;0;2;3;9;A01
2,018E+11;0;3;0;0;2;4;11;B01
2,018E+11;1;7;0;0;2;7;15;B01
2,018E+11;1;33;0;0;2;8;11;A01
2,018E+11;0;30;0;0;1;1;1;A01
2,018E+11;0;32;0;0;0;0;0;A01
2,018E+11;0;7;0;0;2;4;1;A01
2,018E+11;0;7;0;0;2;1;2;B01
2,018E+11;2;10;0;0;2;6;23;B01
2,018E+11;2;33;0;0;2;3;1;A01
2,018E+11;0;7;0;1;1;3;1;A01
2,018E+11;2;7;0;0;1;7;16;A01
2,018E+11;0;7;0;1;1;4;4;A01
2,018E+11;0;2;0;0;2;1;17;B01
2,018E+11;0;7;0;0;2;3;15;A01
2,018E+11;0;99;0;0;1;3;15;A01
2,018E+11;0;2;0;0;0;8;1;B01
2,018E+11;0;10;0;0;2;2;17;A01
2,018E+11;0;7;0;0;1;1;1;A01
2,018E+11;1;10;0;0;1;1;16;A01
2,018E+11;2;10;0;0;2;8;15;B01
2,018E+11;2;30;0;0;2;7;17;A01
2,018E+11;2;7;0;1;0;1;1;C01
2,018E+11;2;7;0;0;2;4;1;B01
2,018E+11;2;7;0;0;2;4;1;A01
2,018E+11;1;10;0;0;1;4;4;A01
2,018E+11;0;7;0;0;1;5;4;A01
2,018E+11;1;10;0;0;2;8;1;A01
2,018E+11;0;2;0;0;2;1;19;B01
2,018E+11;1;7;0;0;2;2;1;B01
2,018E+11;0;7;0;0;2;3;19;A01
2,018E+11;0;7;0;0;2;6;16;A01
2,018E+11;0;15;0;0;2;2;14;B01
2,018E+11;1;10;0;0;1;1;1;Z01
2,018E+11;0;7;0;0;1;2;1;A01
2,018E+11;0;7;0;1;0;1;14;A01
2,018E+11;0;7;0;1;0;2;1;A01
2,018E+11;0;2;0;0;0;3;13;B01
2,018E+11;0;7;0;0;2;2;1;A01
2,018E+11;0;7;0;4;0;2;14;A01
2,018E+11;0;10;0;0;2;8;1;B01
2,018E+11;0;10;0;0;2;1;1;A01
2,018E+11;0;7;0;0;2;4;2;B01
2,018E+11;0;7;0;9;2;1;21;A01
2,018E+11;1;10;0;12;1;2;1;A01
2,018E+11;0;10;0;0;2;0;11;A01
2,018E+11;0;33;0;0;2;0;1;B01
2,018E+11;0;32;0;0;2;3;1;A01
2,018E+11;0;7;0;0;2;4;2;C01
2,018E+11;0;7;0;0;2;4;2;B01
2,018E+11;2;10;0;0;1;1;16;A01
2,018E+11;1;7;0;0;2;2;1;A01
2,018E+11;1;7;0;0;2;1;1;B01
2,018E+11;1;10;0;0;1;1;19;A01
2,018E+11;2;1;0;0;2;1;1;B01
2,018E+11;2;37;10;0;2;1;1;A01
2,018E+11;0;10;0;0;2;3;9;A01
2,018E+11;0;1;0;14;2;3;3;B01
2,018E+11;0;7;0;0;1;1;1;A01
2,018E+11;0;33;0;0;1;3;14;A01
2,018E+11;1;32;0;0;2;1;1;A01
2,018E+11;1;7;0;0;2;6;1;B01
2,018E+11;2;7;0;1;0;2;1;A01
2,018E+11;1;7;0;1;0;5;4;A01
2,018E+11;2;7;0;0;2;1;1;C01
2,018E+11;1;2;0;0;2;1;1;B01
2,018E+11;2;7;0;0;1;3;1;A01
2,018E+11;0;7;0;0;2;3;15;A01
2,018E+11;0;1;0;0;2;3;1;B01
2,018E+11;0;33;0;0;2;7;1;B01
2,018E+11;0;3;0;0;2;8;15;A01
2,018E+11;0;1;0;0;2;7;1;B01
2,018E+11;0;7;0;0;2;1;19;A01
2,018E+11;0;7;0;0;1;2;1;A01
2,018E+11;0;7;0;0;1;1;16;A01
2,018E+11;0;7;0;9;2;7;1;B01
2,018E+11;0;7;0;0;2;1;9;A01
2,018E+11;0;30;0;0;1;1;1;A01
2,018E+11;2;7;0;0;6;8;15;A01
2,018E+11;2;33;0;14;2;2;17;B01
2,018E+11;1;99;0;0;1;1;1;Z01
2,018E+11;0;7;0;0;1;1;15;A01
2,018E+11;0;7;0;0;2;1;16;B01
2,018E+11;1;30;0;0;2;1;1;A01
2,018E+11;2;30;0;0;2;1;1;B01
2,018E+11;0;7;0;0;2;1;1;A01
2,018E+11;0;7;0;0;2;5;2;B01
2,018E+11;1;7;0;0;1;1;19;A01
2,018E+11;0;7;0;0;2;1;9;B01
2,018E+11;0;7;0;0;2;4;9;A01
2,018E+11;2;7;0;0;1;2;1;A01
2,018E+11;1;31;0;0;2;3;17;B01
2,018E+11;1;10;0;0;2;6;11;A01
2,018E+11;1;7;0;1;0;4;1;A01
2,018E+11;2;7;0;0;2;1;1;B01
2,018E+11;0;34;0;0;2;8;2;B01
2,018E+11;0;7;0;0;2;1;14;A01
2,018E+11;0;7;0;0;2;4;2;C01
2,018E+11;0;7;0;0;2;4;23;Z01
2,018E+11;0;7;0;0;2;4;23;B01
2,018E+11;0;7;0;0;2;1;2;E01
2,018E+11;0;7;0;0;2;1;2;D01
2,018E+11;0;7;0;0;2;3;1;A01
2,018E+11;0;7;0;0;2;3;1;B01
2,018E+11;1;7;0;0;2;3;13;A01
2,018E+11;2;7;0;0;2;3;1;B01
2,018E+11;0;10;0;0;1;7;1;A01
2,018E+11;1;7;0;0;2;0;0;H01
2,018E+11;1;7;0;0;2;0;0;G01
2,018E+11;1;7;0;0;2;4;2;B01
2,018E+11;1;7;0;0;2;0;0;E01
2,018E+11;1;7;0;0;2;0;0;1 F
2,018E+11;1;7;0;0;2;0;0;D01
2,018E+11;1;7;0;1;2;9;1;A01
2,018E+11;1;7;0;0;2;0;0;I01
2,018E+11;0;7;0;0;2;8;1;B01
2,018E+11;0;7;0;0;2;1;9;A01
2,018E+11;2;7;0;0;2;2;21;B01
2,018E+11;1;7;0;0;2;3;1;A01
2,018E+11;2;7;0;0;2;0;0;C01
2,018E+11;1;33;0;8;0;1;17;A01
2,018E+11;1;7;0;0;2;4;16;A01
2,018E+11;1;7;0;0;2;2;16;B01
2,018E+11;0;7;0;0;1;2;5;A01
2,018E+11;1;7;0;0;2;3;1;A01
2,018E+11;2;10;0;0;2;3;14;C01
2,018E+11;2;7;0;0;2;3;14;B01
2,018E+11;1;7;0;0;2;2;16;Z01
2,018E+11;0;99;0;0;2;0;0;R01
2,018E+11;1;15;0;0;2;7;21;B01
2,018E+11;1;31;0;0;2;8;14;A01
2,018E+11;2;31;0;0;2;5;9;A01
2,018E+11;0;99;0;0;2;0;0;R01
2,018E+11;2;7;0;0;2;3;19;A01
2,018E+11;1;33;0;12;0;1;14;A01
2,018E+11;1;7;0;0;2;1;13;A01
2,018E+11;1;7;0;0;2;3;1;B01
2,018E+11;1;7;0;0;2;3;1;A01
2,018E+11;2;7;0;0;2;3;2;B01
2,018E+11;1;30;0;0;2;3;13;A01
2,018E+11;1;7;0;0;2;8;17;B01
2,018E+11;0;7;0;0;1;1;0;A01
2,018E+11;2;30;0;0;2;4;1;B01
2,018E+11;2;7;0;0;2;1;1;A01
2,018E+11;1;7;0;0;2;1;19;A01
2,018E+11;0;7;0;0;2;3;24;C01
2,018E+11;2;34;0;0;2;1;3;B01
2,018E+11;1;7;0;0;2;4;23;B01
2,018E+11;1;7;0;0;2;4;1;A01
2,018E+11;1;7;0;0;2;3;13;A01
2,018E+11;2;7;0;0;2;8;1;B01
2,018E+11;2;7;0;0;2;4;2;B01
2,018E+11;2;7;0;0;2;1;1;A01
2,018E+11;2;7;0;0;2;4;2;C01
2,018E+11;0;7;0;0;2;3;15;B01
2,018E+11;0;30;0;0;2;1;17;A01
2,018E+11;0;7;0;0;2;2;1;A01
2,018E+11;1;1;0;0;2;1;2;B01
2,018E+11;0;7;0;0;2;3;1;B01
2,018E+11;0;33;0;0;2;2;9;A01
2,018E+11;0;7;0;0;2;4;24;B01
2,018E+11;1;7;0;1;0;1;1;A01
2,018E+11;2;7;0;0;2;2;1;A01
2,018E+11;2;34;0;0;2;1;1;B01
2,018E+11;1;30;0;0;1;1;1;Z01
2,018E+11;1;7;0;1;1;1;13;A01
2,018E+11;0;7;0;0;2;4;2;C01
2,018E+11;1;10;0;0;2;2;13;A01
2,018E+11;1;33;0;0;2;3;14;B01
2,018E+11;0;31;0;0;2;1;1;A01
2,018E+11;0;7;0;0;2;5;15;B01
2,018E+11;0;7;0;0;2;2;10;B01
2,018E+11;0;33;0;0;2;1;1;A01
2,018E+11;0;37;10;0;1;1;9;A01
2,018E+11;0;7;0;12;1;2;1;A01
2,018E+11;2;1;0;0;2;8;1;B01
2,018E+11;1;7;0;0;6;1;19;A01
2,018E+11;0;7;0;0;2;1;1;B01
2,018E+11;0;7;0;0;2;1;13;A01
2,018E+11;0;7;0;0;2;1;1;C01
2,018E+11;1;7;0;0;1;3;1;A01
2,018E+11;0;34;0;0;2;1;1;B01
2,018E+11;1;7;0;0;6;3;10;A01
2,018E+11;0;33;0;0;2;1;1;A01
2,018E+11;0;7;0;0;2;4;2;B01
2,018E+11;0;30;0;0;1;2;1;A01
2,018E+11;0;7;0;8;1;1;1;A01
2,018E+11;0;10;0;0;1;4;4;A01
2,018E+11;1;7;0;0;2;4;2;B01
2,018E+11;1;10;0;0;2;1;1;A01
2,018E+11;0;7;0;0;2;5;17;B01
2,018E+11;1;7;0;0;2;3;13;A01
2,018E+11;1;7;0;0;2;4;9;D01
2,018E+11;1;7;0;0;2;6;1;C01
2,018E+11;1;31;0;0;1;1;19;A01
2,018E+11;1;7;0;0;2;8;11;A01
2,018E+11;1;33;0;0;2;7;1;B01
2,018E+11;1;7;0;0;2;8;19;B01
2,018E+11;1;7;0;0;2;1;19;A01
2,018E+11;0;7;0;0;1;2;11;A01
2,018E+11;0;7;0;0;2;2;15;B01
2,018E+11;1;7;0;6;2;3;1;A01
2,018E+11;0;33;0;1;0;3;1;B01
2,018E+11;2;7;0;0;2;5;24;A01
2,018E+11;1;7;0;0;2;3;15;A01
2,018E+11;1;34;0;0;2;2;17;B01
2,018E+11;0;7;0;0;2;3;0;B01
2,018E+11;0;7;0;0;2;1;0;A01
2,018E+11;0;7;0;0;2;6;2;C01
2,018E+11;0;7;0;0;2;4;2;B01
2,018E+11;0;7;0;0;2;1;1;A01
2,018E+11;0;7;0;0;1;3;1;A01
2,018E+11;1;7;0;0;1;2;1;A01
2,018E+11;0;10;0;0;6;3;9;A01
2,018E+11;0;1;0;0;2;5;2;B01
2,018E+11;0;7;0;0;2;7;1;A01
2,018E+11;0;10;0;0;2;2;2;B01
2,018E+11;0;15;0;0;2;3;14;A01
2,018E+11;0;7;0;0;2;1;13;B01
2,018E+11;0;7;0;0;2;9;1;B01
2,018E+11;0;7;0;0;2;1;19;A01
2,018E+11;0;7;0;0;2;2;1;A01
2,018E+11;0;33;0;0;2;1;1;B01
2,018E+11;0;1;0;0;2;6;1;B01
2,018E+11;0;7;0;0;2;3;1;A01
2,018E+11;0;33;0;0;2;3;1;B01
2,018E+11;0;7;0;0;2;2;12;A01
2,018E+11;1;7;0;0;1;3;1;A01
2,018E+11;0;7;0;0;2;3;19;A01
2,018E+11;0;7;0;0;2;2;19;B01
2,018E+11;0;7;0;0;2;8;19;C01
2,018E+11;2;34;0;12;0;9;19;A01
2,018E+11;1;7;0;0;2;6;15;A01
2,018E+11;1;34;0;0;2;2;17;B01
2,018E+11;0;7;0;0;1;1;1;A01
2,018E+11;0;7;0;1;1;3;1;A01
2,018E+11;0;10;0;0;1;1;19;A01
2,018E+11;2;10;0;0;1;1;1;A01
2,018E+11;1;7;0;0;1;1;19;A01
2,018E+11;2;7;0;0;1;1;1;A01
2,018E+11;1;7;0;0;2;4;2;C01
2,018E+11;1;7;0;0;2;1;1;A01
2,018E+11;1;7;0;0;2;4;2;B01
2,018E+11;2;7;0;0;2;1;2;B01
2,018E+11;2;7;0;0;2;4;1;A01
2,018E+11;2;7;0;0;2;4;1;A01
2,018E+11;2;34;0;0;2;1;3;B01
2,018E+11;1;7;0;0;1;1;19;A01
2,018E+11;1;15;0;0;2;8;13;A01
2,018E+11;1;7;0;0;2;7;1;B01
2,018E+11;1;7;0;0;2;4;2;B01
2,018E+11;1;7;0;0;2;1;1;A01
2,018E+11;1;30;0;0;2;1;15;A01
2,018E+11;1;7;0;0;2;8;1;B01
2,018E+11;1;7;0;0;2;1;15;A01
2,018E+11;2;2;0;0;2;8;1;B01
2,018E+11;1;31;0;0;2;1;1;A01
2,018E+11;1;10;0;0;2;1;1;B01
2,018E+11;1;33;0;0;2;3;1;B01
2,018E+11;1;7;0;0;2;3;1;A01
2,018E+11;2;7;0;0;2;3;1;B01
2,018E+11;2;7;0;0;2;4;23;A01
2,018E+11;1;37;1;0;2;1;1;B01
2,018E+11;1;10;0;0;2;8;15;A01
2,018E+11;1;7;0;0;2;7;15;B01
2,018E+11;2;33;0;0;2;1;1;A01
2,018E+11;1;7;0;0;1;1;14;A01
2,018E+11;2;7;0;1;2;4;2;D01
2,018E+11;2;14;0;1;0;1;2;2 F
2,018E+11;2;7;0;1;2;4;2;C01
2,018E+11;2;7;0;1;0;4;2;E01
2,018E+11;2;7;0;1;2;1;2;B01
2,018E+11;2;7;0;0;2;4;1;A01
2,018E+11;1;10;0;0;1;1;1;A01
2,018E+11;2;7;0;3;0;9;1;A01
2,018E+11;2;7;0;0;1;1;1;A01
2,018E+11;2;2;0;0;2;1;2;B01
2,018E+11;2;7;0;0;2;6;23;A01
2,018E+11;1;7;0;0;2;2;9;A01
2,018E+11;1;34;0;0;2;1;2;B01
2,018E+11;1;33;0;0;2;8;1;B01
2,018E+11;1;7;0;0;2;5;12;A01
2,018E+11;1;10;0;9;0;1;1;A01
2,018E+11;0;10;0;0;2;2;24;B01
2,018E+11;0;33;0;1;0;1;14;A01
2,018E+11;1;7;0;0;1;3;1;A01
2,018E+11;0;7;0;0;2;1;0;C01
2,018E+11;0;7;0;0;2;2;15;A01
2,018E+11;0;7;0;0;2;7;16;B01
2,018E+11;2;1;0;0;2;1;1;B01
2,018E+11;1;7;0;0;6;3;15;A01
2,018E+11;2;7;0;4;0;3;13;A01
2,018E+11;1;7;0;0;2;0;2;B01
2,018E+11;1;33;0;3;2;9;3;A01
2,018E+11;1;33;0;0;1;1;1;A01
2,018E+11;2;2;0;0;2;8;1;B01
2,018E+11;2;7;0;0;2;0;0;A01
2,018E+11;0;7;0;0;2;1;15;A01
2,018E+11;0;1;0;0;2;1;1;B01
2,018E+11;1;7;0;0;2;4;2;B01
2,018E+11;1;7;0;0;2;4;1;A01
2,018E+11;1;10;0;0;2;1;2;Z01
2,018E+11;1;7;0;0;2;4;2;C01
2,018E+11;0;7;0;4;0;1;13;A01
2,018E+11;1;7;0;0;2;7;1;B01
2,018E+11;1;31;0;0;2;8;11;A01
2,018E+11;1;7;0;13;0;1;1;A01
2,018E+11;0;7;0;0;1;4;20;A01
2,018E+11;2;10;0;0;1;2;16;A01
2,018E+11;2;7;0;0;2;2;24;C01
2,018E+11;1;7;0;0;2;3;20;B01
2,018E+11;1;33;0;0;2;1;1;A01
2,018E+11;1;7;0;0;2;4;1;B01
2,018E+11;1;7;0;0;2;1;2;Z01
2,018E+11;1;1;0;0;2;1;19;B01
2,018E+11;2;7;0;0;2;2;15;A01
2,018E+11;1;7;0;0;1;3;15;A01
2,018E+11;0;7;0;0;2;3;9;A01
2,018E+11;0;1;0;0;2;7;1;B01
2,018E+11;1;99;0;0;2;2;1;B01
2,018E+11;0;7;0;0;2;2;1;A01
2,018E+11;0;7;0;0;2;1;1;B01
2,018E+11;0;7;0;0;2;1;13;A01
2,018E+11;0;32;0;0;2;7;13;B01
2,018E+11;0;33;0;0;2;8;14;A01
2,018E+11;0;7;0;0;2;1;16;A01
2,018E+11;0;33;0;0;2;1;1;B01
2,018E+11;1;7;0;0;1;1;1;A01
2,018E+11;1;7;0;0;1;2;1;A01
2,018E+11;2;7;0;0;2;1;1;C01
2,018E+11;2;7;0;0;2;3;1;B01
2,018E+11;1;2;0;0;2;1;17;A01
2,018E+11;0;2;0;0;2;1;1;B01
2,018E+11;0;7;0;0;2;2;15;A01
2,018E+11;1;2;0;0;2;1;1;A01
2,018E+11;1;7;0;0;2;6;2;B01
2,018E+11;0;7;0;0;2;4;2;B01
2,018E+11;0;10;0;0;2;4;2;C01
2,018E+11;0;7;0;0;2;1;1;A01
2,018E+11;0;7;0;0;2;4;2;D01
2,018E+11;0;7;0;0;2;4;2;B01
2,018E+11;0;7;0;0;2;1;1;A01
2,018E+11;0;7;0;0;2;4;2;C01
2,018E+11;1;7;0;0;2;4;2;B01
2,018E+11;1;7;0;0;2;1;1;A01
2,018E+11;2;30;0;0;2;1;1;A01
2,018E+11;2;7;0;0;2;4;2;B01
2,018E+11;1;7;0;0;2;4;2;B01
2,018E+11;1;7;0;0;2;1;18;A01
2,018E+11;1;7;0;0;2;4;16;B01
2,018E+11;1;7;0;0;2;1;1;A01
2,018E+11;2;7;0;0;2;1;1;A01
2,018E+11;2;7;0;0;2;4;2;B01
2,018E+11;0;1;0;14;2;5;19;B01
2,018E+11;0;7;0;0;2;2;1;A01
2,018E+11;1;7;0;0;2;2;1;B01
2,018E+11;2;7;0;0;2;8;19;A01
2,018E+11;0;33;0;0;2;1;21;A01
2,018E+11;0;10;0;0;2;6;21;B01
2,018E+11;1;7;0;0;2;1;11;A01
2,018E+11;1;7;0;0;2;4;11;B01
2,018E+11;1;7;0;0;2;1;2;C01
2,018E+11;1;7;0;0;1;4;4;A01
2,018E+11;1;7;0;0;2;1;1;A01
2,018E+11;1;7;0;0;2;4;1;B01
2,018E+11;0;2;0;0;2;1;1;B01
2,018E+11;0;7;0;0;2;2;1;A01
2,018E+11;0;31;0;0;2;1;13;B01
2,018E+11;0;7;0;0;2;5;1;A01
2,018E+11;1;7;0;0;2;1;1;A01
2,018E+11;1;7;0;0;2;4;2;B01
2,018E+11;1;10;0;0;2;1;1;A01
2,018E+11;1;7;0;0;2;4;2;B01
2,018E+11;1;7;0;0;2;4;2;C01
2,018E+11;2;33;0;0;2;8;1;B01
2,018E+11;0;7;0;0;0;8;15;A01
2,018E+11;1;10;0;0;2;1;9;B01
2,018E+11;1;7;0;0;2;3;9;A01
2,018E+11;1;7;0;0;1;3;1;A01
2,018E+11;1;7;0;0;1;1;1;A01
2,018E+11;1;7;0;0;0;0;0;A01
2,018E+11;1;10;0;0;2;2;15;A01
2,018E+11;2;1;0;0;2;3;0;B01
2,018E+11;0;7;0;0;2;4;20;A01
2,018E+11;0;2;0;0;2;7;23;B01
2,018E+11;1;7;0;0;2;1;1;A01
2,018E+11;1;1;0;0;2;7;1;B01
2,018E+11;1;7;0;0;2;3;15;B01
2,018E+11;1;7;0;0;2;1;1;A01
2,018E+11;1;34;0;0;0;3;1;A01
2,018E+11;0;1;0;0;2;3;19;B01
2,018E+11;2;7;0;0;2;1;13;A01
2,018E+11;1;7;0;0;1;1;16;A01
2,018E+11;1;7;0;0;2;1;1;A01
2,018E+11;1;7;0;0;2;4;2;C01
2,018E+11;1;7;0;0;2;4;1;B01
2,018E+11;0;7;0;0;2;1;15;A01
2,018E+11;0;7;0;0;2;1;1;B01
2,018E+11;1;7;0;0;1;2;1;A01
2,018E+11;0;1;0;0;0;0;13;A01
2,018E+11;2;7;0;9;2;4;4;A01
2,018E+11;2;7;0;0;2;5;1;B01
2,018E+11;2;30;0;0;2;1;18;A01
2,018E+11;0;7;0;0;2;1;15;B01
2,018E+11;0;34;0;0;2;1;1;A01
2,018E+11;0;7;0;0;0;6;1;B01
2,018E+11;0;33;0;14;2;1;16;A01
2,018E+11;2;30;0;0;2;2;17;A01
2,018E+11;2;7;0;0;2;6;15;B01
2,018E+11;2;1;0;0;0;1;1;A01
2,018E+11;0;7;0;0;6;8;17;B01
2,018E+11;0;31;0;0;2;7;17;A01
2,018E+11;0;33;0;0;2;7;17;B01
2,018E+11;0;7;0;0;2;3;13;A01
2,018E+11;1;7;0;0;2;3;15;A01
2,018E+11;1;34;0;0;2;7;2;B01
2,018E+11;0;7;0;0;2;3;1;B01
2,018E+11;0;7;0;0;2;2;1;A01
2,018E+11;0;31;0;0;2;1;19;B01
2,018E+11;0;10;0;0;2;8;21;A01
2,018E+11;1;7;0;0;1;2;9;A01
2,018E+11;1;7;0;0;2;2;15;A01
2,018E+11;2;33;0;0;2;3;1;B01
2,018E+11;0;7;0;0;1;5;20;A01
2,018E+11;0;7;0;0;1;1;17;A01
2,018E+11;0;7;0;0;2;1;15;B01
2,018E+11;0;10;0;0;2;1;1;A01
2,018E+11;1;7;0;0;2;5;15;A01
2,018E+11;2;31;0;0;2;7;21;B01
2,018E+11;1;7;0;0;2;0;21;A01
2,018E+11;2;7;0;0;2;3;1;A01
2,018E+11;2;7;0;0;2;3;1;B01
2,018E+11;2;7;0;0;2;3;16;A01
2,018E+11;1;99;0;0;2;1;19;B01
2,018E+11;2;7;0;0;2;3;16;B01
2,018E+11;2;30;0;0;2;2;1;A01
2,018E+11;1;1;0;0;2;7;19;B01
2,018E+11;1;7;0;11;0;3;1;A01
2,018E+11;2;7;0;0;1;1;1;A01
2,018E+11;2;33;0;14;2;1;17;A01
2,018E+11;2;7;0;0;2;3;15;B01
2,018E+11;1;7;0;0;2;3;1;C01
2,018E+11;0;7;0;0;2;8;17;A01
2,018E+11;0;7;0;0;2;1;1;B01
2,018E+11;1;30;0;0;2;1;1;A01
2,018E+11;2;10;0;0;2;2;1;B01
2,018E+11;1;1;0;0;2;1;16;B01
2,018E+11;2;7;0;0;2;3;9;A01
2,018E+11;1;2;0;0;2;1;1;B01
2,018E+11;2;10;0;0;2;1;17;A01
2,018E+11;1;33;0;0;2;1;1;B01
2,018E+11;0;3;0;0;2;8;1;A01
2,018E+11;1;7;0;0;2;2;19;A01
2,018E+11;1;31;0;0;2;1;1;B01
2,018E+11;1;33;0;0;2;1;1;A01
2,018E+11;2;7;0;0;2;1;1;B01
2,018E+11;1;33;0;0;2;1;17;A01
2,018E+11;2;7;0;0;2;3;15;B01
2,018E+11;0;10;0;0;1;2;1;A01
2,018E+11;1;10;0;0;2;1;9;A01
2,018E+11;1;1;0;0;2;7;19;B01
2,018E+11;2;7;0;0;2;1;1;A01
2,018E+11;1;7;0;0;2;6;1;B01
2,018E+11;0;1;0;1;2;8;19;B01
2,018E+11;2;7;0;0;2;1;1;A01
2,018E+11;0;7;0;0;1;1;1;A01
2,018E+11;0;7;0;0;1;1;1;A01
2,018E+11;0;2;0;0;2;1;1;B01
2,018E+11;1;7;0;0;2;3;1;A01
2,018E+11;1;2;0;6;0;1;1;A01
2,018E+11;0;7;0;0;1;1;9;A01
2,018E+11;2;7;0;0;2;7;19;A01
2,018E+11;2;7;0;0;2;1;19;B01
2,018E+11;2;7;0;0;1;3;15;A01
2,018E+11;1;7;0;0;1;2;21;A01
2,018E+11;2;7;0;0;2;5;1;B01
2,018E+11;1;14;0;0;2;3;1;A01
2,018E+11;1;7;0;0;1;2;19;A01
2,018E+11;2;30;0;0;2;3;1;B01
2,018E+11;1;7;0;0;2;7;15;A01
2,018E+11;2;7;0;0;2;9;1;C01
2,018E+11;1;7;0;0;2;9;1;A01
2,018E+11;1;7;0;0;2;1;1;B01
2,018E+11;2;7;0;0;2;1;1;B01
2,018E+11;1;7;0;0;2;1;16;A01
2,018E+11;1;7;0;0;2;3;15;B01
2,018E+11;1;2;0;0;2;1;1;A01
2,018E+11;1;7;0;2;0;1;15;A01
2,018E+11;1;33;0;0;2;8;1;B01
2,018E+11;2;7;0;0;2;3;15;A01
2,018E+11;1;7;0;0;6;5;15;A01
2,018E+11;2;33;0;0;2;1;1;B01