Num_Acc;senc;catv;occutc;obs;obsm;choc;manv;num_veh
2,018E+11;0;10;0;0;1;6;0;A01
2,018E+11;1;31;0;0;2;7;1;B01
2,018E+11;1;10;0;0;2;1;0;A01
2,018E+11;0;32;0;0;2;3;2;B01
2,018E+11;0;7;0;1;0;2;0;A01
2,018E+11;2;7;0;0;2;1;0;A01
2,018E+11;2;32;0;0;2;7;16;B01
2,018E+11;0;32;0;0;2;4;1;B01
2,018E+11;0;7;0;0;2;1;1;A01
2,018E+11;1;7;0;0;1;1;16;A01
2,018E+11;0;1;0;0;2;2;19;A01
2,018E+11;0;7;0;0;2;3;1;B01
2,018E+11;1;7;0;0;2;6;0;B01
2,018E+11;1;7;0;0;2;6;0;C01
2,018E+11;1;7;0;0;2;0;0;A01
2,018E+11;1;7;0;0;2;1;15;A01
2,018E+11;2;37;1;0;2;3;1;B01
2,018E+11;1;7;0;0;2;1;2;A01
2,018E+11;1;7;0;0;2;4;2;B01
2,018E+11;0;7;0;0;2;1;0;A01
2,018E+11;2;34;0;0;2;5;1;B01
2,018E+11;0;10;0;0;2;3;0;A01
2,018E+11;1;10;0;0;2;3;0;B01
2,018E+11;1;7;0;16;2;2;19;B01
2,018E+11;1;30;0;14;2;3;9;A01
2,018E+11;1;7;0;0;1;1;7;Z01
2,018E+11;1;7;0;0;1;7;19;A01
2,018E+11;1;7;0;0;2;1;2;A01
2,018E+11;1;7;0;0;9;4;2;C01
2,018E+11;1;7;0;0;2;4;2;B01
2,018E+11;1;7;0;0;2;8;21;A01
2,018E+11;1;7;0;0;2;8;13;B01
2,018E+11;1;10;0;0;2;3;9;A01
2,018E+11;1;2;0;0;2;1;1;B01
2,018E+11;1;7;0;0;2;5;15;A01
2,018E+11;2;30;0;0;2;1;1;B01
2,018E+11;1;10;0;1;0;3;0;B01
2,018E+11;2;1;0;1;2;2;2;A01
2,018E+11;0;7;0;0;2;3;1;B01
2,018E+11;0;30;0;0;2;1;5;A01
2,018E+11;1;7;0;0;1;2;1;A01
2,018E+11;0;31;0;0;1;0;0;A01
2,018E+11;0;10;0;0;6;1;1;A01
2,018E+11;0;7;0;0;0;8;1;B01
2,018E+11;2;10;0;0;1;1;2;A01
2,018E+11;1;10;0;0;2;4;23;A01
2,018E+11;1;10;0;0;2;1;15;B01
2,018E+11;2;14;0;6;1;1;14;A01
2,018E+11;2;10;0;1;0;1;0;C01
2,018E+11;0;10;0;15;2;3;1;B01
2,018E+11;2;10;0;0;2;2;1;A01
2,018E+11;1;7;0;0;2;1;2;A01
2,018E+11;0;7;0;0;2;4;23;B01
2,018E+11;2;1;0;0;1;1;16;A01
2,018E+11;1;7;0;0;2;1;9;A01
2,018E+11;2;7;0;0;2;3;5;B01
2,018E+11;2;7;0;0;2;3;9;B01
2,018E+11;2;7;0;15;2;1;9;A01
2,018E+11;2;7;0;1;2;0;0;A01
2,018E+11;2;34;0;0;2;1;1;B01
2,018E+11;2;34;0;0;1;1;1;A01
2,018E+11;2;30;0;0;2;7;19;A01
2,018E+11;2;7;0;0;2;1;1;B01
2,018E+11;1;10;0;0;1;4;20;A01
2,018E+11;2;2;0;0;2;1;1;B01
2,018E+11;1;10;0;0;6;1;15;A01
2,018E+11;1;7;0;0;1;1;0;A01
2,018E+11;1;7;0;0;2;3;2;A01
2,018E+11;1;10;0;0;6;5;23;B01
2,018E+11;1;10;0;0;2;1;1;A01
2,018E+11;1;7;0;0;2;3;1;B01
2,018E+11;1;10;0;0;1;2;16;A01
2,018E+11;1;7;0;9;2;4;2;B01
2,018E+11;1;7;0;0;2;1;13;A01
2,018E+11;1;37;30;0;0;3;0;B01
2,018E+11;1;7;0;12;0;2;17;A01
2,018E+11;0;10;0;1;0;0;0;B01
2,018E+11;0;10;0;0;2;1;21;A01
2,018E+11;1;7;0;0;2;1;2;B01
2,018E+11;0;7;0;0;2;2;5;A01
2,018E+11;2;99;0;0;2;1;0;A01
2,018E+11;0;7;0;0;0;4;0;B01
2,018E+11;1;7;0;0;2;4;2;B01
2,018E+11;1;7;0;0;2;1;2;A01
2,018E+11;0;7;0;1;1;1;1;A01
2,018E+11;2;7;0;2;2;1;2;B01
2,018E+11;2;10;0;0;2;6;23;A01
2,018E+11;1;2;0;0;2;2;21;B01
2,018E+11;1;7;0;0;2;6;9;A01
2,018E+11;0;10;0;0;1;2;15;A01
2,018E+11;1;7;0;0;2;1;0;A01
2,018E+11;1;7;0;0;2;4;1;B01
2,018E+11;1;31;0;0;2;1;1;B01
2,018E+11;1;7;0;0;2;2;15;A01
2,018E+11;1;34;0;0;2;1;2;A01
2,018E+11;2;10;0;0;2;8;9;B01
2,018E+11;1;7;0;0;1;3;1;A01
2,018E+11;2;7;0;0;2;1;11;B01
2,018E+11;1;34;0;0;2;8;0;A01
2,018E+11;2;7;0;0;2;8;0;B01
2,018E+11;2;37;1;1;1;5;17;A01
2,018E+11;1;7;0;0;2;6;18;A01
2,018E+11;1;13;0;0;2;2;0;B01
2,018E+11;1;7;0;0;2;7;19;B01
2,018E+11;2;7;0;0;2;1;1;A01
2,018E+11;1;7;0;0;1;3;19;A01
2,018E+11;1;33;0;0;2;1;1;A01
2,018E+11;1;15;0;0;2;2;23;B01
2,018E+11;1;7;0;0;2;4;2;A01
2,018E+11;1;7;0;0;2;4;2;B01
2,018E+11;1;7;0;0;1;3;2;A01
2,018E+11;1;7;0;0;1;7;16;A01
2,018E+11;0;99;0;0;2;0;0;R01
2,018E+11;1;7;0;0;2;3;1;A01
2,018E+11;2;7;0;0;2;5;15;B01
2,018E+11;2;7;0;0;2;2;0;Z01
2,018E+11;1;7;0;0;2;1;23;A01
2,018E+11;1;34;0;1;0;0;23;B01
2,018E+11;2;7;0;14;0;1;16;A01
2,018E+11;1;7;0;8;0;2;15;A01
2,018E+11;1;7;0;0;2;0;9;A01
2,018E+11;1;32;0;0;2;8;21;B01
2,018E+11;2;31;0;0;2;1;9;A01
2,018E+11;1;7;0;0;2;3;9;Z01
2,018E+11;1;2;0;0;2;3;13;A01
2,018E+11;1;7;0;0;2;0;23;C01
2,018E+11;1;7;0;0;2;5;1;B01
2,018E+11;1;33;0;0;2;1;1;B01
2,018E+11;1;7;0;0;2;3;9;A01
2,018E+11;1;31;0;0;2;6;1;B01
2,018E+11;2;7;0;0;2;6;15;A01
2,018E+11;1;7;0;0;2;1;1;B01
2,018E+11;1;34;0;0;2;8;1;A01
2,018E+11;1;1;0;0;0;1;1;A01
2,018E+11;2;13;0;0;2;3;21;B01
2,018E+11;2;34;0;0;2;7;17;A01
2,018E+11;2;7;0;0;2;2;15;A01
2,018E+11;1;33;0;0;2;1;1;B01
2,018E+11;2;33;0;0;2;3;18;A01
2,018E+11;2;13;0;0;2;5;1;B01
2,018E+11;1;34;0;0;2;7;0;B01
2,018E+11;1;7;0;0;2;8;10;A01
2,018E+11;1;1;0;0;2;1;17;B01
2,018E+11;1;7;0;0;9;3;15;A01
2,018E+11;1;7;0;0;2;4;23;B01
2,018E+11;1;31;0;0;2;1;21;A01
2,018E+11;1;7;0;12;0;9;14;A01
2,018E+11;1;7;0;0;1;1;0;A01
2,018E+11;2;99;0;0;2;0;0;R01
2,018E+11;2;7;0;0;2;8;20;A01
2,018E+11;1;7;0;0;2;5;23;A01
2,018E+11;1;2;0;0;2;2;11;B01
2,018E+11;1;3;0;1;0;2;13;A01
2,018E+11;1;34;0;1;0;1;12;B01
2,018E+11;1;33;0;0;2;1;2;B01
2,018E+11;1;7;0;0;2;2;9;A01
2,018E+11;1;1;0;0;2;8;1;A01
2,018E+11;2;15;0;0;9;5;1;B01
2,018E+11;2;31;0;0;2;1;13;B01
2,018E+11;1;7;0;0;2;3;1;A01
2,018E+11;1;99;0;0;9;3;19;B01
2,018E+11;2;34;0;0;9;3;15;A01
2,018E+11;1;1;0;0;2;1;1;A01
2,018E+11;1;99;0;0;9;1;9;B01
2,018E+11;1;33;0;0;2;8;9;A01
2,018E+11;1;15;0;0;2;1;2;B01
2,018E+11;2;7;0;0;2;3;11;A01
2,018E+11;2;34;0;0;2;5;1;B01
2,018E+11;2;34;0;0;0;3;23;A01
2,018E+11;1;7;0;0;2;4;23;B01
2,018E+11;1;32;0;0;2;1;1;A01
2,018E+11;1;34;0;0;2;1;1;A01
2,018E+11;2;13;0;0;2;4;10;B01
2,018E+11;2;30;0;0;1;4;8;A01
2,018E+11;1;7;0;0;2;6;10;A01
2,018E+11;1;33;0;0;2;0;0;B01
2,018E+11;1;7;0;0;1;1;1;A01
2,018E+11;1;32;0;0;0;0;0;A01
2,018E+11;2;7;0;0;2;2;0;B01
2,018E+11;2;7;0;0;2;4;16;A01
2,018E+11;1;10;0;0;2;1;1;A01
2,018E+11;2;10;0;0;2;1;19;B01
2,018E+11;1;10;0;0;1;1;1;A01
2,018E+11;0;7;0;0;1;1;1;A01
2,018E+11;2;7;0;0;2;1;2;A01
2,018E+11;2;34;0;0;2;4;23;B01
2,018E+11;1;7;0;0;2;8;0;D01
2,018E+11;2;33;0;0;2;1;21;A01
2,018E+11;2;13;0;0;2;6;21;B01
2,018E+11;1;13;0;0;2;3;0;C01
2,018E+11;2;7;0;0;1;6;4;A01
2,018E+11;2;10;0;0;2;2;15;A01
2,018E+11;1;33;0;0;2;1;1;B01
2,018E+11;0;33;0;0;2;1;19;A01
2,018E+11;0;10;0;0;2;5;19;B01
2,018E+11;2;7;0;0;2;3;13;B01
2,018E+11;1;30;0;0;2;2;17;A01
2,018E+11;1;7;0;0;1;1;0;A01
2,018E+11;1;34;0;0;2;7;17;A01
2,018E+11;1;7;0;0;2;8;13;B01
2,018E+11;2;13;0;0;1;0;19;A01
2,018E+11;1;99;0;0;2;1;12;A01
2,018E+11;1;33;0;0;2;0;0;B01
2,018E+11;1;10;0;0;2;2;17;A01
2,018E+11;1;2;0;0;2;3;1;B01
2,018E+11;1;10;0;0;2;4;21;A01
2,018E+11;0;7;0;1;1;6;4;A01
2,018E+11;2;7;0;0;2;2;12;A01
2,018E+11;2;7;0;0;2;0;0;B01
2,018E+11;1;7;0;0;2;2;13;A01
2,018E+11;1;7;0;0;2;6;2;B01
2,018E+11;2;7;0;0;2;3;15;B01
2,018E+11;2;30;0;0;2;2;17;A01
2,018E+11;1;30;0;0;1;1;0;A01
2,018E+11;1;7;0;0;2;2;17;B01
2,018E+11;1;7;0;0;2;3;23;A01
2,018E+11;1;10;0;0;2;1;2;B01
2,018E+11;1;7;0;0;9;4;22;A01
2,018E+11;2;7;0;0;1;1;1;A01
2,018E+11;1;7;0;0;2;3;9;B01
2,018E+11;1;30;0;0;2;7;15;A01
2,018E+11;2;34;0;0;1;1;1;A01
2,018E+11;1;7;0;0;2;7;1;A01
2,018E+11;1;7;0;0;2;1;1;B01
2,018E+11;1;7;0;0;9;1;15;A01
2,018E+11;1;31;0;0;1;2;2;A01
2,018E+11;2;7;0;0;2;4;23;A01
2,018E+11;2;7;0;0;2;1;21;B01
2,018E+11;2;7;0;14;0;1;1;A01
2,018E+11;1;7;0;14;0;3;1;A01
2,018E+11;2;33;0;0;2;7;17;B01
2,018E+11;2;7;0;0;2;6;15;A01
2,018E+11;1;37;1;0;1;1;15;A01
2,018E+11;1;7;0;0;9;8;22;A01
2,018E+11;1;1;0;1;0;0;0;B01
2,018E+11;1;7;0;1;2;8;13;A01
2,018E+11;1;31;0;1;0;2;13;B01
2,018E+11;0;7;0;0;2;5;1;B01
2,018E+11;0;7;0;0;1;1;1;A01
2,018E+11;1;7;0;0;2;2;10;A01
2,018E+11;2;7;0;8;2;1;1;B01
2,018E+11;1;7;0;0;2;0;13;A01
2,018E+11;1;7;0;0;2;8;15;B01
2,018E+11;1;7;0;0;2;1;1;A01
2,018E+11;2;7;0;0;2;7;19;B01
2,018E+11;1;7;0;0;1;1;19;A01
2,018E+11;1;7;0;1;0;9;0;A01
2,018E+11;1;7;0;0;9;3;9;A01
2,018E+11;1;33;0;0;2;2;12;B01
2,018E+11;2;7;0;0;1;3;1;A01
2,018E+11;2;7;0;0;2;5;15;B01
2,018E+11;2;34;0;0;2;1;1;A01
2,018E+11;2;31;0;0;1;1;19;A01
2,018E+11;1;7;0;0;1;2;1;A01
2,018E+11;1;7;0;0;2;2;1;B01
2,018E+11;1;7;0;0;2;1;1;A01
2,018E+11;2;7;0;0;2;3;1;A01
2,018E+11;1;7;0;0;2;1;1;B01
2,018E+11;1;31;0;0;2;2;17;B01
2,018E+11;1;7;0;0;2;8;15;A01
2,018E+11;2;7;0;8;2;2;15;A01
2,018E+11;1;7;0;0;2;3;1;B01
2,018E+11;1;7;0;0;2;2;1;A01
2,018E+11;1;7;0;0;2;1;1;B01
2,018E+11;1;31;0;0;2;1;1;B01
2,018E+11;1;7;0;0;2;3;19;A01
2,018E+11;1;7;0;0;2;1;21;A01
2,018E+11;2;31;0;0;2;4;23;A01
2,018E+11;2;7;0;0;2;1;0;Z01
2,018E+11;1;33;0;0;2;7;1;B01
2,018E+11;2;7;0;0;2;1;16;A01
2,018E+11;1;7;0;9;0;1;1;A01
2,018E+11;2;7;0;15;2;8;1;B01
2,018E+11;1;7;0;0;2;1;1;A01
2,018E+11;2;7;0;0;2;3;1;B01
2,018E+11;1;7;0;0;2;3;9;A01
2,018E+11;2;7;0;0;2;3;23;B01
2,018E+11;1;33;0;0;2;1;21;A01
2,018E+11;2;3;0;0;0;9;10;A01
2,018E+11;1;7;0;2;0;9;16;A01
2,018E+11;0;99;0;0;2;0;0;R01
2,018E+11;1;10;0;0;2;8;2;A01
2,018E+11;1;7;0;0;2;2;1;A01
2,018E+11;2;7;0;0;2;3;15;B01
2,018E+11;2;7;0;0;2;4;23;C01
2,018E+11;2;7;0;0;2;4;23;B01
2,018E+11;2;7;0;0;2;1;23;A01
2,018E+11;2;7;0;0;2;1;1;A01
2,018E+11;2;7;0;0;2;4;1;B01
2,018E+11;1;7;0;1;2;7;17;B01
2,018E+11;1;7;0;0;2;2;14;A01
2,018E+11;1;7;0;0;1;7;1;A01
2,018E+11;2;7;0;1;0;3;13;A01
2,018E+11;1;7;0;0;2;1;9;A01
2,018E+11;2;7;0;2;2;7;1;B01
2,018E+11;1;31;0;0;1;0;1;A01
2,018E+11;1;7;0;1;1;2;17;A01
2,018E+11;2;7;0;0;1;1;15;A01
2,018E+11;1;7;0;2;0;1;2;A01
2,018E+11;1;7;0;0;1;2;16;A01
2,018E+11;1;7;0;0;1;3;15;A01
2,018E+11;1;1;0;0;2;4;9;B01
2,018E+11;1;33;0;0;2;1;2;A01
2,018E+11;1;7;0;1;2;7;1;A01
2,018E+11;1;7;0;0;2;1;23;B01
2,018E+11;0;7;0;0;2;1;1;A01
2,018E+11;1;7;0;0;2;1;16;B01
2,018E+11;1;10;0;0;2;1;1;A01
2,018E+11;2;7;0;0;2;3;16;B01
2,018E+11;1;7;0;0;2;2;15;A01
2,018E+11;2;33;0;0;2;1;1;B01
2,018E+11;0;7;0;0;2;3;0;A01
2,018E+11;0;1;0;0;2;3;19;B01
2,018E+11;2;20;0;0;2;1;21;A01
2,018E+11;2;7;0;0;2;4;23;B01
2,018E+11;1;10;0;0;2;1;19;A01
2,018E+11;2;10;0;0;2;3;15;B01
2,018E+11;0;7;0;0;2;9;9;A01
2,018E+11;0;7;0;0;2;2;2;B01
2,018E+11;1;2;0;0;2;5;2;B01
2,018E+11;0;7;0;0;2;3;16;A01
2,018E+11;0;10;0;0;6;2;23;A01
2,018E+11;1;1;0;1;0;3;22;B01
2,018E+11;1;7;0;6;1;2;0;A01
2,018E+11;2;7;0;0;2;8;17;A01
2,018E+11;1;34;0;0;2;1;1;B01
2,018E+11;0;20;0;0;1;2;16;A01
2,018E+11;1;33;0;0;0;0;0;A01
2,018E+11;2;7;0;0;1;2;2;A01
2,018E+11;1;7;0;0;2;1;2;A01
2,018E+11;1;7;0;0;2;4;2;B01
2,018E+11;1;7;0;0;1;2;1;A01
2,018E+11;1;7;0;6;0;3;20;A01
2,018E+11;0;33;0;0;2;1;21;B01
2,018E+11;0;10;0;0;2;6;20;A01
2,018E+11;1;7;0;0;2;8;2;B01
2,018E+11;1;7;0;0;2;1;2;A01
2,018E+11;2;7;0;0;1;2;1;A01
2,018E+11;1;7;0;0;1;1;13;A01
2,018E+11;1;7;0;0;2;2;1;B01
2,018E+11;2;7;0;0;2;3;1;A01
2,018E+11;1;33;0;0;2;1;17;A01
2,018E+11;1;7;0;0;2;6;9;B01
2,018E+11;0;7;0;0;2;1;1;A01
2,018E+11;0;1;0;0;2;1;0;B01
2,018E+11;1;33;0;0;2;3;1;A01
2,018E+11;2;7;0;0;2;1;15;B01
2,018E+11;1;7;0;0;2;3;1;B01
2,018E+11;2;7;0;0;2;2;1;A01
2,018E+11;1;7;0;0;2;2;1;B01
2,018E+11;1;7;0;15;2;3;19;A01
2,018E+11;1;7;0;0;1;2;16;A01
2,018E+11;1;7;0;8;0;8;0;A01
2,018E+11;2;10;0;0;1;2;0;A01
2,018E+11;0;33;0;0;2;1;1;A01
2,018E+11;0;33;0;0;2;4;1;B01
2,018E+11;0;7;0;0;2;3;15;A01
2,018E+11;0;32;0;0;2;1;1;B01
2,018E+11;1;7;0;0;2;1;9;A01
2,018E+11;1;7;0;0;2;7;21;B01
2,018E+11;2;7;0;0;1;2;0;A01
2,018E+11;2;7;0;0;1;1;15;A01
2,018E+11;0;7;0;0;2;3;1;B01
2,018E+11;0;7;0;0;2;2;19;A01
2,018E+11;1;7;0;0;1;1;2;A01
2,018E+11;2;7;0;0;0;3;23;B01
2,018E+11;2;7;0;0;2;1;1;A01
2,018E+11;2;7;0;0;0;3;23;C01
2,018E+11;1;7;0;0;2;2;1;D01
2,018E+11;0;7;0;0;2;4;23;D01
2,018E+11;0;32;0;0;2;9;23;B01
2,018E+11;0;7;0;0;2;1;1;A01
2,018E+11;0;7;0;0;2;4;23;C01
2,018E+11;1;7;0;4;0;2;21;A01
2,018E+11;2;34;0;0;2;1;21;B01
2,018E+11;1;7;0;0;2;7;15;A01
2,018E+11;0;32;0;0;0;7;2;A01
2,018E+11;1;7;0;0;2;4;2;A01
2,018E+11;1;7;0;0;2;4;2;B01
2,018E+11;1;7;0;0;2;3;17;A01
2,018E+11;1;7;0;0;2;3;1;B01
2,018E+11;1;7;0;0;2;8;1;C01
2,018E+11;2;7;0;0;1;1;1;A01
2,018E+11;2;31;0;0;2;3;1;B01
2,018E+11;1;7;0;0;2;1;15;A01
2,018E+11;1;33;0;0;2;7;1;B01
2,018E+11;1;7;0;0;2;3;15;A01
2,018E+11;1;7;0;0;2;1;2;A01
2,018E+11;1;7;0;0;9;4;2;B01
2,018E+11;1;7;0;15;0;3;14;A01
2,018E+11;1;7;0;0;2;3;1;B01
2,018E+11;1;7;0;0;2;1;1;A01
2,018E+11;2;7;0;0;2;8;17;B01
2,018E+11;1;7;0;0;2;3;16;A01
2,018E+11;1;10;0;0;2;4;23;B01
2,018E+11;1;7;0;0;2;1;2;A01
2,018E+11;1;7;0;0;2;2;1;A01
2,018E+11;1;10;0;0;2;3;11;B01
2,018E+11;2;33;0;3;2;3;1;B01
2,018E+11;2;7;0;0;2;2;16;A01
2,018E+11;1;31;0;0;2;1;21;A01
2,018E+11;1;7;0;0;9;6;23;B01
2,018E+11;1;7;0;0;2;1;1;A01
2,018E+11;2;7;0;0;2;1;5;B01
2,018E+11;0;7;0;6;0;1;15;B01
2,018E+11;0;10;0;0;2;2;2;A01
2,018E+11;2;7;0;8;2;3;1;A01
2,018E+11;1;7;0;14;2;2;15;B01
2,018E+11;1;7;0;4;0;0;15;A01
2,018E+11;1;7;0;0;0;1;1;B01
2,018E+11;1;7;0;9;0;2;1;A01
2,018E+11;2;7;0;0;2;8;0;B01
2,018E+11;1;7;0;0;2;1;0;A01
2,018E+11;1;7;0;0;1;2;16;A01
2,018E+11;1;34;0;0;2;1;1;B01
2,018E+11;1;7;0;0;2;3;9;A01
2,018E+11;0;7;0;0;2;3;2;A01
2,018E+11;2;15;0;0;2;8;2;B01
2,018E+11;1;34;0;0;2;2;2;B01
2,018E+11;1;7;0;0;2;3;11;A01
2,018E+11;1;33;0;0;1;1;1;A01
2,018E+11;2;7;0;1;1;2;13;A01
2,018E+11;1;7;0;0;2;7;15;B01
2,018E+11;1;34;0;0;2;7;17;A01
2,018E+11;2;7;0;0;2;3;1;B01
2,018E+11;2;7;0;0;2;1;1;A01
2,018E+11;2;7;0;0;1;1;15;A01
2,018E+11;1;7;0;0;2;3;1;B01
2,018E+11;1;7;0;0;2;1;2;A01
2,018E+11;2;7;0;0;2;5;1;B01
2,018E+11;2;33;0;1;0;7;18;A01
2,018E+11;2;37;0;0;1;3;1;A01
2,018E+11;2;7;0;2;9;1;21;A01
2,018E+11;2;7;0;0;2;5;11;A01
2,018E+11;1;33;0;0;2;1;21;B01
2,018E+11;0;7;0;0;1;3;1;A01
2,018E+11;2;7;0;15;0;1;1;A01
2,018E+11;2;30;0;0;1;1;2;A01
2,018E+11;0;7;0;0;1;4;20;A01
2,018E+11;1;7;0;0;1;3;1;A01
2,018E+11;0;10;0;0;2;3;15;A01
2,018E+11;1;33;0;0;0;0;0;B01
2,018E+11;2;7;0;0;2;7;15;A01
2,018E+11;1;33;0;0;2;1;18;B01
2,018E+11;1;7;0;0;1;4;4;A01
2,018E+11;2;30;0;0;2;1;21;B01
2,018E+11;2;7;0;0;2;3;20;A01
2,018E+11;1;30;0;0;1;1;17;A01
2,018E+11;2;10;0;0;2;7;2;B01
2,018E+11;0;30;0;0;2;1;19;A01
2,018E+11;2;7;0;0;2;8;19;B01
2,018E+11;1;7;0;0;2;1;19;A01
2,018E+11;1;7;0;0;1;1;1;A01
2,018E+11;1;10;0;0;2;4;0;A01
2,018E+11;0;10;0;0;2;2;1;B01
2,018E+11;0;7;0;0;1;1;1;A01
2,018E+11;2;7;0;0;2;3;1;B01
2,018E+11;2;7;0;0;2;2;9;A01
2,018E+11;2;10;0;0;2;1;2;B01
2,018E+11;2;7;0;0;2;4;2;C01
2,018E+11;2;10;0;0;2;1;2;D01
2,018E+11;2;10;0;0;2;4;2;A01
2,018E+11;1;33;0;0;2;2;1;B01
2,018E+11;1;7;0;0;2;2;16;A01
2,018E+11;2;2;0;0;2;2;14;B01
2,018E+11;0;7;0;0;2;3;1;A01
2,018E+11;0;7;0;0;1;4;4;A01
2,018E+11;;99;0;0;1;0;0;A01
2,018E+11;1;7;0;0;1;1;16;A01
2,018E+11;1;7;0;0;1;3;13;A01
2,018E+11;1;20;0;0;1;2;0;A01
2,018E+11;2;2;0;0;2;1;18;C01
2,018E+11;1;7;0;0;2;1;15;A01
2,018E+11;;2;0;;;;;B01
2,018E+11;1;7;0;0;1;1;15;A01
2,018E+11;2;7;0;0;1;6;4;A01
2,018E+11;0;10;0;0;0;6;1;B01
2,018E+11;0;32;0;0;2;0;3;A01
2,018E+11;1;7;0;0;1;3;0;Z01
2,018E+11;1;7;0;9;0;9;21;A01
2,018E+11;1;7;0;16;0;3;15;A01
2,018E+11;2;33;0;16;0;6;19;B01
2,018E+11;2;7;0;0;2;1;21;A01
2,018E+11;1;7;0;0;2;1;21;B01
2,018E+11;1;7;0;0;1;2;16;A01
2,018E+11;1;7;0;0;2;2;19;A01
2,018E+11;1;31;0;0;2;5;19;B01
2,018E+11;1;7;0;4;0;2;7;A01
2,018E+11;1;3;0;5;0;3;2;A01
2,018E+11;1;7;0;0;2;4;23;A01
2,018E+11;1;31;0;0;2;1;9;B01
2,018E+11;1;7;0;8;0;1;7;A01
2,018E+11;2;7;0;0;2;1;2;A01
2,018E+11;2;7;0;0;2;4;2;B01
2,018E+11;2;7;0;0;2;4;2;C01
2,018E+11;1;31;0;0;2;1;9;A01
2,018E+11;1;7;0;0;2;6;20;B01
2,018E+11;2;33;0;0;1;4;22;A01
2,018E+11;2;7;0;0;2;1;1;B01
2,018E+11;1;7;0;0;2;7;15;A01
2,018E+11;2;7;0;8;0;1;16;A01
2,018E+11;1;7;0;0;2;1;2;B01
2,018E+11;2;7;0;0;2;1;5;Z01
2,018E+11;1;7;0;1;1;3;24;A01
2,018E+11;1;7;0;0;2;4;23;A01
2,018E+11;1;7;0;14;2;1;23;Z01
2,018E+11;2;7;0;10;0;1;15;A01
2,018E+11;2;7;0;0;2;3;9;A01
2,018E+11;1;33;0;0;2;1;21;B01
2,018E+11;2;7;0;0;2;4;2;B01
2,018E+11;2;7;0;0;2;1;2;A01
2,018E+11;1;10;0;0;1;1;1;A01
2,018E+11;2;7;0;0;1;5;20;A01
2,018E+11;1;7;0;2;0;1;1;A01
2,018E+11;2;7;0;8;0;1;13;A01
2,018E+11;1;7;0;1;0;2;15;A01
2,018E+11;1;7;0;0;1;1;16;A01
2,018E+11;1;7;0;1;0;1;2;A01
2,018E+11;2;7;0;0;2;3;15;A01
2,018E+11;1;31;0;0;2;4;1;B01
2,018E+11;1;1;0;0;1;1;21;A01
2,018E+11;1;7;0;0;2;1;23;A01
2,018E+11;1;7;0;0;2;1;23;B01
2,018E+11;1;7;0;0;2;4;23;C01
2,018E+11;1;33;0;0;2;3;19;B01
2,018E+11;1;7;0;2;0;3;19;A01
2,018E+11;1;7;0;0;1;7;17;A01
2,018E+11;2;7;0;1;0;2;2;A01
2,018E+11;1;7;0;0;2;7;1;B01
2,018E+11;2;10;0;0;2;1;19;A01
2,018E+11;1;7;0;0;2;6;10;A01
2,018E+11;1;33;0;0;2;2;1;B01
2,018E+11;2;7;0;0;2;3;9;A01
2,018E+11;2;7;0;0;2;1;2;B01
2,018E+11;1;7;0;0;2;5;2;A01
2,018E+11;1;7;0;0;2;5;2;B01
2,018E+11;1;7;0;0;2;1;19;A01
2,018E+11;1;10;0;0;2;2;1;B01
2,018E+11;1;7;0;0;2;3;9;A01
2,018E+11;1;7;0;0;2;1;21;B01
2,018E+11;0;99;0;0;2;0;0;R01
2,018E+11;1;7;0;0;2;1;1;A01
2,018E+11;2;7;0;0;1;1;2;A01
2,018E+11;1;7;0;0;1;2;1;A01
2,018E+11;1;37;1;0;1;1;2;A01
2,018E+11;1;7;0;0;1;4;10;A01
2,018E+11;1;37;1;0;1;7;2;A01
2,018E+11;1;7;0;0;2;2;12;A01
2,018E+11;1;33;0;0;2;3;2;B01
2,018E+11;2;7;0;0;1;3;9;A01
2,018E+11;1;34;0;0;2;1;21;B01
2,018E+11;1;7;0;0;2;1;2;C01
2,018E+11;1;7;0;0;9;0;11;Z01
2,018E+11;1;7;0;0;1;1;0;Z01
2,018E+11;1;7;0;8;0;1;0;A01
2,018E+11;2;7;0;0;1;2;1;A01
2,018E+11;0;99;0;0;2;0;0;R01
2,018E+11;1;7;0;0;2;1;1;A01
2,018E+11;1;13;0;0;2;3;17;B01
2,018E+11;1;13;0;0;2;2;17;A01
2,018E+11;2;31;0;0;2;8;17;B01
2,018E+11;1;10;0;0;2;1;10;A01
2,018E+11;2;7;0;0;1;2;0;A01
2,018E+11;1;7;0;14;0;2;1;A01
2,018E+11;1;7;0;8;0;0;21;A01
2,018E+11;1;10;0;0;2;3;1;A01
2,018E+11;1;33;0;0;2;1;16;B01
2,018E+11;1;33;0;0;2;1;1;A01
2,018E+11;1;33;0;0;2;6;1;B01
2,018E+11;2;7;0;8;2;7;2;B01
2,018E+11;2;7;0;0;2;1;2;A01
2,018E+11;1;99;0;0;2;1;17;A01
2,018E+11;1;7;0;0;2;8;15;B01
2,018E+11;1;7;0;0;1;2;1;A01
2,018E+11;1;34;0;0;2;1;2;B01
2,018E+11;1;37;1;0;2;6;11;A01