Num_Acc;senc;catv;occutc;obs;obsm;choc;manv;num_veh
2,018E+11;1;7;0;0;2;4;23;A01
2,018E+11;1;10;0;0;2;1;2;B01
2,018E+11;1;7;0;0;2;4;1;A01
2,018E+11;1;7;0;0;2;1;1;B01
2,018E+11;2;7;0;6;0;1;16;A01
2,018E+11;1;7;0;0;1;1;21;A01
2,018E+11;1;7;0;0;2;1;19;B01
2,018E+11;1;7;0;16;2;3;19;A01
2,018E+11;2;7;0;0;2;1;16;B01
2,018E+11;1;7;0;0;2;3;15;A01
2,018E+11;1;7;0;0;2;3;1;A01
2,018E+11;1;7;0;0;2;1;15;B01
2,018E+11;2;7;0;0;2;2;9;B01
2,018E+11;1;7;0;0;2;5;0;A01
2,018E+11;1;99;0;0;2;0;17;A01
2,018E+11;1;7;0;0;2;8;21;B01
2,018E+11;2;7;0;0;2;1;2;C01
2,018E+11;2;7;0;0;2;4;23;A01
2,018E+11;2;7;0;0;2;1;1;C01
2,018E+11;2;7;0;0;2;4;23;B01
2,018E+11;1;7;0;0;2;4;2;A01
2,018E+11;1;7;0;0;2;4;2;B01
2,018E+11;1;7;0;0;2;1;2;C01
2,018E+11;0;7;0;0;1;2;1;A01
2,018E+11;1;10;0;0;2;3;19;A01
2,018E+11;1;7;0;0;2;2;19;B01
2,018E+11;1;7;0;0;2;3;15;A01
2,018E+11;1;37;1;0;2;1;2;B01
2,018E+11;1;99;0;2;0;3;9;A01
2,018E+11;1;7;0;0;1;1;15;A01
2,018E+11;2;7;0;0;1;1;1;A01
2,018E+11;1;7;0;0;2;8;1;A01
2,018E+11;1;7;0;0;2;2;19;B01
2,018E+11;1;33;0;0;2;8;21;T01
2,018E+11;1;10;0;0;2;3;9;A01
2,018E+11;1;7;0;0;2;4;23;C01
2,018E+11;1;7;0;0;2;1;9;A01
2,018E+11;1;7;0;0;2;4;23;B01
2,018E+11;2;7;0;8;2;3;2;A01
2,018E+11;2;7;0;8;2;3;2;B01
2,018E+11;2;3;0;0;2;3;15;A01
2,018E+11;1;3;0;0;2;1;1;B01
2,018E+11;1;7;0;1;2;3;19;B01
2,018E+11;1;7;0;0;2;3;1;A01
2,018E+11;1;7;0;0;2;4;2;C01
2,018E+11;1;7;0;0;2;4;2;B01
2,018E+11;1;7;0;0;2;1;2;A01
2,018E+11;1;13;0;0;2;2;14;A01
2,018E+11;1;7;0;0;2;8;1;B01
2,018E+11;1;7;0;0;2;5;0;A01
2,018E+11;1;7;0;0;2;0;0;B01
2,018E+11;1;7;0;0;2;8;2;C01
2,018E+11;1;7;0;4;2;1;21;A01
2,018E+11;1;7;0;0;1;1;1;A01
2,018E+11;1;10;0;0;2;2;2;A01
2,018E+11;1;7;0;0;2;1;2;B01
2,018E+11;1;7;0;0;2;5;2;B01
2,018E+11;1;33;0;0;2;1;21;A01
2,018E+11;1;7;0;15;0;4;2;A01
2,018E+11;1;10;0;15;0;1;11;B01
2,018E+11;1;7;0;0;1;0;20;A01
2,018E+11;2;37;1;0;2;1;2;A01
2,018E+11;2;7;0;0;2;4;2;B01
2,018E+11;2;7;0;0;2;4;2;C01
2,018E+11;1;7;0;0;1;0;0;A01
2,018E+11;1;10;0;0;2;1;9;A01
2,018E+11;1;37;0;0;2;7;9;B01
2,018E+11;1;7;0;0;1;3;1;A01
2,018E+11;1;7;0;0;1;1;1;A01
2,018E+11;1;37;1;2;0;1;13;A01
2,018E+11;1;1;0;0;2;8;19;B01
2,018E+11;1;7;0;0;2;2;1;A01
2,018E+11;2;7;0;0;2;1;21;B01
2,018E+11;2;7;0;0;2;1;13;A01
2,018E+11;1;7;0;9;1;1;16;A01
2,018E+11;1;7;0;4;2;2;2;A01
2,018E+11;1;7;0;4;0;6;2;B01
2,018E+11;1;7;0;0;2;2;9;B01
2,018E+11;1;33;0;0;2;1;1;A01
2,018E+11;1;7;0;0;2;1;0;A01
2,018E+11;2;7;0;0;2;5;1;A01
2,018E+11;2;7;0;0;2;2;1;B01
2,018E+11;0;7;0;0;2;8;15;A01
2,018E+11;0;7;0;0;2;1;1;B01
2,018E+11;1;7;0;0;2;4;0;A01
2,018E+11;1;7;0;0;2;1;0;C01
2,018E+11;1;7;0;0;2;4;2;B01
2,018E+11;1;1;0;0;2;7;1;B01
2,018E+11;1;7;0;0;2;1;9;A01
2,018E+11;1;7;0;0;2;1;0;B01
2,018E+11;1;13;0;0;2;4;23;A01
2,018E+11;1;7;0;0;2;2;15;A01
2,018E+11;2;7;0;0;2;3;2;B01
2,018E+11;1;7;0;0;2;1;1;A01
2,018E+11;1;7;0;0;9;4;2;B01
2,018E+11;1;7;0;0;2;6;2;B01
2,018E+11;1;7;0;0;2;1;2;A01
2,018E+11;1;10;0;4;1;5;9;A01
2,018E+11;1;37;0;0;2;1;1;B01
2,018E+11;1;33;0;0;2;6;21;B01
2,018E+11;1;7;0;0;2;1;10;A01
2,018E+11;1;10;0;0;2;3;22;A01
2,018E+11;1;33;0;1;0;7;0;B01
2,018E+11;2;7;0;0;2;4;23;B01
2,018E+11;2;7;0;0;2;1;2;A01
2,018E+11;1;7;0;0;1;1;16;A01
2,018E+11;2;37;0;0;2;1;2;A01
2,018E+11;2;7;0;0;2;4;2;B01
2,018E+11;1;7;0;0;2;7;1;A01
2,018E+11;1;7;0;0;2;3;16;B01
2,018E+11;2;7;0;5;0;3;16;A01
2,018E+11;2;7;0;0;2;1;23;A01
2,018E+11;2;7;0;0;2;4;4;B01
2,018E+11;1;7;0;0;2;1;19;B01
2,018E+11;1;2;0;0;2;8;19;A01
2,018E+11;2;37;1;0;2;3;1;B01
2,018E+11;1;31;0;0;2;1;11;A01
2,018E+11;1;7;0;0;2;1;1;A01
2,018E+11;2;7;0;0;2;1;15;B01
2,018E+11;1;7;0;0;2;4;2;A01
2,018E+11;1;7;0;0;2;1;2;B01
2,018E+11;0;7;0;0;2;1;1;A01
2,018E+11;0;10;0;0;2;8;1;B01
2,018E+11;0;7;0;0;2;1;1;A01
2,018E+11;0;10;0;0;2;8;1;B01
2,018E+11;0;7;0;0;0;2;21;A01
2,018E+11;1;7;0;0;2;1;0;A01
2,018E+11;1;7;0;0;2;4;23;B01
2,018E+11;0;7;0;0;1;2;11;A01
2,018E+11;1;7;0;13;0;2;1;A01
2,018E+11;0;7;0;0;2;1;0;B01
2,018E+11;0;7;0;0;2;1;21;A01
2,018E+11;0;7;0;1;0;4;0;C01
2,018E+11;0;99;0;0;2;4;0;A01
2,018E+11;0;13;0;0;2;1;2;B01
2,018E+11;0;7;0;1;2;0;0;B01
2,018E+11;0;7;0;0;2;4;0;A01
2,018E+11;0;7;0;0;1;1;1;A01
2,018E+11;0;10;0;0;0;4;1;B01
2,018E+11;0;37;1;0;2;2;1;A01
2,018E+11;0;15;0;0;2;5;21;B01
2,018E+11;0;37;6;3;2;7;14;A01
2,018E+11;0;7;0;0;1;1;1;A01
2,018E+11;0;7;0;0;2;4;23;A01
2,018E+11;0;7;0;0;2;1;1;B01
2,018E+11;0;7;0;0;2;1;15;B01
2,018E+11;0;7;0;0;2;3;1;A01
2,018E+11;0;1;0;0;2;1;1;B01
2,018E+11;0;7;0;0;2;2;0;A01
2,018E+11;1;7;0;0;2;4;0;C01
2,018E+11;1;7;0;0;2;1;0;A01
2,018E+11;1;7;0;0;2;9;0;B01
2,018E+11;0;7;0;0;1;2;19;A01
2,018E+11;1;10;0;0;2;3;2;A01
2,018E+11;1;7;0;0;2;4;2;B01
2,018E+11;0;7;0;1;2;1;2;B01
2,018E+11;0;7;0;0;2;4;23;A01
2,018E+11;0;7;0;0;2;1;5;A01
2,018E+11;0;7;0;0;2;8;1;B01
2,018E+11;0;7;0;0;2;0;0;A01
2,018E+11;0;7;0;0;2;7;0;B01
2,018E+11;0;7;0;0;0;3;0;C01
2,018E+11;0;7;0;0;0;2;1;B01
2,018E+11;0;7;0;0;2;1;1;A01
2,018E+11;1;7;0;0;2;2;15;A01
2,018E+11;2;33;0;0;2;7;1;B01
2,018E+11;0;7;0;0;2;1;0;B01
2,018E+11;0;7;0;0;2;1;0;C01
2,018E+11;0;7;0;1;0;1;0;D01
2,018E+11;1;7;0;0;1;3;1;A01
2,018E+11;1;7;0;0;1;4;4;A01
2,018E+11;0;7;0;0;2;4;9;A01
2,018E+11;0;10;0;0;2;1;2;C01
2,018E+11;0;7;0;0;2;4;2;B01
2,018E+11;0;10;0;4;0;3;13;A01
2,018E+11;0;7;0;0;1;3;9;A01
2,018E+11;2;10;0;0;1;2;1;A01
2,018E+11;1;1;0;0;2;4;0;A01
2,018E+11;1;7;0;0;6;1;0;B01
2,018E+11;1;7;0;6;0;1;15;A01
2,018E+11;0;7;0;0;2;6;1;A01
2,018E+11;0;7;0;0;2;6;1;B01
2,018E+11;0;7;0;0;2;1;9;B01
2,018E+11;0;7;0;0;2;7;1;A01
2,018E+11;0;7;0;0;2;4;2;B01
2,018E+11;0;7;0;0;2;4;2;D01
2,018E+11;0;7;0;0;2;1;2;A01
2,018E+11;0;7;0;0;2;4;2;C01
2,018E+11;0;10;0;3;0;9;13;A01
2,018E+11;2;37;1;0;2;3;1;B01
2,018E+11;1;7;0;0;2;3;13;A01
2,018E+11;0;7;0;0;2;6;1;A01
2,018E+11;0;10;0;1;0;2;21;C01
2,018E+11;0;15;0;0;2;2;1;B01
2,018E+11;1;7;0;0;2;4;23;A01
2,018E+11;1;10;0;0;2;1;1;B01
2,018E+11;1;7;0;0;2;6;2;B01
2,018E+11;1;7;0;0;2;2;2;A01
2,018E+11;0;7;0;0;2;0;23;B01
2,018E+11;0;7;0;0;2;2;1;A01
2,018E+11;0;37;1;0;2;2;13;A01
2,018E+11;0;7;0;0;2;6;12;B01
2,018E+11;2;7;0;6;2;4;1;A01
2,018E+11;2;7;0;0;2;1;2;A01
2,018E+11;2;7;0;0;0;4;2;B01
2,018E+11;1;34;0;0;2;1;13;B01
2,018E+11;0;7;0;0;2;3;13;A01
2,018E+11;2;33;0;0;2;5;16;B01
2,018E+11;2;7;0;0;2;3;15;A01
2,018E+11;2;1;0;0;2;8;1;B01
2,018E+11;1;10;0;0;2;3;15;A01
2,018E+11;0;7;0;0;2;1;0;A01
2,018E+11;0;7;0;0;2;7;1;B01
2,018E+11;0;7;0;9;2;7;1;A01
2,018E+11;0;37;1;0;2;1;1;B01
2,018E+11;0;37;1;0;2;4;2;B01
2,018E+11;0;37;1;0;2;1;2;A01
2,018E+11;0;7;0;15;0;3;2;A01
2,018E+11;0;20;0;14;0;4;4;B01
2,018E+11;0;20;0;0;2;3;9;A01
2,018E+11;1;99;0;0;2;1;14;Y01
2,018E+11;0;7;0;6;0;4;23;A01
2,018E+11;0;7;0;1;2;1;2;B01
2,018E+11;1;7;0;0;1;2;0;A01
2,018E+11;0;7;0;0;2;4;23;C01
2,018E+11;0;7;0;0;2;4;23;B01
2,018E+11;0;7;0;0;2;1;2;A01
2,018E+11;1;7;0;0;2;6;2;A01
2,018E+11;0;7;0;0;2;3;1;B01
2,018E+11;0;7;0;0;2;1;11;A01
2,018E+11;0;30;0;0;1;1;21;B01
2,018E+11;1;7;0;0;2;8;9;A01
2,018E+11;1;14;0;0;2;3;1;B01
2,018E+11;0;37;3;0;2;3;15;A01
2,018E+11;0;37;1;0;2;2;9;B01
2,018E+11;1;7;0;0;2;1;0;B01
2,018E+11;1;7;0;4;0;4;0;A01
2,018E+11;0;7;0;0;1;3;1;A01
2,018E+11;0;37;1;0;2;2;1;B01
2,018E+11;0;7;0;0;2;3;11;A01
2,018E+11;0;7;0;0;2;3;2;A01
2,018E+11;0;10;0;0;2;1;15;B01
2,018E+11;1;99;0;0;2;4;23;A01
2,018E+11;0;7;0;0;2;1;0;B01
2,018E+11;1;1;0;0;2;8;1;A01
2,018E+11;1;7;0;0;6;2;9;B01
2,018E+11;1;7;0;0;2;5;1;A01
2,018E+11;1;7;0;0;2;3;9;B01
2,018E+11;0;7;0;0;2;1;17;A01
2,018E+11;0;7;0;0;2;3;1;B01
2,018E+11;0;7;0;0;0;9;14;A01
2,018E+11;0;7;0;13;2;1;21;A01
2,018E+11;0;10;0;0;0;0;13;B01
2,018E+11;0;37;60;0;1;2;20;A01
2,018E+11;1;7;0;0;2;1;1;B01
2,018E+11;0;7;0;0;2;1;5;A01
2,018E+11;1;37;1;0;1;3;2;A01
2,018E+11;1;7;0;0;2;1;1;A01
2,018E+11;1;7;0;0;2;7;1;B01
2,018E+11;2;7;0;0;2;8;11;A01
2,018E+11;2;33;0;0;2;2;13;B01
2,018E+11;2;10;0;0;2;3;21;B01
2,018E+11;2;7;0;0;2;8;19;A01
2,018E+11;1;7;0;0;2;1;19;A01
2,018E+11;1;7;0;0;2;1;9;B01
2,018E+11;1;34;0;0;1;1;1;A01
2,018E+11;1;7;0;0;2;4;20;A01
2,018E+11;2;1;0;0;2;8;1;B01
2,018E+11;1;32;0;0;0;0;0;A01
2,018E+11;1;33;0;0;1;3;17;A01
2,018E+11;1;7;0;0;1;1;1;A01
2,018E+11;1;7;0;0;1;0;14;A01
2,018E+11;2;7;0;0;1;2;15;A01
2,018E+11;1;31;0;0;1;1;1;A01
2,018E+11;2;7;0;0;1;1;1;A01
2,018E+11;1;30;0;0;1;0;0;A01
2,018E+11;2;7;0;0;2;1;2;A01
2,018E+11;2;34;0;0;2;4;2;B01
2,018E+11;1;7;0;0;1;1;1;A01
2,018E+11;1;7;0;0;2;1;1;A01
2,018E+11;1;34;0;0;2;4;2;B01
2,018E+11;1;32;0;0;2;1;19;B01
2,018E+11;1;7;0;0;2;3;19;A01
2,018E+11;1;7;0;9;0;4;0;A01
2,018E+11;1;1;0;9;0;4;0;B01
2,018E+11;2;30;0;14;0;1;2;A01
2,018E+11;2;7;0;0;2;4;23;B01
2,018E+11;1;1;0;0;2;7;19;B01
2,018E+11;1;7;0;0;2;3;19;A01
2,018E+11;1;10;0;0;0;8;22;A01
2,018E+11;1;33;0;1;0;1;1;B01
2,018E+11;2;30;0;0;2;1;1;B01
2,018E+11;1;7;0;0;2;2;15;A01
2,018E+11;1;7;0;0;2;3;1;A01
2,018E+11;2;2;0;0;2;1;1;B01
2,018E+11;2;10;0;0;2;1;1;A01
2,018E+11;2;7;0;0;2;3;15;B01
2,018E+11;1;7;0;0;1;3;15;A01
2,018E+11;2;1;0;14;2;2;21;A01
2,018E+11;1;37;26;0;2;3;23;B01
2,018E+11;1;7;0;0;2;3;15;A01
2,018E+11;1;1;0;0;2;2;5;B01
2,018E+11;1;2;0;0;2;1;17;A01
2,018E+11;1;7;0;0;2;3;15;B01
2,018E+11;1;7;0;0;2;1;0;C01
2,018E+11;0;7;0;0;2;1;0;B01
2,018E+11;1;34;0;0;2;0;0;A01
2,018E+11;2;7;0;0;2;3;22;A01
2,018E+11;2;1;0;1;0;1;1;B01
2,018E+11;0;7;0;0;2;3;16;B01
2,018E+11;0;7;0;0;2;3;15;A01
2,018E+11;0;7;0;0;2;0;0;A01
2,018E+11;0;31;0;0;2;1;1;B01
2,018E+11;1;7;0;0;1;1;15;A01
2,018E+11;1;7;0;0;2;2;15;A01
2,018E+11;2;30;0;0;2;1;2;B01
2,018E+11;1;30;0;0;2;7;17;B01
2,018E+11;1;7;0;0;2;3;13;A01
2,018E+11;2;31;0;0;2;1;1;A01
2,018E+11;1;7;0;0;2;5;15;B01
2,018E+11;2;32;0;0;2;1;1;B01
2,018E+11;1;7;0;0;2;7;15;A01
2,018E+11;0;7;0;0;1;3;1;A01
2,018E+11;0;2;0;0;2;1;1;B01
2,018E+11;0;7;0;0;2;2;15;A01
2,018E+11;1;7;0;0;2;2;2;A01
2,018E+11;1;33;0;0;2;4;1;B01
2,018E+11;2;10;0;8;0;1;2;A01
2,018E+11;2;31;0;4;0;1;1;A01
2,018E+11;2;7;0;0;1;2;1;A01
2,018E+11;2;33;0;0;0;0;1;A01
2,018E+11;1;7;0;0;2;2;15;B01
2,018E+11;1;10;0;0;2;3;1;A01
2,018E+11;1;7;0;0;2;2;15;A01
2,018E+11;1;7;0;0;2;1;2;B01
2,018E+11;2;31;0;0;2;1;1;A01
2,018E+11;2;7;0;0;2;6;23;B01
2,018E+11;1;7;0;0;2;3;1;B01
2,018E+11;1;7;0;0;2;2;9;A01
2,018E+11;1;7;0;0;1;2;16;A01
2,018E+11;2;7;0;0;2;1;2;A01
2,018E+11;2;7;0;0;2;4;23;B01
2,018E+11;1;33;0;0;0;0;13;A01
2,018E+11;1;7;0;0;2;1;1;B01
2,018E+11;1;7;0;0;2;5;15;A01
2,018E+11;2;7;0;0;2;5;23;B01
2,018E+11;2;33;0;0;2;1;1;A01
2,018E+11;1;14;0;0;1;5;16;A01
2,018E+11;1;7;0;0;2;1;2;A01
2,018E+11;1;7;0;0;2;4;1;B01
2,018E+11;0;7;0;0;1;3;15;A01
2,018E+11;2;7;0;0;2;3;1;A01
2,018E+11;2;33;0;0;2;1;15;B01
2,018E+11;1;7;0;0;2;4;4;A01
2,018E+11;1;31;0;0;2;1;2;B01
2,018E+11;1;7;0;0;1;1;1;A01
2,018E+11;1;31;0;12;0;1;9;A01
2,018E+11;1;7;0;6;0;1;16;A01
2,018E+11;1;7;0;9;0;2;1;A01
2,018E+11;1;37;10;0;2;7;19;B01
2,018E+11;2;7;0;0;2;2;19;A01
2,018E+11;1;33;0;0;2;7;1;A01
2,018E+11;2;7;0;0;2;3;13;B01
2,018E+11;1;7;0;0;2;6;11;A01
2,018E+11;1;33;0;0;2;3;11;B01
2,018E+11;1;7;0;12;0;1;1;A01
2,018E+11;1;7;0;9;0;2;16;A01
2,018E+11;1;13;0;0;1;1;1;A01
2,018E+11;1;7;0;0;2;1;2;A01
2,018E+11;1;31;0;0;2;4;2;B01
2,018E+11;1;34;0;0;2;7;13;A01
2,018E+11;1;7;0;0;2;0;1;Z02
2,018E+11;0;7;0;0;2;2;1;B01
2,018E+11;1;7;0;0;2;1;1;A01
2,018E+11;1;7;0;0;2;1;2;A01
2,018E+11;1;1;0;0;2;4;1;B02
2,018E+11;1;7;0;2;0;3;1;A01
2,018E+11;1;7;0;0;2;1;2;A01
2,018E+11;1;7;0;0;2;4;2;B01
2,018E+11;1;7;0;0;9;4;2;Z01
2,018E+11;1;1;0;0;2;1;2;A01
2,018E+11;1;7;0;8;0;1;9;A01
2,018E+11;1;7;0;0;2;9;2;A01
2,018E+11;1;7;0;0;1;1;1;A01
2,018E+11;1;7;0;0;2;0;17;A01
2,018E+11;1;31;0;0;2;0;2;B01
2,018E+11;1;7;0;0;1;1;2;A01
2,018E+11;1;34;0;0;2;3;18;A01
2,018E+11;1;7;0;0;2;5;9;B01
2,018E+11;2;7;0;6;2;5;1;A01
2,018E+11;2;7;0;0;2;0;2;Z01
2,018E+11;1;7;0;0;2;1;2;A01
2,018E+11;1;7;0;0;2;7;23;B01
2,018E+11;2;7;0;0;2;2;15;A01
2,018E+11;1;7;0;0;2;1;9;B01
2,018E+11;2;1;0;0;2;2;17;B01
2,018E+11;2;7;0;0;2;3;13;A01
2,018E+11;2;7;0;0;2;1;9;A01
2,018E+11;2;7;0;0;2;1;9;B01
2,018E+11;2;7;0;0;2;4;23;C01
2,018E+11;2;7;0;0;2;4;9;D01
2,018E+11;1;34;0;12;0;8;2;A01
2,018E+11;1;31;0;0;0;3;21;A01
2,018E+11;1;7;0;3;2;1;2;A01
2,018E+11;1;7;0;0;2;6;2;B01
2,018E+11;0;7;0;0;0;1;1;A01
2,018E+11;1;7;0;14;1;4;4;A01
2,018E+11;2;34;0;0;1;7;17;A01
2,018E+11;2;7;0;0;2;1;2;A01
2,018E+11;2;7;0;0;2;4;2;B01
2,018E+11;2;7;0;0;9;4;2;C01
2,018E+11;2;1;0;0;0;0;0;A01
2,018E+11;1;7;0;6;0;1;16;A01
2,018E+11;1;7;0;0;2;2;15;A01
2,018E+11;1;31;0;0;2;1;21;B01
2,018E+11;1;7;0;0;2;4;23;D01
2,018E+11;1;10;0;0;2;1;1;A01
2,018E+11;1;7;0;0;2;4;23;B01
2,018E+11;1;7;0;0;2;4;23;C01
2,018E+11;2;1;0;0;2;1;15;A01
2,018E+11;2;7;0;1;2;3;1;B01
2,018E+11;1;33;0;0;0;7;16;A01
2,018E+11;1;33;0;0;0;9;1;B01
2,018E+11;1;10;0;0;2;5;15;A01
2,018E+11;1;7;0;0;2;3;15;B01
2,018E+11;1;33;0;0;2;3;17;A01
2,018E+11;1;7;0;1;0;2;1;A01
2,018E+11;1;7;0;0;2;6;13;A01
2,018E+11;1;34;0;0;2;7;2;B01
2,018E+11;1;7;0;0;2;1;19;B01
2,018E+11;1;7;0;15;2;2;19;A01
2,018E+11;1;7;0;0;2;3;19;C01
2,018E+11;1;33;0;0;2;2;17;B01
2,018E+11;1;7;0;0;2;3;15;A01
2,018E+11;1;7;0;0;1;7;2;A01
2,018E+11;1;7;0;0;2;1;2;A01
2,018E+11;1;7;0;0;9;4;2;B01
2,018E+11;1;1;0;0;2;5;15;B01
2,018E+11;1;10;0;0;2;3;9;A01
2,018E+11;2;34;0;0;2;8;1;B01
2,018E+11;2;7;0;0;2;2;14;A01
2,018E+11;2;7;0;1;0;1;15;A01
2,018E+11;1;31;0;0;0;8;16;A01
2,018E+11;1;7;0;0;2;1;2;B01
2,018E+11;1;15;0;0;2;1;2;A01
2,018E+11;1;13;0;0;2;4;2;C01
2,018E+11;2;33;0;0;2;3;17;A01
2,018E+11;2;7;0;0;2;3;20;B01
2,018E+11;1;10;0;0;2;2;1;A01
2,018E+11;1;7;0;0;2;4;2;B01
2,018E+11;1;7;0;0;2;8;1;B01
2,018E+11;0;7;0;0;2;2;15;A01
2,018E+11;1;7;0;0;0;5;2;A01
2,018E+11;1;7;0;0;2;0;23;B01
2,018E+11;1;7;0;0;9;4;23;C01
2,018E+11;1;7;0;0;1;1;1;A01
2,018E+11;2;7;0;0;2;1;1;A01
2,018E+11;2;7;0;0;2;4;23;B01
2,018E+11;2;7;0;0;2;4;23;C01
2,018E+11;1;7;0;0;2;1;2;A01
2,018E+11;1;7;0;0;2;4;2;B01
2,018E+11;1;7;0;4;0;3;15;A01
2,018E+11;1;7;0;0;1;2;19;A01
2,018E+11;2;10;0;0;2;1;2;A01
2,018E+11;2;7;0;0;0;4;2;B01
2,018E+11;2;33;0;0;2;1;5;A01
2,018E+11;2;7;0;0;2;8;1;B01
2,018E+11;1;7;0;0;2;1;2;B01
2,018E+11;1;7;0;0;2;7;2;A01
2,018E+11;1;7;0;0;2;8;2;A01
2,018E+11;2;7;0;0;2;1;2;B01
2,018E+11;2;7;0;0;2;3;2;B01
2,018E+11;1;33;0;0;2;1;17;A01
2,018E+11;1;7;0;1;0;1;1;A01
2,018E+11;1;7;0;0;2;3;15;A01
2,018E+11;1;33;0;0;2;1;17;B01
2,018E+11;1;7;0;0;2;3;2;A01
2,018E+11;1;31;0;0;2;1;2;B01
2,018E+11;2;7;0;0;2;1;19;A01
2,018E+11;2;7;0;0;2;8;19;B01
2,018E+11;2;31;0;0;2;8;9;A01
2,018E+11;2;7;0;0;2;2;2;B01
2,018E+11;1;34;0;0;2;1;3;A01
2,018E+11;1;7;0;0;0;2;23;C01
2,018E+11;1;7;0;0;2;4;23;B01
2,018E+11;1;33;0;0;0;0;21;A01
2,018E+11;1;7;0;0;2;4;23;B01
2,018E+11;1;7;0;0;2;1;1;A01
2,018E+11;1;7;0;0;2;1;14;A01
2,018E+11;1;7;0;0;2;4;24;B01
2,018E+11;1;7;0;0;1;3;1;A01
2,018E+11;1;17;0;0;6;1;0;A01
2,018E+11;1;32;0;0;2;2;0;B01
2,018E+11;;7;0;8;0;2;15;A01
2,018E+11;2;7;0;0;2;3;15;A01
2,018E+11;1;7;0;0;2;6;1;B01
2,018E+11;1;32;0;0;2;0;0;A01
2,018E+11;0;7;0;0;1;4;4;A01
2,018E+11;1;7;0;8;0;2;2;A01
2,018E+11;1;7;0;9;0;1;0;A01
2,018E+11;2;32;0;4;0;7;1;A01
2,018E+11;0;37;1;0;1;7;2;A01
2,018E+11;2;7;0;0;2;3;2;B01
2,018E+11;2;7;0;0;2;2;17;A01
2,018E+11;1;1;0;0;2;1;0;B01
2,018E+11;1;7;0;0;2;6;0;A01
2,018E+11;1;33;0;0;2;1;1;B01
2,018E+11;1;7;0;0;2;2;15;A01
2,018E+11;1;7;0;0;1;3;0;A01
2,018E+11;0;7;0;0;2;1;2;A01
2,018E+11;0;7;0;0;2;4;2;B01
2,018E+11;0;7;0;0;2;4;2;C01
2,018E+11;0;7;0;0;2;4;2;D01
2,018E+11;2;7;0;0;0;0;1;A01
2,018E+11;1;7;0;0;2;1;19;A01
2,018E+11;2;37;0;0;2;8;1;B01
2,018E+11;1;7;0;0;1;2;2;A01
2,018E+11;2;33;0;0;2;1;1;B01
2,018E+11;1;7;0;0;2;3;9;A01
2,018E+11;1;7;0;0;1;3;15;A01
2,018E+11;0;7;0;0;1;3;2;A01
2,018E+11;1;7;0;0;2;1;2;A01
2,018E+11;0;30;0;0;2;4;1;B01
2,018E+11;1;32;0;0;2;1;2;A01
2,018E+11;1;10;0;0;2;8;16;B01
2,018E+11;2;34;0;0;1;1;2;A01
2,018E+11;1;1;0;0;2;1;1;B01
2,018E+11;2;10;0;0;6;4;20;A01
2,018E+11;1;7;0;0;2;1;1;A01
2,018E+11;1;7;0;0;2;4;2;C01
2,018E+11;1;7;0;0;2;5;2;B01
2,018E+11;1;7;0;4;0;1;1;A01
2,018E+11;1;33;0;4;0;1;1;A01
2,018E+11;1;10;0;0;2;3;13;A01
2,018E+11;1;33;0;0;2;1;1;B01
2,018E+11;2;7;0;0;2;6;15;B01
2,018E+11;0;30;0;0;2;1;17;A01
2,018E+11;0;3;0;0;2;9;1;A01
2,018E+11;0;7;0;0;1;5;4;A01
2,018E+11;2;7;0;0;2;4;2;B01
2,018E+11;2;1;0;0;2;1;2;A01
2,018E+11;0;7;0;0;1;4;4;A01
2,018E+11;1;7;0;8;2;2;15;A01
2,018E+11;2;7;0;8;2;1;1;B01
2,018E+11;1;7;0;0;2;2;19;A01
2,018E+11;1;7;0;0;2;3;1;B01
2,018E+11;1;7;0;0;1;6;23;A01
2,018E+11;1;7;0;0;0;9;0;A01
2,018E+11;0;99;0;15;0;1;0;A01
2,018E+11;2;33;0;0;1;1;17;A01
2,018E+11;1;33;0;0;0;7;1;A01
2,018E+11;0;10;0;0;2;3;17;A01
2,018E+11;0;7;0;0;0;0;0;C01
2,018E+11;0;7;0;0;2;8;3;B01
2,018E+11;0;7;0;0;0;0;20;A01
2,018E+11;1;33;0;0;2;0;0;B01
2,018E+11;2;10;0;0;1;5;0;A01
2,018E+11;0;7;0;12;0;3;0;A01
2,018E+11;0;10;0;0;2;1;2;A01
2,018E+11;0;7;0;0;2;4;2;B01
2,018E+11;2;7;0;0;2;1;1;B01
2,018E+11;1;7;0;0;2;1;13;A01
2,018E+11;2;34;0;0;0;7;16;A01
2,018E+11;0;33;0;0;0;1;2;A01
2,018E+11;0;10;0;0;2;1;2;A01
2,018E+11;0;10;0;0;2;4;2;C01
2,018E+11;0;10;0;0;2;4;2;B01
2,018E+11;0;17;0;0;1;1;15;A01
2,018E+11;1;7;0;0;2;2;15;A01
2,018E+11;2;7;0;0;2;1;1;B01
2,018E+11;0;7;0;8;0;3;0;A01
2,018E+11;1;7;0;0;2;2;15;A01
2,018E+11;0;30;0;0;2;1;1;B01
2,018E+11;0;7;0;0;2;4;0;B01
2,018E+11;0;33;0;0;2;1;0;A01
2,018E+11;0;34;0;0;2;3;2;B01
2,018E+11;0;2;0;0;0;0;5;A01
2,018E+11;1;10;0;0;2;3;1;B01
2,018E+11;1;7;0;0;2;5;1;A01