Num_Acc;senc;catv;occutc;obs;obsm;choc;manv;num_veh
2,018E+11;2;7;0;0;2;7;12;A01
2,018E+11;2;7;0;0;2;4;2;C01
2,018E+11;2;32;0;0;2;3;3;B01
2,018E+11;2;7;0;0;2;4;2;B01
2,018E+11;2;7;0;0;2;1;2;A01
2,018E+11;1;7;0;3;0;2;1;A01
2,018E+11;1;31;0;0;2;1;3;A01
2,018E+11;1;10;0;0;2;5;2;B01
2,018E+11;1;17;0;0;2;8;2;C01
2,018E+11;2;33;0;0;2;3;3;A01
2,018E+11;2;10;0;0;2;7;12;B01
2,018E+11;2;7;0;0;2;6;1;C01
2,018E+11;1;33;0;0;2;3;1;B01
2,018E+11;1;7;0;0;2;2;12;A01
2,018E+11;1;2;0;0;0;1;1;A01
2,018E+11;1;7;0;0;2;1;2;B01
2,018E+11;1;7;0;0;2;4;2;A01
2,018E+11;2;7;0;0;2;5;12;A01
2,018E+11;2;34;0;0;2;8;3;B01
2,018E+11;2;33;0;0;2;8;3;B01
2,018E+11;2;7;0;0;2;7;12;A01
2,018E+11;2;7;0;4;0;1;9;A01
2,018E+11;1;33;0;0;2;1;2;B01
2,018E+11;1;7;0;0;2;5;1;A01
2,018E+11;2;33;0;0;2;8;3;A01
2,018E+11;2;7;0;0;2;7;12;Z01
2,018E+11;1;33;0;0;0;1;3;A01
2,018E+11;1;34;0;0;2;1;1;A01
2,018E+11;1;7;0;0;2;5;12;B01
2,018E+11;2;7;0;1;0;3;21;A01
2,018E+11;2;7;0;0;2;5;23;B01
2,018E+11;2;33;0;0;2;1;3;A01
2,018E+11;2;7;0;0;2;3;0;B01
2,018E+11;2;7;0;0;2;5;2;C01
2,018E+11;2;33;0;0;2;1;3;A01
2,018E+11;2;7;0;0;2;3;2;B01
2,018E+11;2;7;0;0;2;0;0;Z01
2,018E+11;2;33;0;0;2;0;3;A01
2,018E+11;1;10;0;0;2;1;1;A01
2,018E+11;1;7;0;0;2;4;2;B01
2,018E+11;2;33;0;0;2;7;3;A01
2,018E+11;2;7;0;0;2;8;1;B01
2,018E+11;2;7;0;0;2;5;1;D01
2,018E+11;2;33;0;0;2;1;3;B01
2,018E+11;2;7;0;0;2;5;12;A01
2,018E+11;2;10;0;0;2;3;1;C01
2,018E+11;2;10;0;1;1;2;21;D01
2,018E+11;2;7;0;0;2;4;1;A01
2,018E+11;2;7;0;1;0;3;21;C01
2,018E+11;2;7;0;3;0;2;14;A01
2,018E+11;1;7;0;6;0;1;21;A01
2,018E+11;1;7;0;0;2;6;23;A01
2,018E+11;1;7;0;1;0;2;1;B01
2,018E+11;2;33;0;0;0;7;21;A01
2,018E+11;1;7;0;0;2;4;23;B01
2,018E+11;1;34;0;1;0;1;2;A01
2,018E+11;1;7;0;0;2;4;2;B01
2,018E+11;1;7;0;0;2;1;1;A01
2,018E+11;1;7;0;0;2;4;2;C01
2,018E+11;1;33;0;0;2;1;1;A01
2,018E+11;1;7;0;0;2;4;11;B01
2,018E+11;2;33;0;0;2;7;2;B01
2,018E+11;2;7;0;0;2;6;11;A01
2,018E+11;1;16;0;0;2;2;12;A01
2,018E+11;1;7;0;0;2;6;1;B01
2,018E+11;1;7;0;4;0;2;0;A01
2,018E+11;2;7;0;0;2;1;2;Z01
2,018E+11;2;10;0;0;2;4;2;B01
2,018E+11;2;7;0;0;2;2;6;A01
2,018E+11;2;33;0;0;2;8;1;B01
2,018E+11;1;7;0;0;0;9;1;A01
2,018E+11;1;7;0;0;2;2;2;C01
2,018E+11;1;37;1;0;2;4;2;D01
2,018E+11;1;14;0;0;2;1;2;A01
2,018E+11;1;14;0;0;2;4;2;B01
2,018E+11;2;31;0;0;2;1;3;A01
2,018E+11;2;7;0;0;2;4;12;B01
2,018E+11;2;7;0;0;2;4;2;B01
2,018E+11;2;33;0;0;2;1;2;A01
2,018E+11;2;10;0;0;2;4;2;C01
2,018E+11;1;33;0;0;0;8;1;A01
2,018E+11;2;7;0;0;2;4;2;B01
2,018E+11;2;7;0;0;2;1;1;A01
2,018E+11;1;7;0;4;0;1;21;A01
2,018E+11;2;7;0;3;2;4;1;A01
2,018E+11;2;7;0;0;2;2;12;B01
2,018E+11;1;10;0;0;2;4;2;B01
2,018E+11;1;7;0;0;2;1;2;A01
2,018E+11;2;7;0;0;2;1;2;A01
2,018E+11;2;7;0;0;2;4;2;B01
2,018E+11;2;7;0;0;2;8;0;B01
2,018E+11;2;34;0;0;2;2;3;A01
2,018E+11;2;17;0;0;2;2;12;B01
2,018E+11;2;7;0;0;2;6;2;D01
2,018E+11;2;7;0;0;2;1;1;C01
2,018E+11;2;7;0;0;2;8;2;A01
2,018E+11;2;10;0;0;2;1;1;A01
2,018E+11;2;7;0;0;2;4;2;B01
2,018E+11;2;7;0;4;0;1;14;A01
2,018E+11;1;7;0;4;2;1;14;A01
2,018E+11;1;7;0;0;2;7;11;B01
2,018E+11;1;10;0;4;2;4;2;A01
2,018E+11;1;10;0;4;2;1;1;B01
2,018E+11;2;7;0;4;0;1;14;A01
2,018E+11;2;7;0;0;2;4;2;B01
2,018E+11;2;7;0;0;2;5;2;C01
2,018E+11;2;32;0;0;2;1;1;A01
2,018E+11;2;7;0;3;0;2;14;A01
2,018E+11;1;10;0;0;2;4;2;C01
2,018E+11;1;10;0;0;2;1;2;A01
2,018E+11;1;7;0;0;2;4;2;B01
2,018E+11;2;7;0;0;2;6;11;B01
2,018E+11;2;33;0;0;2;7;1;A01
2,018E+11;2;10;0;0;2;6;2;B01
2,018E+11;2;16;0;0;2;7;2;C01
2,018E+11;2;33;0;0;2;1;2;A01
2,018E+11;1;7;0;4;0;1;2;A01
2,018E+11;2;33;0;0;0;1;2;A01
2,018E+11;2;32;0;0;2;1;2;B01
2,018E+11;2;7;0;0;2;6;2;A01
2,018E+11;2;33;0;4;0;7;0;A01
2,018E+11;1;7;0;4;0;2;1;A01
2,018E+11;2;7;0;4;0;3;1;A01
2,018E+11;1;7;0;0;2;1;1;A01
2,018E+11;1;7;0;0;2;4;2;B01
2,018E+11;2;7;0;4;0;1;0;A01
2,018E+11;2;7;0;4;0;2;14;A01
2,018E+11;2;7;0;0;2;7;12;A01
2,018E+11;2;17;0;0;2;8;1;C01
2,018E+11;2;33;0;0;2;9;3;B01
2,018E+11;1;7;0;0;2;2;1;A01
2,018E+11;1;7;0;14;2;8;11;B01
2,018E+11;1;7;0;4;0;1;14;A01
2,018E+11;2;7;0;3;0;3;0;A01
2,018E+11;1;7;0;0;2;2;14;A01
2,018E+11;1;7;0;0;2;6;1;B01
2,018E+11;1;7;0;0;2;5;12;A01
2,018E+11;1;33;0;0;2;3;1;B01
2,018E+11;1;10;0;0;2;5;2;B01
2,018E+11;1;7;0;0;2;3;11;A01
2,018E+11;1;10;0;0;2;4;2;C01
2,018E+11;1;10;0;0;2;1;1;Z01
2,018E+11;1;10;0;0;2;4;2;A01
2,018E+11;1;7;0;0;2;4;2;B01
2,018E+11;1;99;0;0;2;3;2;A01
2,018E+11;1;7;0;0;2;5;23;C01
2,018E+11;1;7;0;0;2;4;23;B01
2,018E+11;1;7;0;0;2;1;2;Z01
2,018E+11;2;7;0;0;2;4;2;B01
2,018E+11;2;10;0;0;2;1;2;A01
2,018E+11;2;7;0;0;2;4;2;C01
2,018E+11;1;7;0;0;2;1;2;A01
2,018E+11;1;7;0;0;2;4;2;C01
2,018E+11;1;7;0;0;2;4;2;B01
2,018E+11;1;7;0;3;0;3;13;A01
2,018E+11;1;7;0;0;2;1;2;A01
2,018E+11;1;10;0;0;2;4;2;C01
2,018E+11;1;7;0;0;2;4;2;B01
2,018E+11;2;7;0;0;2;1;1;A01
2,018E+11;2;7;0;0;2;4;2;B01
2,018E+11;2;7;0;0;2;4;2;C01
2,018E+11;2;7;0;0;2;1;2;A01
2,018E+11;2;7;0;0;2;4;2;B01
2,018E+11;2;7;0;0;2;4;2;C01
2,018E+11;2;7;0;0;2;4;2;D01
2,018E+11;2;38;1;0;2;1;1;A01
2,018E+11;2;7;0;0;2;4;2;B01
2,018E+11;2;7;0;0;2;4;2;C01
2,018E+11;2;33;0;0;0;0;1;A01
2,018E+11;1;33;0;14;0;8;0;A01
2,018E+11;1;7;0;0;2;6;1;B01
2,018E+11;1;17;0;0;2;2;12;A01
2,018E+11;2;33;0;0;2;1;3;A01
2,018E+11;2;7;0;0;2;2;12;B01
2,018E+11;1;7;0;3;0;1;1;A01
2,018E+11;1;7;0;4;0;2;15;A01
2,018E+11;2;7;0;0;2;0;0;A01
2,018E+11;2;33;0;0;2;0;0;B01
2,018E+11;1;7;0;0;2;5;12;B01
2,018E+11;1;33;0;0;2;3;18;A01
2,018E+11;1;7;0;0;2;1;1;A01
2,018E+11;1;7;0;0;2;4;2;B01
2,018E+11;1;10;0;0;2;4;2;C01
2,018E+11;1;7;0;0;2;4;2;D01
2,018E+11;1;7;0;0;2;4;1;B01
2,018E+11;1;7;0;0;2;1;14;A01
2,018E+11;1;7;0;0;2;6;1;C01
2,018E+11;2;7;0;0;2;1;1;A01
2,018E+11;2;7;0;0;2;4;2;B01
2,018E+11;2;14;0;0;2;6;2;D01
2,018E+11;2;7;0;0;2;8;11;B01
2,018E+11;2;7;0;0;2;5;2;C01
2,018E+11;2;33;0;0;2;7;3;A01
2,018E+11;2;7;0;0;2;7;12;A01
2,018E+11;2;33;0;0;2;8;2;B01
2,018E+11;2;7;0;4;0;6;1;A01
2,018E+11;2;7;0;0;2;4;2;B01
2,018E+11;2;10;0;0;2;1;1;A01
2,018E+11;1;33;0;4;0;1;14;A01
2,018E+11;1;16;0;0;2;1;1;A01
2,018E+11;1;10;0;0;2;4;2;B01
2,018E+11;2;7;0;0;2;1;2;A01
2,018E+11;2;10;0;0;2;4;1;B01
2,018E+11;2;10;0;0;2;4;1;C01
2,018E+11;1;7;0;0;2;4;2;A01
2,018E+11;1;7;0;0;2;1;2;B01
2,018E+11;2;7;0;4;0;3;13;A01
2,018E+11;1;7;0;4;0;1;1;A01
2,018E+11;1;7;0;4;0;1;1;A01
2,018E+11;2;10;0;0;2;1;1;B01
2,018E+11;2;7;0;4;2;1;1;A01
2,018E+11;1;7;0;4;0;3;1;A01
2,018E+11;2;7;0;4;0;3;0;A01
2,018E+11;2;10;0;0;2;3;12;A01
2,018E+11;2;7;0;3;2;5;1;B01
2,018E+11;2;7;0;4;0;9;1;A01
2,018E+11;2;7;0;3;0;2;0;A01
2,018E+11;2;7;0;4;0;3;2;A01
2,018E+11;1;7;0;4;0;3;11;A01
2,018E+11;1;7;0;4;0;9;1;A01
2,018E+11;2;31;0;0;2;3;3;A01
2,018E+11;2;7;0;4;0;1;1;A01
2,018E+11;1;7;0;4;0;4;2;A01
2,018E+11;2;32;0;0;2;8;3;B01
2,018E+11;2;7;0;0;2;7;12;A01
2,018E+11;1;31;0;3;0;7;1;A01
2,018E+11;2;10;0;0;2;5;13;A01
2,018E+11;2;33;0;0;2;8;18;B01
2,018E+11;2;17;0;0;2;4;2;A01
2,018E+11;2;10;0;0;2;4;2;C01
2,018E+11;2;7;0;0;2;4;2;B01
2,018E+11;2;7;0;0;2;1;2;D01
2,018E+11;2;10;0;4;2;1;2;A01
2,018E+11;2;17;0;0;2;4;2;C01
2,018E+11;2;14;0;0;2;5;2;B01
2,018E+11;2;33;0;0;2;1;3;B01
2,018E+11;2;7;0;0;2;8;11;A01
2,018E+11;1;33;0;14;0;7;2;A01
2,018E+11;2;33;0;0;2;1;2;A01
2,018E+11;2;7;0;0;2;4;23;B01
2,018E+11;2;7;0;0;2;1;2;A01
2,018E+11;2;7;0;0;2;4;2;B01
2,018E+11;2;7;0;0;2;5;12;B01
2,018E+11;2;33;0;0;2;3;3;A01
2,018E+11;1;34;0;0;2;1;12;A01
2,018E+11;1;7;0;0;2;5;1;B01
2,018E+11;1;7;0;4;0;3;1;A01
2,018E+11;1;7;0;0;2;4;12;B01
2,018E+11;1;33;0;0;2;1;3;A01
2,018E+11;2;33;0;0;2;4;0;A01
2,018E+11;2;7;0;0;2;1;0;Z01
2,018E+11;2;7;0;4;0;9;1;A01
2,018E+11;1;7;0;0;2;4;2;B01
2,018E+11;1;7;0;0;2;4;21;A01
2,018E+11;1;7;0;4;0;1;1;A01
2,018E+11;2;7;0;1;0;1;1;B01
2,018E+11;2;7;0;0;2;8;23;A01
2,018E+11;1;7;0;0;2;4;2;B01
2,018E+11;1;7;0;0;2;1;2;A01
2,018E+11;1;7;0;3;0;1;1;A01
2,018E+11;1;33;0;0;2;1;1;D01
2,018E+11;1;7;0;0;2;1;1;A01
2,018E+11;1;7;0;0;2;4;2;C01
2,018E+11;1;7;0;0;2;4;2;B01
2,018E+11;1;7;0;0;2;4;2;B01
2,018E+11;1;10;0;0;2;1;1;A01
2,018E+11;1;7;0;0;2;7;12;A01
2,018E+11;1;33;0;0;2;8;3;B01
2,018E+11;2;7;0;0;2;4;0;B01
2,018E+11;2;7;0;0;2;1;0;A01
2,018E+11;1;7;0;0;2;5;2;A01
2,018E+11;1;10;0;0;2;0;0;Z01
2,018E+11;1;7;0;0;2;5;2;B01
2,018E+11;1;33;0;0;2;1;1;A01
2,018E+11;1;7;0;0;2;4;12;A01
2,018E+11;1;33;0;0;2;1;1;B01
2,018E+11;2;7;0;0;2;1;1;B01
2,018E+11;2;10;0;0;2;4;2;A01
2,018E+11;2;31;0;0;2;7;3;A01
2,018E+11;2;7;0;0;2;8;11;B01
2,018E+11;2;10;0;1;0;2;12;B01
2,018E+11;2;10;0;0;2;6;23;A01
2,018E+11;1;33;0;0;2;2;2;A01
2,018E+11;1;7;0;0;2;3;2;B01
2,018E+11;2;7;0;3;0;1;1;A01
2,018E+11;1;7;0;4;0;3;11;A01
2,018E+11;1;7;0;0;2;7;12;A01
2,018E+11;1;32;0;0;2;8;3;B01
2,018E+11;2;7;0;4;0;1;2;A01
2,018E+11;2;7;0;0;2;4;2;C01
2,018E+11;2;7;0;0;2;4;2;B01
2,018E+11;2;7;0;0;2;1;1;A01
2,018E+11;2;7;0;0;2;2;1;B01
2,018E+11;2;7;0;0;2;1;18;A01
2,018E+11;1;7;0;2;0;0;1;A01
2,018E+11;1;7;0;0;2;4;2;A01
2,018E+11;1;10;0;0;2;1;1;B01
2,018E+11;1;7;0;4;0;0;0;A01
2,018E+11;2;33;0;4;0;3;13;A01
2,018E+11;1;7;0;0;2;5;2;C01
2,018E+11;1;7;0;0;2;1;2;A01
2,018E+11;1;7;0;0;2;4;2;B01
2,018E+11;2;7;0;1;2;8;13;C01
2,018E+11;2;7;0;1;2;7;1;A01
2,018E+11;2;7;0;0;2;1;23;B01
2,018E+11;2;7;0;0;2;4;1;B01
2,018E+11;2;10;0;4;2;1;1;A01
2,018E+11;2;7;0;4;0;2;1;A01
2,018E+11;1;32;0;16;0;3;13;A01
2,018E+11;1;7;0;3;0;1;1;A01
2,018E+11;2;7;0;0;0;1;1;A01
2,018E+11;2;33;0;0;2;7;3;A01
2,018E+11;2;15;0;0;2;8;1;B01
2,018E+11;2;7;0;4;0;1;1;A01
2,018E+11;1;10;0;4;0;2;13;A01
2,018E+11;2;7;0;4;0;3;1;A01
2,018E+11;2;7;0;3;0;1;15;A01
2,018E+11;2;33;0;0;2;1;13;A01
2,018E+11;2;7;0;0;2;4;1;B01
2,018E+11;2;7;0;0;2;4;2;B01
2,018E+11;2;7;0;0;2;1;1;A01
2,018E+11;1;32;0;0;2;1;2;A01
2,018E+11;1;7;0;0;2;4;2;B01
2,018E+11;2;10;0;4;0;2;14;A01
2,018E+11;1;33;0;0;2;2;12;A01
2,018E+11;1;7;0;0;2;6;1;B01
2,018E+11;1;7;0;0;2;7;12;Z01
2,018E+11;1;33;0;0;2;8;3;A01
2,018E+11;1;7;0;0;2;6;1;B01
2,018E+11;1;15;0;0;2;1;1;A01
2,018E+11;1;17;0;0;2;4;2;B01
2,018E+11;2;7;0;0;2;3;1;B01
2,018E+11;2;14;0;0;2;2;14;A01
2,018E+11;2;7;0;0;2;4;2;B01
2,018E+11;2;34;0;0;2;1;2;A01
2,018E+11;1;10;0;0;2;4;1;B01
2,018E+11;1;7;0;0;2;1;1;A01
2,018E+11;1;7;0;0;2;1;14;A01
2,018E+11;1;7;0;0;2;6;2;B01
2,018E+11;1;7;0;0;2;7;23;A01
2,018E+11;1;7;0;0;2;1;1;C01
2,018E+11;1;17;0;4;2;1;21;B01
2,018E+11;1;7;0;14;0;1;1;E01
2,018E+11;1;7;0;0;2;4;2;D01
2,018E+11;2;7;0;4;0;3;1;A01
2,018E+11;2;10;0;0;2;8;1;D01
2,018E+11;2;7;0;0;2;4;1;B01
2,018E+11;2;7;0;0;2;1;1;C01
2,018E+11;1;7;0;0;2;1;1;B01
2,018E+11;1;7;0;0;2;4;14;A01
2,018E+11;1;7;0;0;2;1;2;A01
2,018E+11;1;7;0;0;2;4;2;D01
2,018E+11;1;7;0;0;2;4;2;C01
2,018E+11;1;7;0;0;2;4;2;B01
2,018E+11;1;7;0;0;2;4;2;E01
2,018E+11;2;7;0;0;2;1;21;A01
2,018E+11;2;10;0;0;2;4;0;B01
2,018E+11;1;7;0;3;0;1;0;A01
2,018E+11;1;7;0;3;0;1;1;A01
2,018E+11;2;7;0;4;0;1;17;A01
2,018E+11;2;7;0;4;0;1;1;A01
2,018E+11;2;7;0;0;2;1;1;B01
2,018E+11;2;7;0;0;2;6;14;A01
2,018E+11;2;7;0;4;0;1;1;A01
2,018E+11;1;7;0;4;0;1;1;A01
2,018E+11;2;7;0;3;0;1;11;A01
2,018E+11;2;7;0;0;2;4;2;A01
2,018E+11;2;7;0;0;2;4;2;B01
2,018E+11;2;7;0;0;2;1;1;C01
2,018E+11;1;7;0;4;0;1;1;A01
2,018E+11;2;32;0;0;2;1;2;A01
2,018E+11;2;7;0;0;2;4;0;B01
2,018E+11;2;17;0;0;2;4;2;B01
2,018E+11;2;7;0;0;2;1;2;A01
2,018E+11;2;7;0;4;0;3;11;A01
2,018E+11;2;7;0;4;0;3;11;A01
2,018E+11;2;15;0;0;2;1;2;A01
2,018E+11;2;7;0;0;2;4;2;B01
2,018E+11;2;33;0;0;0;0;0;A01
2,018E+11;2;7;0;4;0;1;13;A01
2,018E+11;1;10;0;0;2;5;2;B01
2,018E+11;1;7;0;0;2;1;2;C01
2,018E+11;1;7;0;0;2;3;1;A01
2,018E+11;1;33;0;0;2;1;2;B01
2,018E+11;1;7;0;0;2;4;23;A01
2,018E+11;1;33;0;0;2;1;9;A01
2,018E+11;1;7;0;0;2;6;23;B01
2,018E+11;1;37;33;13;0;2;14;A01
2,018E+11;1;7;0;0;2;1;2;A01
2,018E+11;1;7;0;0;2;4;2;B01
2,018E+11;2;17;0;1;0;2;2;B01
2,018E+11;2;7;0;0;2;6;23;A01
2,018E+11;2;7;0;4;0;2;14;A01
2,018E+11;2;16;0;0;2;8;1;B01
2,018E+11;2;10;0;0;2;3;17;A01
2,018E+11;2;15;0;0;2;7;1;C01
2,018E+11;2;33;0;16;0;2;3;A01
2,018E+11;1;7;0;0;2;4;2;A01
2,018E+11;1;7;0;0;2;4;2;B01
2,018E+11;1;7;0;0;2;1;2;C01
2,018E+11;1;7;0;0;2;1;2;D01
2,018E+11;1;7;0;0;2;1;2;A01
2,018E+11;1;7;0;0;2;4;2;B01
2,018E+11;2;33;0;16;0;8;1;A01
2,018E+11;2;10;0;0;2;1;1;A01
2,018E+11;2;7;0;0;2;4;1;B01
2,018E+11;2;7;0;0;2;1;0;A01
2,018E+11;2;10;0;0;2;4;0;B01
2,018E+11;2;7;0;12;2;9;1;B01
2,018E+11;2;7;0;0;2;1;9;A01
2,018E+11;2;7;0;4;0;1;11;A01
2,018E+11;2;7;0;4;0;7;12;A01
2,018E+11;2;7;0;4;0;8;2;A01
2,018E+11;2;7;0;4;2;9;13;A01
2,018E+11;2;10;0;4;2;1;1;B01
2,018E+11;2;7;0;0;2;1;1;A01
2,018E+11;2;33;0;0;2;4;2;B01
2,018E+11;1;7;0;0;2;6;2;B01
2,018E+11;1;16;0;0;2;2;2;A01
2,018E+11;1;7;0;0;2;4;2;C01
2,018E+11;1;7;0;0;2;4;2;B01
2,018E+11;1;10;0;0;2;1;2;A01
2,018E+11;1;7;0;0;2;1;2;D01
2,018E+11;1;31;0;0;2;3;2;A01
2,018E+11;1;7;0;0;2;2;12;B01
2,018E+11;2;17;0;0;2;1;2;A01
2,018E+11;2;7;0;0;2;1;2;D01
2,018E+11;2;10;0;0;2;2;2;C01
2,018E+11;2;7;0;0;2;3;2;B01
2,018E+11;2;17;0;0;2;6;2;A01
2,018E+11;2;10;0;0;2;2;21;B01
2,018E+11;1;7;0;0;2;1;2;A01
2,018E+11;1;7;0;0;2;4;2;B01
2,018E+11;1;7;0;0;2;4;2;C01
2,018E+11;2;7;0;0;2;5;23;B01
2,018E+11;2;32;0;0;2;1;2;A01
2,018E+11;1;7;0;0;2;4;1;D01
2,018E+11;1;10;0;0;2;1;1;A01
2,018E+11;1;7;0;0;2;4;1;C01
2,018E+11;1;7;0;0;2;4;1;B01
2,018E+11;2;7;0;0;2;1;21;A01
2,018E+11;2;7;0;0;2;5;1;B01
2,018E+11;1;7;0;0;2;7;12;A01
2,018E+11;1;33;0;0;2;8;3;B01
2,018E+11;2;7;0;0;2;4;1;B01
2,018E+11;2;14;0;0;2;1;1;A01
2,018E+11;1;7;0;4;0;1;17;A01
2,018E+11;1;7;0;4;0;2;12;A01
2,018E+11;2;7;0;0;2;4;2;A01
2,018E+11;2;7;0;0;2;1;2;B01
2,018E+11;2;33;0;0;2;7;2;A01
2,018E+11;2;10;0;0;2;0;13;Z01
2,018E+11;2;10;0;0;2;4;2;C01
2,018E+11;2;7;0;0;2;1;2;A01
2,018E+11;2;7;0;0;2;4;2;B01
2,018E+11;1;7;0;4;0;3;11;A01
2,018E+11;1;7;0;0;2;4;23;B01
2,018E+11;1;10;0;0;2;1;1;A01
2,018E+11;2;7;0;4;0;3;13;A01
2,018E+11;2;7;0;4;0;3;9;A01
2,018E+11;2;7;0;4;0;1;1;A01
2,018E+11;1;7;0;0;2;6;1;A01
2,018E+11;1;7;0;0;2;8;1;B01
2,018E+11;1;33;0;0;2;1;2;A01
2,018E+11;1;33;0;0;2;4;2;B01
2,018E+11;2;10;0;0;2;8;11;A01
2,018E+11;2;34;0;0;2;2;1;B01
2,018E+11;1;31;0;0;0;0;0;A01
2,018E+11;2;7;0;3;0;7;14;A01
2,018E+11;1;7;0;0;2;8;1;A01
2,018E+11;1;10;0;0;2;1;1;C01
2,018E+11;1;10;0;0;2;4;2;B01
2,018E+11;1;7;0;16;0;9;21;A01
2,018E+11;2;34;0;15;0;3;21;A01
2,018E+11;2;7;0;0;2;2;12;A01
2,018E+11;2;33;0;0;2;3;1;B01
2,018E+11;1;7;0;0;2;3;2;B01
2,018E+11;1;7;0;0;2;5;2;A01
2,018E+11;1;7;0;0;2;4;2;B01
2,018E+11;1;7;0;0;2;1;1;A01
2,018E+11;1;7;0;0;2;1;2;C01
2,018E+11;1;3;0;0;2;4;2;B01
2,018E+11;1;10;0;0;2;1;1;A01
2,018E+11;2;7;0;4;0;9;0;A01
2,018E+11;1;10;0;4;2;3;2;B01
2,018E+11;1;10;0;0;2;1;12;A01
2,018E+11;1;10;0;0;6;1;2;C01
2,018E+11;2;7;0;0;2;8;2;B01
2,018E+11;2;33;0;0;2;1;2;A01
2,018E+11;2;7;0;4;0;2;0;A01
2,018E+11;2;7;0;0;2;4;2;B01
2,018E+11;2;7;0;0;2;1;2;A01
2,018E+11;2;7;0;0;2;2;12;A01
2,018E+11;2;7;0;0;2;6;1;B01
2,018E+11;2;7;0;4;0;3;13;A01
2,018E+11;1;7;0;0;2;1;2;A01
2,018E+11;1;7;0;0;2;4;2;B01
2,018E+11;1;7;0;4;0;3;13;A01
2,018E+11;2;7;0;4;0;2;1;A01
2,018E+11;1;17;0;4;0;1;21;A01
2,018E+11;2;7;0;4;0;3;0;A01
2,018E+11;2;7;0;4;0;1;14;A01
2,018E+11;2;7;0;4;2;1;14;A01
2,018E+11;2;7;0;3;0;1;2;A01
2,018E+11;2;7;0;0;2;1;2;A01
2,018E+11;2;7;0;0;2;4;2;B01
2,018E+11;1;7;0;3;2;1;2;A01
2,018E+11;2;7;0;0;2;6;2;B01
2,018E+11;2;10;0;0;2;1;2;A01
2,018E+11;1;7;0;0;2;4;2;B01
2,018E+11;1;7;0;0;2;1;1;A01
2,018E+11;1;7;0;0;2;4;2;A01
2,018E+11;1;7;0;0;2;1;2;B01
2,018E+11;2;7;0;0;2;2;12;B01
2,018E+11;2;33;0;0;2;3;3;A01
2,018E+11;2;7;0;0;2;8;23;A01
2,018E+11;2;7;0;0;2;5;23;B01
2,018E+11;2;34;0;0;2;1;3;C01
2,018E+11;2;33;0;0;2;1;2;A01
2,018E+11;2;7;0;0;2;5;2;B01
2,018E+11;1;33;0;0;2;1;1;A01
2,018E+11;1;7;0;0;2;4;11;B01
2,018E+11;2;7;0;4;0;1;9;A01
2,018E+11;1;7;0;4;0;2;14;A01
2,018E+11;1;7;0;0;2;5;12;Z01
2,018E+11;1;33;0;0;2;3;3;A01
2,018E+11;1;7;0;1;2;1;1;C01
2,018E+11;1;7;0;1;0;1;21;B01
2,018E+11;1;7;0;0;2;1;23;Z01
2,018E+11;1;7;0;4;0;1;1;A01
2,018E+11;2;7;0;0;2;4;2;C01
2,018E+11;2;7;0;0;2;1;2;A01
2,018E+11;2;10;0;0;2;4;2;B01
2,018E+11;2;7;0;4;0;1;0;A01
2,018E+11;1;7;0;4;2;1;1;A01
2,018E+11;2;7;0;4;0;2;7;A01
2,018E+11;2;7;0;3;0;1;1;A01
2,018E+11;1;7;0;0;2;1;1;A01
2,018E+11;1;7;0;0;2;4;1;B01
2,018E+11;2;10;0;0;2;4;1;B01
2,018E+11;2;7;0;0;2;4;1;C01
2,018E+11;2;10;0;0;2;1;1;A01
2,018E+11;2;10;0;0;2;4;1;E01
2,018E+11;2;7;0;0;2;4;1;D01
2,018E+11;2;31;0;0;0;7;12;A01
2,018E+11;1;7;0;0;0;7;12;A01
2,018E+11;1;33;0;0;2;8;3;B01
2,018E+11;1;7;0;0;2;6;2;C01
2,018E+11;1;7;0;0;2;7;1;D01
2,018E+11;1;33;0;0;0;7;14;A01
2,018E+11;2;32;0;0;0;8;21;A01
2,018E+11;2;7;0;0;2;3;11;A01
2,018E+11;2;7;0;0;2;2;1;B01
2,018E+11;1;10;0;0;2;1;2;A01
2,018E+11;2;7;0;0;2;1;2;A01
2,018E+11;2;7;0;0;2;4;2;B01
2,018E+11;2;7;0;0;2;4;2;C01
2,018E+11;1;7;0;0;2;8;0;C01
2,018E+11;1;7;0;0;2;6;0;B01
2,018E+11;1;7;0;0;2;1;0;A01
2,018E+11;1;7;0;3;0;1;1;A01
2,018E+11;2;7;0;0;0;0;11;A01
2,018E+11;2;33;0;0;2;0;21;B01
2,018E+11;1;14;0;0;2;2;16;A01
2,018E+11;1;7;0;0;2;6;1;B01
2,018E+11;2;7;0;0;2;4;1;C01
2,018E+11;1;7;0;0;2;1;1;A01
2,018E+11;1;7;0;0;2;4;1;B01
2,018E+11;2;7;0;0;2;2;12;A01
2,018E+11;2;7;0;0;2;6;1;C01
2,018E+11;2;33;0;0;2;3;3;B01
2,018E+11;2;34;0;0;2;9;3;A01
2,018E+11;2;14;0;0;6;0;1;B01
2,018E+11;2;7;0;0;6;5;1;C01
2,018E+11;0;32;0;0;0;7;2;A01
2,018E+11;2;14;0;0;2;2;14;A01
2,018E+11;2;7;0;0;2;3;2;B01
2,018E+11;1;7;0;3;2;2;14;A01
2,018E+11;1;7;0;3;2;1;1;B01
2,018E+11;2;7;0;0;2;4;1;C01