Num_Acc;senc;catv;occutc;obs;obsm;choc;manv;num_veh
2,018E+11;2;7;0;0;2;8;1;B01
2,018E+11;1;33;0;0;0;7;0;A01
2,018E+11;2;7;0;3;0;3;1;A01
2,018E+11;1;7;0;3;0;1;1;A01
2,018E+11;2;7;0;0;2;1;1;A01
2,018E+11;2;7;0;0;2;4;2;B01
2,018E+11;1;7;0;0;2;1;21;A01
2,018E+11;1;7;0;0;2;1;2;C01
2,018E+11;1;15;0;0;2;6;24;B01
2,018E+11;1;7;0;0;2;2;2;Z01
2,018E+11;1;7;0;0;2;6;2;A01
2,018E+11;2;7;0;0;2;4;1;B01
2,018E+11;2;10;0;0;2;1;1;A01
2,018E+11;1;7;0;0;2;4;2;C01
2,018E+11;1;7;0;0;2;1;1;A01
2,018E+11;1;7;0;0;2;4;2;B01
2,018E+11;1;15;0;0;2;2;9;B01
2,018E+11;1;14;0;0;2;1;1;A01
2,018E+11;1;7;0;0;2;2;1;C01
2,018E+11;1;33;0;0;2;4;1;D01
2,018E+11;1;7;0;0;2;4;2;C01
2,018E+11;1;10;0;0;2;1;1;A01
2,018E+11;1;7;0;0;2;4;2;B01
2,018E+11;2;10;0;3;0;8;1;A01
2,018E+11;2;7;0;0;2;5;2;B01
2,018E+11;2;7;0;0;2;3;9;A01
2,018E+11;1;33;0;0;2;2;1;B01
2,018E+11;1;10;0;0;2;3;11;A01
2,018E+11;2;7;0;3;0;1;1;A01
2,018E+11;1;34;0;0;0;8;16;A01
2,018E+11;1;7;0;13;0;1;21;A01
2,018E+11;2;7;0;4;0;2;1;A01
2,018E+11;2;7;0;4;0;8;0;A01
2,018E+11;1;7;0;3;0;1;0;A01
2,018E+11;2;31;0;0;2;2;14;A01
2,018E+11;2;10;0;0;2;8;1;B01
2,018E+11;1;10;0;0;2;4;2;C01
2,018E+11;1;7;0;0;2;4;2;B01
2,018E+11;1;10;0;0;2;1;1;A01
2,018E+11;2;7;0;0;2;4;1;B01
2,018E+11;2;14;0;0;2;1;1;A01
2,018E+11;2;31;0;0;2;7;3;B01
2,018E+11;2;7;0;0;2;3;11;A01
2,018E+11;2;7;0;0;2;4;12;A01
2,018E+11;2;10;0;0;6;1;1;C01
2,018E+11;2;34;0;0;2;1;3;B01
2,018E+11;2;7;0;0;2;8;11;A01
2,018E+11;2;31;0;0;2;1;3;B01
2,018E+11;2;7;0;13;0;7;1;A01
2,018E+11;2;15;0;0;2;2;1;B01
2,018E+11;2;99;0;0;2;8;1;A01
2,018E+11;2;7;0;0;2;4;2;C01
2,018E+11;2;7;0;0;2;4;2;B01
2,018E+11;2;7;0;0;2;1;1;A01
2,018E+11;2;7;0;0;2;3;11;A01
2,018E+11;2;31;0;0;2;2;3;B01
2,018E+11;2;7;0;0;2;1;2;A01
2,018E+11;2;7;0;0;2;4;2;B01
2,018E+11;2;7;0;4;2;4;0;B01
2,018E+11;2;7;0;4;2;1;2;A01
2,018E+11;2;33;0;0;2;1;3;A01
2,018E+11;2;7;0;0;2;4;2;B01
2,018E+11;2;7;0;0;2;8;9;A01
2,018E+11;0;15;0;0;2;1;1;Z01
2,018E+11;1;7;0;0;2;4;2;C01
2,018E+11;1;7;0;0;2;4;21;B01
2,018E+11;1;7;0;0;2;1;1;A01
2,018E+11;1;7;0;0;2;3;1;A01
2,018E+11;1;7;0;0;2;5;1;B01
2,018E+11;1;33;0;0;2;3;3;C01
2,018E+11;2;7;0;0;2;2;12;B01
2,018E+11;2;32;0;0;2;3;3;A01
2,018E+11;2;7;0;0;2;8;11;B01
2,018E+11;2;33;0;0;2;7;1;A01
2,018E+11;1;33;0;0;2;1;3;A01
2,018E+11;1;7;0;0;2;6;11;B01
2,018E+11;1;7;0;0;2;4;2;C01
2,018E+11;1;7;0;0;2;1;1;A01
2,018E+11;1;7;0;4;0;1;1;A01
2,018E+11;1;7;0;0;2;1;1;A01
2,018E+11;1;7;0;0;2;4;1;B01
2,018E+11;1;7;0;3;0;1;21;A01
2,018E+11;2;7;0;3;0;2;0;A01
2,018E+11;1;33;0;16;0;7;1;A01
2,018E+11;2;7;0;0;2;1;1;B01
2,018E+11;1;7;0;0;2;1;13;A01
2,018E+11;2;34;0;16;0;1;21;A01
2,018E+11;1;7;0;0;2;4;2;C01
2,018E+11;1;7;0;0;2;1;1;A01
2,018E+11;1;7;0;0;2;4;2;B01
2,018E+11;2;7;0;0;2;6;1;B01
2,018E+11;2;14;0;0;2;2;12;A01
2,018E+11;1;10;0;4;0;3;9;A01
2,018E+11;2;7;0;0;2;4;1;B01
2,018E+11;2;7;0;0;2;2;1;A01
2,018E+11;1;7;0;0;2;5;12;B01
2,018E+11;1;7;0;0;2;4;1;C01
2,018E+11;1;33;0;0;2;3;3;A01
2,018E+11;1;7;0;0;2;6;11;A01
2,018E+11;1;33;0;0;2;1;3;B01
2,018E+11;1;7;0;4;2;4;2;B01
2,018E+11;1;10;0;0;2;1;1;A01
2,018E+11;2;7;0;0;2;1;1;A01
2,018E+11;2;7;0;0;2;4;2;C01
2,018E+11;2;7;0;0;2;4;2;B01
2,018E+11;2;7;0;0;2;1;1;A01
2,018E+11;2;7;0;0;2;4;1;B01
2,018E+11;2;33;0;0;0;9;0;A01
2,018E+11;1;7;0;4;0;1;14;A01
2,018E+11;1;33;0;0;2;1;13;A01
2,018E+11;1;7;0;0;2;4;1;B01
2,018E+11;1;7;0;0;2;1;1;A01
2,018E+11;1;7;0;0;2;4;2;B01
2,018E+11;1;31;0;0;2;1;3;B01
2,018E+11;1;7;0;0;2;5;12;A01
2,018E+11;2;15;0;0;2;2;12;A01
2,018E+11;2;7;0;0;2;6;9;B01
2,018E+11;1;33;0;0;0;7;16;A01
2,018E+11;2;7;0;0;2;4;1;B01
2,018E+11;2;10;0;0;2;3;1;A01
2,018E+11;2;7;0;0;0;4;1;C01
2,018E+11;2;7;0;0;2;4;2;B01
2,018E+11;2;7;0;0;2;1;1;A01
2,018E+11;2;33;0;0;2;8;3;B01
2,018E+11;2;10;0;0;2;7;12;A01
2,018E+11;2;7;0;0;2;6;1;C01
2,018E+11;2;7;0;3;0;1;14;A01
2,018E+11;2;7;0;0;2;7;1;B01
2,018E+11;2;10;0;4;0;2;1;A01
2,018E+11;1;7;0;0;2;3;1;A01
2,018E+11;1;7;0;0;2;5;23;B01
2,018E+11;1;7;0;0;2;2;1;C01
2,018E+11;2;7;0;0;2;5;12;A01
2,018E+11;0;33;0;0;2;3;3;B01
2,018E+11;2;7;0;0;2;4;2;E01
2,018E+11;2;7;0;0;2;6;2;B01
2,018E+11;2;10;0;0;2;1;1;A01
2,018E+11;2;7;0;0;2;4;2;D01
2,018E+11;2;7;0;0;2;4;2;C01
2,018E+11;2;10;0;0;2;1;2;A01
2,018E+11;2;7;0;0;2;4;1;B01
2,018E+11;1;10;0;0;2;4;4;A01
2,018E+11;1;10;0;0;2;1;1;B01
2,018E+11;1;10;0;0;2;1;1;C01
2,018E+11;2;33;0;0;0;7;13;A01
2,018E+11;2;33;0;0;2;8;3;B01
2,018E+11;2;7;0;0;2;7;12;A01
2,018E+11;2;7;0;0;2;1;13;C01
2,018E+11;2;7;0;0;2;5;9;A01
2,018E+11;2;15;0;0;2;3;12;B01
2,018E+11;2;33;0;0;2;3;3;A01
2,018E+11;2;15;0;0;2;7;1;B01
2,018E+11;1;31;0;0;2;8;3;B01
2,018E+11;1;7;0;0;2;7;12;A01
2,018E+11;2;7;0;4;2;8;1;B01
2,018E+11;2;15;0;0;2;2;14;A01
2,018E+11;2;33;0;0;2;1;2;C01
2,018E+11;2;10;0;0;2;7;12;A01
2,018E+11;2;33;0;0;2;8;1;C01
2,018E+11;2;33;0;0;2;8;3;B01
2,018E+11;1;7;0;0;2;1;1;A01
2,018E+11;1;7;0;0;2;4;2;B01
2,018E+11;2;17;0;0;2;4;1;B01
2,018E+11;2;7;0;0;2;1;13;A01
2,018E+11;2;15;0;0;2;1;9;A01
2,018E+11;2;7;0;0;2;4;1;B01
2,018E+11;2;7;0;0;2;4;2;C01
2,018E+11;2;7;0;0;2;4;2;C01
2,018E+11;2;7;0;0;2;4;2;B01
2,018E+11;2;7;0;0;2;5;1;E01
2,018E+11;2;10;0;0;2;1;2;A01
2,018E+11;2;7;0;0;2;4;1;D01
2,018E+11;1;10;0;0;2;7;12;A01
2,018E+11;1;33;0;0;2;8;1;B01
2,018E+11;2;7;0;0;2;3;11;A01
2,018E+11;2;33;0;0;2;2;3;B01
2,018E+11;2;10;0;0;2;1;1;A01
2,018E+11;1;7;0;0;2;4;1;B01
2,018E+11;1;7;0;0;2;1;1;A01
2,018E+11;1;7;0;0;2;6;11;A01
2,018E+11;1;33;0;0;2;2;3;C01
2,018E+11;1;14;0;0;2;1;1;B01
2,018E+11;2;34;0;0;0;7;1;A01
2,018E+11;2;10;0;0;2;5;14;Z01
2,018E+11;2;10;0;0;2;2;1;A01
2,018E+11;1;7;0;0;2;6;1;B01
2,018E+11;1;10;0;0;2;3;14;A01
2,018E+11;2;7;0;13;0;8;12;A01
2,018E+11;1;17;0;4;0;3;1;A01
2,018E+11;2;33;0;0;0;7;1;A01
2,018E+11;2;7;0;16;0;0;1;A01
2,018E+11;2;7;0;3;0;1;13;A01
2,018E+11;1;7;0;0;2;1;1;A01
2,018E+11;1;7;0;0;2;4;2;B01
2,018E+11;2;7;0;0;2;1;2;C01
2,018E+11;2;7;0;0;2;6;1;B01
2,018E+11;2;17;0;0;2;2;12;A01
2,018E+11;2;7;0;0;2;1;1;A01
2,018E+11;2;7;0;0;2;4;2;C01
2,018E+11;2;7;0;0;2;4;2;B01
2,018E+11;2;7;0;0;2;4;2;D01
2,018E+11;1;7;0;0;2;4;1;A01
2,018E+11;1;99;0;0;2;1;1;Z01
2,018E+11;2;7;0;0;2;4;2;B01
2,018E+11;2;13;0;0;2;1;1;A01
2,018E+11;2;7;0;0;2;4;2;B01
2,018E+11;2;7;0;0;2;1;1;A01
2,018E+11;1;10;0;0;2;4;2;B01
2,018E+11;1;10;0;0;2;1;1;A01
2,018E+11;1;7;0;4;0;8;0;A01
2,018E+11;2;7;0;0;2;1;1;A01
2,018E+11;2;7;0;0;2;4;1;B01
2,018E+11;1;7;0;0;2;7;15;B01
2,018E+11;2;7;0;0;2;3;9;A01
2,018E+11;1;10;0;0;2;3;13;A01
2,018E+11;2;10;0;0;2;3;2;B01
2,018E+11;2;10;0;0;2;3;2;C01
2,018E+11;1;7;0;6;9;1;14;A01
2,018E+11;1;7;0;0;2;1;2;A01
2,018E+11;1;10;0;0;2;4;2;B01
2,018E+11;1;10;0;0;2;4;2;C01
2,018E+11;1;7;0;0;0;0;2;A01
2,018E+11;1;33;0;0;9;1;2;B01
2,018E+11;1;10;0;0;1;4;4;A01
2,018E+11;1;7;0;0;2;1;15;B01
2,018E+11;1;30;0;0;2;1;1;A01
2,018E+11;2;7;0;0;2;2;21;A01
2,018E+11;1;7;0;0;2;1;1;B01
2,018E+11;2;31;0;11;0;0;1;A01
2,018E+11;1;7;0;0;1;8;15;A01
2,018E+11;1;7;0;0;2;3;2;A01
2,018E+11;1;7;0;0;2;2;20;B01
2,018E+11;1;33;0;0;1;1;21;A01
2,018E+11;1;30;0;0;2;1;2;A01
2,018E+11;1;7;0;0;2;4;2;B01
2,018E+11;2;31;0;0;2;1;2;A01
2,018E+11;2;7;0;0;2;4;1;B01
2,018E+11;2;7;0;0;9;4;2;C01
2,018E+11;1;10;0;0;2;3;13;A01
2,018E+11;2;7;0;0;2;8;0;B01
2,018E+11;2;10;0;0;2;3;2;A01
2,018E+11;2;33;0;0;2;4;2;B01
2,018E+11;1;7;0;0;2;7;15;A01
2,018E+11;2;33;0;0;2;1;1;B01
2,018E+11;1;7;0;0;1;3;1;A01
2,018E+11;1;7;0;0;1;2;2;A01
2,018E+11;1;7;0;0;2;6;2;A01
2,018E+11;1;7;0;0;2;6;2;B01
2,018E+11;1;7;0;0;1;1;1;A01
2,018E+11;1;10;0;0;2;2;1;A01
2,018E+11;1;7;0;0;2;5;1;B01
2,018E+11;1;7;0;0;0;0;15;C01
2,018E+11;1;7;0;0;2;1;2;A01
2,018E+11;1;7;0;0;2;4;2;B01
2,018E+11;1;7;0;0;2;1;2;A01
2,018E+11;1;7;0;0;2;4;23;B01
2,018E+11;2;33;0;0;2;1;2;A01
2,018E+11;2;7;0;0;9;6;2;B01
2,018E+11;0;13;0;0;1;4;4;A01
2,018E+11;1;7;0;0;2;1;1;B01
2,018E+11;1;7;0;0;2;7;19;A01
2,018E+11;1;31;0;0;1;0;2;A01
2,018E+11;1;7;0;0;1;1;2;Z01
2,018E+11;1;7;0;0;1;3;1;A01
2,018E+11;1;34;0;0;2;1;1;B01
2,018E+11;2;10;0;0;2;2;19;A01
2,018E+11;2;10;0;8;0;0;15;A01
2,018E+11;0;7;0;0;2;1;1;A01
2,018E+11;1;7;0;0;2;8;15;B01
2,018E+11;2;7;0;0;2;3;2;A01
2,018E+11;2;7;0;0;2;5;2;B01
2,018E+11;2;30;0;0;0;0;15;A01
2,018E+11;0;7;0;0;2;3;9;A01
2,018E+11;0;30;0;0;2;5;2;B01
2,018E+11;1;10;0;0;2;8;1;B01
2,018E+11;2;10;0;0;0;0;0;Z01
2,018E+11;0;7;0;0;1;8;17;A01
2,018E+11;2;7;0;3;2;7;1;A01
2,018E+11;2;7;0;6;2;8;1;B01
2,018E+11;0;10;0;0;1;1;15;A01
2,018E+11;1;7;0;0;2;6;1;A01
2,018E+11;1;7;0;0;2;0;0;Z01
2,018E+11;1;7;0;0;2;1;2;A01
2,018E+11;1;7;0;0;2;4;2;B01
2,018E+11;2;33;0;0;2;1;3;A01
2,018E+11;1;10;0;0;2;6;11;B01
2,018E+11;1;33;0;0;1;1;2;A01
2,018E+11;2;33;0;0;2;1;1;B01
2,018E+11;2;7;0;0;2;4;1;A01
2,018E+11;0;30;0;0;0;0;0;A01
2,018E+11;1;31;0;0;0;0;0;A01
2,018E+11;1;7;0;0;2;1;1;A01
2,018E+11;1;34;0;0;2;6;1;B01
2,018E+11;1;7;0;0;6;5;1;C01
2,018E+11;2;7;0;0;2;1;1;A01
2,018E+11;2;7;0;0;0;4;1;B01
2,018E+11;1;10;0;0;1;4;4;A01
2,018E+11;1;7;0;1;2;1;1;A01
2,018E+11;2;2;0;0;2;1;1;B01
2,018E+11;0;33;0;0;2;1;3;A01
2,018E+11;0;7;0;0;2;8;23;B01
2,018E+11;2;7;0;0;2;3;1;A01
2,018E+11;1;7;0;0;2;0;0;Z01
2,018E+11;1;32;0;0;0;3;0;A01
2,018E+11;2;7;0;0;2;3;13;A01
2,018E+11;2;7;0;0;2;5;2;B01
2,018E+11;2;33;0;0;2;7;2;C01
2,018E+11;1;7;0;0;0;0;0;D01
2,018E+11;2;7;0;0;0;0;9;E01
2,018E+11;1;32;0;0;0;0;9;A01
2,018E+11;1;7;0;0;2;1;0;A01
2,018E+11;1;7;0;0;2;4;0;B01
2,018E+11;1;7;0;0;2;1;2;A01
2,018E+11;1;7;0;0;2;4;2;B01
2,018E+11;1;7;0;0;2;4;2;C01
2,018E+11;1;7;0;0;1;3;1;A01
2,018E+11;2;7;0;13;2;1;13;A01
2,018E+11;2;7;0;0;2;4;2;B01
2,018E+11;2;10;0;0;2;7;19;A01
2,018E+11;2;7;0;0;2;3;1;B01
2,018E+11;1;30;0;0;2;1;2;A01
2,018E+11;1;7;0;0;2;4;2;B01
2,018E+11;2;33;0;0;2;3;1;A01
2,018E+11;2;10;0;0;2;2;1;B01
2,018E+11;1;7;0;0;2;1;2;A01
2,018E+11;1;7;0;0;2;4;2;B01
2,018E+11;1;7;0;0;1;2;1;A01
2,018E+11;2;7;0;0;2;3;2;A01
2,018E+11;2;7;0;0;2;6;2;B01
2,018E+11;1;7;0;0;2;1;9;A01
2,018E+11;1;7;0;0;2;4;2;B01
2,018E+11;0;7;0;1;2;1;13;A01
2,018E+11;1;7;0;0;2;1;1;B01
2,018E+11;2;7;0;1;0;1;2;A01
2,018E+11;1;7;0;4;2;7;14;A01
2,018E+11;1;7;0;0;2;8;1;B01
2,018E+11;1;33;0;0;2;1;2;A01
2,018E+11;1;7;0;0;2;4;1;B01
2,018E+11;2;7;0;0;2;2;15;A01
2,018E+11;1;2;0;0;2;1;1;B01
2,018E+11;1;2;0;0;2;1;3;A01
2,018E+11;1;7;0;0;2;6;2;B01
2,018E+11;2;10;0;0;2;3;0;C01
2,018E+11;1;7;0;0;2;2;16;A01
2,018E+11;1;33;0;0;2;8;1;B01
2,018E+11;1;7;0;0;2;2;2;A01
2,018E+11;1;33;0;0;2;1;1;B01
2,018E+11;1;7;0;0;2;4;1;C01
2,018E+11;1;7;0;0;2;1;2;A01
2,018E+11;1;7;0;0;2;4;2;B01
2,018E+11;1;7;0;0;2;4;2;C01
2,018E+11;1;7;0;0;2;2;2;A01
2,018E+11;1;2;0;0;2;4;2;B01
2,018E+11;1;10;0;5;2;3;1;A01
2,018E+11;1;7;0;0;2;4;1;B01
2,018E+11;1;7;0;0;1;1;2;A01
2,018E+11;1;7;0;0;2;0;15;A01
2,018E+11;0;31;0;0;2;0;1;B01
2,018E+11;1;7;0;0;2;7;15;A01
2,018E+11;2;32;0;0;2;1;1;B01
2,018E+11;1;30;0;0;0;0;1;A01
2,018E+11;2;7;0;6;0;1;0;A01
2,018E+11;2;7;0;0;2;1;0;A01
2,018E+11;2;7;0;0;2;4;2;B01
2,018E+11;1;7;0;0;2;2;15;A01
2,018E+11;2;1;0;0;2;2;0;B01
2,018E+11;2;7;0;0;2;3;1;A01
2,018E+11;1;7;0;0;2;3;1;B01
2,018E+11;2;7;0;0;2;1;1;A01
2,018E+11;2;7;0;0;2;5;1;B01
2,018E+11;0;7;0;0;2;3;1;A01
2,018E+11;0;7;0;0;2;4;1;B01
2,018E+11;1;7;0;0;2;1;2;A01
2,018E+11;1;7;0;0;2;4;2;B01
2,018E+11;2;10;0;0;5;1;1;A01
2,018E+11;0;7;0;0;2;1;2;A01
2,018E+11;0;7;0;0;2;4;15;B01
2,018E+11;0;7;0;0;2;3;2;C01
2,018E+11;0;7;0;0;6;1;14;D01
2,018E+11;2;10;0;12;0;1;14;A01
2,018E+11;1;7;0;0;2;1;2;A01
2,018E+11;1;7;0;0;2;9;2;B01
2,018E+11;1;7;0;0;2;4;2;C01
2,018E+11;1;7;0;0;2;1;2;A01
2,018E+11;1;10;0;0;6;4;2;B01
2,018E+11;2;7;0;0;2;3;9;A01
2,018E+11;2;33;0;0;2;2;1;B01
2,018E+11;2;2;0;0;2;7;1;B01
2,018E+11;2;7;0;0;0;0;0;Z01
2,018E+11;1;30;0;6;0;1;0;A01
2,018E+11;1;7;0;0;2;1;2;A01
2,018E+11;1;7;0;0;2;4;2;B01
2,018E+11;1;2;0;0;2;1;13;A01
2,018E+11;2;7;0;0;2;2;1;B01
2,018E+11;1;7;0;0;0;0;0;A01
2,018E+11;1;7;0;0;2;1;2;A01
2,018E+11;1;7;0;0;2;4;2;B01
2,018E+11;1;7;0;0;2;4;2;C01
2,018E+11;2;7;0;0;2;3;1;A01
2,018E+11;2;7;0;0;2;1;1;B01
2,018E+11;2;7;0;0;2;6;0;C01
2,018E+11;2;32;0;0;2;3;13;A01
2,018E+11;1;7;0;0;2;3;1;B01
2,018E+11;0;7;0;0;1;4;20;A01
2,018E+11;2;32;0;0;2;1;1;B01
2,018E+11;1;17;0;0;2;7;12;Z01
2,018E+11;1;10;0;0;2;1;1;A01
2,018E+11;1;7;0;0;2;8;16;B01
2,018E+11;0;7;0;1;1;2;21;A01
2,018E+11;1;7;0;8;0;1;1;A01
2,018E+11;2;14;0;0;2;4;4;A01
2,018E+11;2;7;0;0;2;1;1;B01
2,018E+11;1;7;0;0;2;6;11;A01
2,018E+11;1;7;0;4;2;2;0;B01
2,018E+11;2;33;0;0;2;3;13;A01
2,018E+11;1;7;0;0;2;1;15;B01
2,018E+11;2;10;0;13;0;1;1;A01
2,018E+11;0;33;0;0;2;4;2;A01
2,018E+11;0;7;0;0;2;0;0;Z01
2,018E+11;2;30;0;0;2;9;1;A01
2,018E+11;1;7;0;0;2;1;1;B01
2,018E+11;1;7;0;0;1;8;1;B01
2,018E+11;1;7;0;0;1;1;15;A01
2,018E+11;0;30;0;0;2;1;17;A01
2,018E+11;0;7;0;0;2;3;9;B01
2,018E+11;1;7;0;0;2;1;2;A01
2,018E+11;1;7;0;0;2;9;2;B01
2,018E+11;1;7;0;0;2;9;2;C01
2,018E+11;1;7;0;0;2;4;2;D01
2,018E+11;1;7;0;0;2;3;15;B01
2,018E+11;1;32;0;0;2;2;15;A01
2,018E+11;1;7;0;0;2;3;13;A01
2,018E+11;2;7;0;0;2;3;1;B01
2,018E+11;0;7;0;0;2;1;2;A01
2,018E+11;0;7;0;0;2;4;2;B01
2,018E+11;0;7;0;0;2;4;2;C01
2,018E+11;0;7;0;0;2;1;2;A01
2,018E+11;0;7;0;0;2;4;2;B01
2,018E+11;1;7;0;0;2;1;2;A01
2,018E+11;1;7;0;4;2;4;2;B01
2,018E+11;1;7;0;0;2;6;1;C01
2,018E+11;1;7;0;0;2;4;2;D01
2,018E+11;1;7;0;0;2;4;2;E01
2,018E+11;2;2;0;0;2;1;1;A01
2,018E+11;2;7;0;0;2;6;24;B01
2,018E+11;1;10;0;0;2;1;2;A01
2,018E+11;1;7;0;0;2;4;2;B01
2,018E+11;1;7;0;0;2;4;2;C01
2,018E+11;1;7;0;0;2;4;2;D01
2,018E+11;1;7;0;0;1;1;15;A01
2,018E+11;0;3;0;0;1;1;19;A01
2,018E+11;0;7;0;0;2;2;20;A01
2,018E+11;0;2;0;0;2;1;1;B01
2,018E+11;2;7;0;0;2;6;6;A01
2,018E+11;1;15;0;0;2;8;0;B01
2,018E+11;1;30;0;0;2;1;2;A01
2,018E+11;1;7;0;0;2;6;2;B01
2,018E+11;2;7;0;0;2;8;16;A01
2,018E+11;2;14;0;0;2;3;15;B01
2,018E+11;1;7;0;0;2;5;2;A01
2,018E+11;1;7;0;0;2;5;2;B01
2,018E+11;1;7;0;0;1;0;0;A01
2,018E+11;1;31;0;0;2;1;1;A01
2,018E+11;1;7;0;0;2;3;9;B01
2,018E+11;1;7;0;0;1;1;1;A01
2,018E+11;2;7;0;0;2;1;2;A01
2,018E+11;2;7;0;0;2;4;2;B01
2,018E+11;2;7;0;0;2;4;2;C01
2,018E+11;2;2;0;0;2;8;3;D01
2,018E+11;2;7;0;0;2;3;1;E01
2,018E+11;2;7;0;0;2;1;2;A01
2,018E+11;2;7;0;0;2;4;2;B01
2,018E+11;2;10;0;0;1;3;1;Z01
2,018E+11;1;7;0;0;2;2;15;A01
2,018E+11;2;34;0;0;2;1;1;B01
2,018E+11;2;7;0;12;0;2;15;A01
2,018E+11;1;7;0;4;2;3;1;A01
2,018E+11;1;7;0;0;2;6;11;Z01
2,018E+11;0;7;0;1;0;6;4;A01
2,018E+11;0;7;0;0;2;2;1;D01
2,018E+11;0;33;0;0;1;1;1;A01
2,018E+11;2;7;0;0;2;4;2;A01
2,018E+11;2;7;0;0;2;1;0;B01
2,018E+11;0;7;0;8;0;1;1;A01
2,018E+11;1;10;0;0;2;1;2;A01
2,018E+11;1;10;0;0;2;4;23;B01
2,018E+11;1;7;0;0;2;1;23;C01
2,018E+11;1;7;0;0;2;4;23;D01
2,018E+11;1;33;0;0;2;1;2;B01
2,018E+11;1;10;0;0;2;6;4;Z01
2,018E+11;2;31;0;8;0;0;14;A01
2,018E+11;1;7;0;0;2;1;2;A01
2,018E+11;1;7;0;0;2;4;2;B01
2,018E+11;2;7;0;0;2;1;1;A01
2,018E+11;2;7;0;0;2;6;1;B01
2,018E+11;1;7;0;0;2;4;23;D01
2,018E+11;1;7;0;0;2;4;2;B01
2,018E+11;1;7;0;0;2;1;2;A01
2,018E+11;1;7;0;0;2;4;2;C01
2,018E+11;2;33;0;11;2;1;18;A01
2,018E+11;2;7;0;0;1;7;0;A01
2,018E+11;1;7;0;0;2;1;19;A01
2,018E+11;1;7;0;0;2;7;19;B01
2,018E+11;2;7;0;0;1;1;1;A01
2,018E+11;1;7;0;0;2;1;5;A01
2,018E+11;2;7;0;0;2;1;1;B01
2,018E+11;1;7;0;0;1;2;0;A01
2,018E+11;2;31;0;0;2;8;1;B01
2,018E+11;2;7;0;0;2;7;15;A01
2,018E+11;1;34;0;0;1;8;14;A01
2,018E+11;1;7;0;0;1;1;1;A01
2,018E+11;1;1;0;0;2;1;7;B01
2,018E+11;1;7;0;0;9;8;10;A01
2,018E+11;2;7;0;0;1;2;1;A01
2,018E+11;2;7;0;9;0;0;7;A01
2,018E+11;1;33;0;0;2;7;1;A01
2,018E+11;2;7;0;0;2;1;1;B01
2,018E+11;1;7;0;0;2;6;11;A01
2,018E+11;1;34;0;0;2;2;11;B01
2,018E+11;2;7;0;0;2;1;15;A01
2,018E+11;1;33;0;0;2;1;1;B01
2,018E+11;1;13;0;0;2;3;17;A01
2,018E+11;1;13;0;0;2;3;15;B01
2,018E+11;1;7;0;0;1;2;1;A01
2,018E+11;1;1;0;0;2;7;1;B01
2,018E+11;1;7;0;0;9;3;9;A01
2,018E+11;1;33;0;0;0;0;1;A01
2,018E+11;1;7;0;0;1;1;1;A01
2,018E+11;1;7;0;0;9;2;15;A01
2,018E+11;2;1;0;0;2;5;2;B01
2,018E+11;2;7;0;0;1;3;1;A01
2,018E+11;1;7;0;1;0;1;14;A01
2,018E+11;1;7;0;0;2;1;19;A01
2,018E+11;0;99;0;0;2;0;0;R01
2,018E+11;2;2;0;0;0;7;0;A01
2,018E+11;1;7;0;0;2;4;2;B01
2,018E+11;1;7;0;0;2;4;2;C01
2,018E+11;1;7;0;0;2;1;2;A01
2,018E+11;1;7;0;0;1;2;16;A01
2,018E+11;1;7;0;6;0;1;16;A01
2,018E+11;2;30;0;0;2;7;1;B01
2,018E+11;2;7;0;0;2;8;13;A01
2,018E+11;1;7;0;0;1;1;1;A01
2,018E+11;1;34;0;0;1;1;21;A01
2,018E+11;2;7;0;0;2;2;2;B01
2,018E+11;1;7;0;0;2;1;2;A01
2,018E+11;2;7;0;0;2;3;15;A01
2,018E+11;1;31;0;0;2;1;1;B01
2,018E+11;1;7;0;0;1;1;1;A01
2,018E+11;1;33;0;0;2;1;1;A01
2,018E+11;2;7;0;0;2;6;10;B01
2,018E+11;2;1;0;0;0;0;1;A01
2,018E+11;1;7;0;0;1;1;1;A01
2,018E+11;1;7;0;0;1;2;1;A01
2,018E+11;2;7;0;0;2;5;1;B01
2,018E+11;2;34;0;0;2;1;2;A01
2,018E+11;1;32;0;0;0;0;15;A01
2,018E+11;2;13;0;0;1;2;13;A01
2,018E+11;2;7;0;0;2;1;5;A01
2,018E+11;1;7;0;0;2;1;1;B01
2,018E+11;1;37;0;0;1;2;17;A01
2,018E+11;2;7;0;0;2;1;15;B01
2,018E+11;1;31;0;0;2;3;1;A01
2,018E+11;1;1;0;0;1;1;1;A01
2,018E+11;1;33;0;0;2;7;1;B01
2,018E+11;2;7;0;0;2;1;15;A01
2,018E+11;1;7;0;14;2;2;9;A01
2,018E+11;1;13;0;0;2;2;21;B01
2,018E+11;2;7;0;4;0;3;16;A01
2,018E+11;1;7;0;0;1;3;15;A01
2,018E+11;1;7;0;0;2;3;2;B01
2,018E+11;1;2;0;0;2;7;17;A01
2,018E+11;2;7;0;0;2;2;15;A01
2,018E+11;1;34;0;0;2;1;1;B01
2,018E+11;2;7;0;0;2;1;1;A01
2,018E+11;2;7;0;0;2;4;23;B01
2,018E+11;2;1;0;0;0;0;1;A01
2,018E+11;1;7;0;6;0;2;14;A01
2,018E+11;1;2;0;4;0;2;14;A01
2,018E+11;2;7;0;6;0;1;16;A01