Num_Acc;senc;catv;occutc;obs;obsm;choc;manv;num_veh
2,018E+11;0;7;0;0;2;3;11;A01
2,018E+11;0;40;50;0;1;2;0;A01
2,018E+11;2;7;0;0;2;2;9;A01
2,018E+11;2;33;0;0;2;3;3;B01
2,018E+11;1;7;0;0;2;7;15;A01
2,018E+11;1;1;0;0;2;8;19;B01
2,018E+11;0;7;0;0;2;1;1;B01
2,018E+11;0;7;0;0;2;5;15;A01
2,018E+11;1;37;15;0;2;2;1;A01
2,018E+11;1;1;0;0;2;1;19;B01
2,018E+11;2;7;0;0;2;1;1;A01
2,018E+11;2;1;0;0;2;8;9;B01
2,018E+11;1;7;0;0;2;6;15;A01
2,018E+11;1;33;0;0;2;1;1;B01
2,018E+11;1;2;0;0;2;1;1;B01
2,018E+11;1;7;0;0;2;1;15;A01
2,018E+11;1;1;0;0;1;1;1;A01
2,018E+11;1;7;0;0;2;1;1;C01
2,018E+11;2;7;0;0;2;7;1;A01
2,018E+11;1;37;1;0;2;1;23;B01
2,018E+11;2;7;0;0;2;1;1;A01
2,018E+11;2;7;0;0;;8;1;B01
2,018E+11;0;1;0;0;2;4;13;A01
2,018E+11;0;34;0;0;6;1;0;B01
2,018E+11;0;1;0;0;0;0;0;A01
2,018E+11;0;3;0;9;0;1;0;A01
2,018E+11;0;7;0;0;6;2;16;A01
2,018E+11;0;1;0;0;2;1;1;B01
2,018E+11;1;40;15;0;1;7;20;A01
2,018E+11;1;30;0;0;2;8;1;A01
2,018E+11;1;7;0;0;2;7;16;B01
2,018E+11;1;7;0;0;2;1;15;A01
2,018E+11;2;7;0;0;2;1;1;B01
2,018E+11;0;32;0;0;2;1;1;A01
2,018E+11;0;7;0;0;0;0;23;B01
2,018E+11;0;2;0;12;0;1;2;A01
2,018E+11;0;7;0;0;0;0;15;B01
2,018E+11;1;30;0;0;0;0;0;A01
2,018E+11;1;99;0;0;0;0;0;A01
2,018E+11;2;7;0;8;0;9;1;A01
2,018E+11;2;7;0;0;2;1;17;A01
2,018E+11;2;99;0;0;2;8;15;B01
2,018E+11;2;7;0;0;2;0;22;A01
2,018E+11;2;1;0;1;0;1;1;B01
2,018E+11;1;7;0;0;2;2;13;A01
2,018E+11;2;7;0;0;2;3;1;B01
2,018E+11;2;30;0;0;2;1;21;A01
2,018E+11;2;7;0;0;2;4;2;B01
2,018E+11;1;99;0;0;1;1;1;A01
2,018E+11;0;7;0;0;1;2;15;A01
2,018E+11;2;7;0;0;2;1;1;A01
2,018E+11;1;7;0;0;2;7;1;B01
2,018E+11;1;10;0;0;6;8;16;A01
2,018E+11;1;99;0;0;2;1;1;Y01
2,018E+11;2;14;0;0;2;2;16;A01
2,018E+11;2;1;0;0;2;0;1;B01
2,018E+11;1;7;0;0;1;2;0;A01
2,018E+11;1;10;0;0;1;7;16;A01
2,018E+11;2;10;0;0;1;0;1;A01
2,018E+11;0;7;0;0;1;1;1;A01
2,018E+11;2;1;0;0;1;1;0;A01
2,018E+11;1;7;0;0;2;5;1;A01
2,018E+11;1;31;0;0;2;1;1;B01
2,018E+11;2;7;0;0;2;5;20;A01
2,018E+11;2;1;0;0;2;1;1;B01
2,018E+11;0;7;0;0;2;6;10;A01
2,018E+11;0;33;0;0;2;1;17;B01
2,018E+11;2;7;0;0;1;1;1;A01
2,018E+11;2;7;0;0;2;1;1;B01
2,018E+11;2;7;0;0;2;3;1;A01
2,018E+11;1;7;0;0;2;1;1;A01
2,018E+11;1;33;0;0;2;8;1;B01
2,018E+11;2;7;0;0;2;6;1;A01
2,018E+11;2;7;0;0;2;2;1;B01
2,018E+11;2;10;0;0;1;2;16;A01
2,018E+11;1;10;0;0;1;1;0;A01
2,018E+11;1;7;0;0;2;3;1;A01
2,018E+11;2;7;0;0;2;6;1;B01
2,018E+11;0;33;0;0;2;3;11;A01
2,018E+11;0;7;0;0;2;1;1;B01
2,018E+11;0;32;0;0;0;7;19;A01
2,018E+11;1;2;0;0;2;1;1;B01
2,018E+11;2;7;0;0;2;2;1;A01
2,018E+11;0;99;0;0;0;0;1;A01
2,018E+11;0;7;0;0;2;2;9;A01
2,018E+11;0;2;0;0;2;1;1;B01
2,018E+11;1;7;0;0;2;1;2;A01
2,018E+11;2;7;0;0;2;3;2;B01
2,018E+11;1;10;0;0;2;0;0;A01
2,018E+11;1;7;0;0;2;4;1;B01
2,018E+11;1;7;0;0;2;4;1;C01
2,018E+11;1;7;0;0;4;3;15;A01
2,018E+11;1;40;10;0;2;2;1;B01
2,018E+11;0;7;0;0;2;1;2;A01
2,018E+11;0;7;0;0;2;4;1;B01
2,018E+11;2;7;0;0;1;1;1;A01
2,018E+11;2;7;0;0;1;1;1;A01
2,018E+11;1;1;0;0;2;1;19;A01
2,018E+11;1;7;0;0;6;8;1;B01
2,018E+11;2;7;0;0;2;1;2;A01
2,018E+11;2;7;0;0;2;4;1;B01
2,018E+11;2;7;0;0;2;4;1;C01
2,018E+11;2;7;0;0;2;1;1;A01
2,018E+11;2;1;0;0;2;7;19;B01
2,018E+11;1;7;0;0;2;4;20;A01
2,018E+11;1;1;0;0;2;1;0;B01
2,018E+11;0;7;0;0;2;1;1;A01
2,018E+11;0;99;0;0;2;1;15;B01
2,018E+11;0;7;0;0;6;1;16;A01
2,018E+11;0;1;0;0;2;1;19;B01
2,018E+11;2;7;0;0;2;2;1;B01
2,018E+11;1;7;0;0;2;1;19;A01
2,018E+11;0;99;0;0;2;0;0;B01
2,018E+11;0;7;0;0;2;3;15;A01
2,018E+11;1;7;0;0;2;6;11;A01
2,018E+11;1;7;0;0;2;0;0;B01
2,018E+11;0;7;0;0;2;1;2;A01
2,018E+11;0;7;0;0;2;4;2;B01
2,018E+11;2;7;0;0;2;3;1;B01
2,018E+11;1;7;0;0;2;1;15;A01
2,018E+11;2;30;0;0;2;1;1;A01
2,018E+11;2;7;0;0;2;4;1;B01
2,018E+11;2;7;0;0;2;8;15;A01
2,018E+11;2;33;0;0;2;1;2;B01
2,018E+11;2;30;0;0;2;1;21;A01
2,018E+11;2;7;0;0;2;5;0;B01
2,018E+11;2;2;0;0;2;8;1;A01
2,018E+11;1;7;0;0;2;1;1;B01
2,018E+11;0;7;0;1;0;2;14;A01
2,018E+11;1;30;0;0;2;1;16;A01
2,018E+11;1;10;0;0;2;1;1;B01
2,018E+11;0;14;0;0;1;0;0;A01
2,018E+11;1;7;0;0;1;1;1;A01
2,018E+11;0;7;0;0;2;3;13;A01
2,018E+11;0;30;0;0;2;2;0;B01
2,018E+11;2;7;0;0;0;8;1;A01
2,018E+11;1;7;0;0;2;5;23;B01
2,018E+11;1;7;0;0;2;4;23;C01
2,018E+11;1;7;0;0;2;1;2;A01
2,018E+11;1;7;0;0;2;4;0;C01
2,018E+11;1;34;0;0;2;1;1;B01
2,018E+11;1;7;0;0;2;1;2;A01
2,018E+11;1;33;0;7;0;1;2;A01
2,018E+11;2;7;0;0;2;5;11;A01
2,018E+11;2;33;0;0;2;1;3;B01
2,018E+11;1;7;0;0;2;4;23;C01
2,018E+11;1;7;0;0;2;4;2;B01
2,018E+11;1;7;0;0;2;1;2;A01
2,018E+11;1;33;0;0;2;8;3;B01
2,018E+11;1;7;0;0;2;2;12;A01
2,018E+11;1;7;0;4;0;2;21;A01
2,018E+11;2;10;0;0;2;5;12;A01
2,018E+11;2;7;0;0;2;5;1;C01
2,018E+11;2;33;0;0;2;8;3;B01
2,018E+11;1;7;0;0;2;1;2;A01
2,018E+11;1;7;0;0;2;4;23;B01
2,018E+11;1;17;0;0;2;4;23;C01
2,018E+11;2;10;0;3;0;1;13;A01
2,018E+11;1;7;0;0;2;4;23;D01
2,018E+11;1;7;0;0;6;1;23;B01
2,018E+11;1;10;0;0;2;1;2;A01
2,018E+11;1;7;0;0;2;4;23;C01
2,018E+11;1;7;0;0;2;4;23;E01
2,018E+11;2;7;0;3;0;1;1;A01
2,018E+11;1;7;0;4;0;3;13;A01
2,018E+11;1;7;0;4;0;3;13;A01
2,018E+11;1;7;0;0;2;4;9;A01
2,018E+11;1;17;0;0;2;1;2;B01
2,018E+11;2;33;0;0;2;7;3;B01
2,018E+11;2;10;0;0;2;8;11;A01
2,018E+11;1;7;0;14;0;1;12;A01
2,018E+11;1;7;0;0;2;7;12;A01
2,018E+11;1;33;0;0;2;8;3;B01
2,018E+11;2;10;0;0;2;2;14;A01
2,018E+11;2;7;0;0;2;8;1;B01
2,018E+11;2;17;0;0;2;4;23;B01
2,018E+11;2;10;0;0;2;1;2;A01
2,018E+11;2;7;0;0;2;2;1;B01
2,018E+11;2;7;0;0;2;6;11;A01
2,018E+11;2;15;0;0;2;2;12;A01
2,018E+11;2;10;0;0;2;2;1;C01
2,018E+11;2;7;0;0;2;6;1;B01
2,018E+11;1;7;0;0;2;3;2;A01
2,018E+11;1;7;0;0;2;4;23;D01
2,018E+11;1;7;0;0;2;1;2;B01
2,018E+11;1;7;0;0;2;4;2;C01
2,018E+11;1;7;0;0;2;2;12;A01
2,018E+11;1;33;0;0;2;8;1;B01
2,018E+11;1;17;0;0;2;0;12;A01
2,018E+11;1;7;0;0;2;3;1;B01
2,018E+11;2;32;0;3;2;7;3;B01
2,018E+11;2;7;0;0;2;3;9;C01
2,018E+11;2;7;0;0;2;8;11;A01
2,018E+11;1;7;0;4;0;1;13;A01
2,018E+11;2;7;0;0;2;2;2;A01
2,018E+11;2;30;0;0;2;4;2;B01
2,018E+11;1;33;0;0;0;0;17;A01
2,018E+11;1;17;0;0;2;6;1;C01
2,018E+11;1;33;0;0;2;8;3;B01
2,018E+11;1;10;0;0;2;5;12;A01
2,018E+11;1;7;0;0;2;8;11;A01
2,018E+11;1;33;0;0;2;7;3;B01
2,018E+11;2;7;0;0;2;4;2;B01
2,018E+11;2;7;0;0;2;1;2;A01
2,018E+11;1;17;0;0;2;1;2;A01
2,018E+11;1;7;0;0;2;4;2;B01
2,018E+11;1;10;0;0;2;1;1;C01
2,018E+11;1;7;0;0;2;4;2;B01
2,018E+11;1;15;0;0;2;1;2;A01
2,018E+11;1;7;0;0;2;4;2;B01
2,018E+11;1;10;0;0;2;1;2;A01
2,018E+11;2;7;0;0;2;5;23;B01
2,018E+11;2;10;0;0;2;1;2;A01
2,018E+11;2;7;0;0;2;4;2;B01
2,018E+11;2;10;0;0;2;1;2;A01
2,018E+11;2;7;0;0;2;4;2;C01
2,018E+11;2;7;0;0;2;4;2;B01
2,018E+11;2;7;0;0;2;1;2;A01
2,018E+11;2;7;0;0;2;7;14;A01
2,018E+11;2;7;0;0;2;3;1;B01
2,018E+11;1;7;0;0;2;1;2;A01
2,018E+11;1;7;0;0;2;4;2;B01
2,018E+11;2;33;0;0;2;8;1;B01
2,018E+11;2;7;0;0;2;2;12;A01
2,018E+11;1;17;0;0;2;4;1;C01
2,018E+11;1;16;0;0;2;1;2;A01
2,018E+11;1;10;0;0;2;4;2;B01
2,018E+11;1;7;0;4;0;1;13;A01
2,018E+11;2;7;0;0;2;1;2;A01
2,018E+11;2;10;0;0;2;6;23;B01
2,018E+11;2;7;0;0;2;4;23;C01
2,018E+11;1;7;0;3;2;4;2;B01
2,018E+11;1;7;0;0;2;1;2;A01
2,018E+11;2;17;0;0;2;1;2;A01
2,018E+11;2;10;0;0;2;4;1;B01
2,018E+11;1;7;0;0;2;5;1;B01
2,018E+11;1;7;0;0;2;3;12;A01
2,018E+11;1;7;0;0;2;4;23;B01
2,018E+11;1;7;0;0;2;4;23;C01
2,018E+11;1;14;0;0;2;1;2;A01
2,018E+11;1;7;0;3;2;7;17;A01
2,018E+11;1;7;0;0;2;1;1;B01
2,018E+11;2;31;0;0;0;8;3;A01
2,018E+11;2;7;0;0;2;4;11;B01
2,018E+11;2;33;0;0;2;1;1;A01
2,018E+11;2;7;0;4;2;2;9;A01
2,018E+11;2;17;0;0;2;7;0;B01
2,018E+11;1;31;0;0;2;7;3;A01
2,018E+11;1;7;0;0;2;5;11;B01
2,018E+11;1;33;0;0;2;3;3;A01
2,018E+11;1;7;0;0;2;4;1;B01
2,018E+11;2;7;0;0;2;4;2;B01
2,018E+11;2;7;0;0;2;1;2;A01
2,018E+11;1;7;0;0;2;4;2;B01
2,018E+11;1;7;0;0;2;4;2;C01
2,018E+11;1;10;0;0;2;1;2;A01
2,018E+11;1;7;0;0;2;4;2;C01
2,018E+11;1;7;0;0;2;4;2;B01
2,018E+11;1;7;0;0;2;4;2;D01
2,018E+11;1;7;0;0;2;1;2;A01
2,018E+11;1;33;0;0;2;7;3;B01
2,018E+11;1;7;0;0;2;6;21;A01
2,018E+11;1;7;0;0;2;1;2;A01
2,018E+11;1;7;0;0;2;4;23;B01
2,018E+11;1;7;0;0;2;4;23;C01
2,018E+11;1;7;0;4;0;3;13;A01
2,018E+11;1;17;0;0;2;2;12;A01
2,018E+11;1;7;0;0;2;8;1;B01
2,018E+11;1;7;0;4;2;1;1;C01
2,018E+11;2;7;0;0;2;1;2;Z01
2,018E+11;2;7;0;3;2;4;2;A01
2,018E+11;1;10;0;0;2;4;2;B01
2,018E+11;1;10;0;0;2;1;2;A01
2,018E+11;1;7;0;4;2;6;9;B01
2,018E+11;1;15;0;0;2;2;12;A01
2,018E+11;1;33;0;0;2;2;3;B01
2,018E+11;1;7;0;0;2;6;11;A01
2,018E+11;2;7;0;0;2;1;2;A01
2,018E+11;2;7;0;0;2;4;1;B01
2,018E+11;2;7;0;0;2;6;11;A01
2,018E+11;2;7;0;4;2;2;1;B01
2,018E+11;1;7;0;0;2;7;12;B01
2,018E+11;1;33;0;0;2;1;3;A01
2,018E+11;2;7;0;7;0;1;14;A01
2,018E+11;1;7;0;3;2;1;9;A01
2,018E+11;1;10;0;3;2;7;1;B01
2,018E+11;1;7;0;0;2;4;1;B01
2,018E+11;1;17;0;0;2;1;2;A01
2,018E+11;2;34;0;0;2;2;3;B01
2,018E+11;2;10;0;0;2;8;11;A01
2,018E+11;1;7;0;0;2;4;2;C01
2,018E+11;1;7;0;0;2;4;23;B01
2,018E+11;1;7;0;0;2;1;1;A01
2,018E+11;2;7;0;3;2;2;1;B01
2,018E+11;2;7;0;0;2;6;11;Z01
2,018E+11;2;7;0;0;2;4;23;B01
2,018E+11;2;10;0;0;2;1;2;A01
2,018E+11;2;7;0;0;2;5;1;C01
2,018E+11;2;7;0;0;2;3;11;A01
2,018E+11;2;33;0;0;2;7;3;B01
2,018E+11;2;7;0;0;2;1;2;A01
2,018E+11;2;7;0;0;2;4;2;B01
2,018E+11;2;7;0;3;2;1;21;B01
2,018E+11;2;7;0;3;2;1;9;A01
2,018E+11;1;7;0;3;0;1;1;A01
2,018E+11;2;7;0;0;2;4;2;B01
2,018E+11;2;7;0;0;2;1;2;A01
2,018E+11;2;7;0;0;2;8;1;B01
2,018E+11;2;17;0;0;2;2;12;A01
2,018E+11;2;10;0;0;2;3;23;B01
2,018E+11;2;15;0;0;2;8;1;A01
2,018E+11;1;7;0;0;2;4;2;B01
2,018E+11;1;7;0;0;2;1;2;A01
2,018E+11;2;7;0;0;2;4;2;C01
2,018E+11;2;7;0;0;2;4;2;B01
2,018E+11;2;7;0;0;2;1;2;A01
2,018E+11;2;7;0;0;2;4;23;C01
2,018E+11;2;7;0;0;2;1;2;A01
2,018E+11;2;7;0;0;2;4;23;B01
2,018E+11;1;7;0;0;2;1;2;A01
2,018E+11;1;7;0;3;2;4;2;B01
2,018E+11;1;7;0;0;2;1;2;A01
2,018E+11;1;14;0;0;2;4;1;B01
2,018E+11;1;33;0;0;2;7;3;B01
2,018E+11;1;7;0;0;2;6;11;A01
2,018E+11;1;14;0;0;2;3;2;A01
2,018E+11;1;17;0;7;2;5;2;B01
2,018E+11;1;33;0;3;2;1;3;B01
2,018E+11;1;7;0;0;2;3;11;A01
2,018E+11;1;7;0;15;0;2;14;A01
2,018E+11;2;7;0;0;2;4;23;C01
2,018E+11;2;10;0;0;2;1;2;A01
2,018E+11;2;7;0;0;2;4;23;B01
2,018E+11;2;7;0;0;2;1;2;A01
2,018E+11;2;7;0;0;2;4;1;B01
2,018E+11;2;7;0;0;2;1;2;A01
2,018E+11;2;10;0;0;2;4;23;B01
2,018E+11;2;7;0;0;2;4;23;C01
2,018E+11;2;7;0;0;2;4;23;D01
2,018E+11;1;33;0;0;2;2;21;D01
2,018E+11;1;17;0;0;2;3;1;B01
2,018E+11;1;7;0;4;2;5;12;A01
2,018E+11;1;7;0;0;2;6;23;C01
2,018E+11;2;10;0;4;0;9;14;A01
2,018E+11;2;7;0;4;2;1;1;C01
2,018E+11;2;15;0;0;2;0;13;Z01
2,018E+11;2;7;0;4;2;7;1;B01
2,018E+11;1;7;0;3;0;1;13;A01
2,018E+11;1;7;0;4;2;6;1;B01
2,018E+11;1;7;0;0;2;2;14;A01
2,018E+11;1;7;0;3;2;6;1;B01
2,018E+11;1;17;0;0;2;2;12;A01
2,018E+11;1;7;0;0;2;4;23;C01
2,018E+11;1;7;0;0;2;1;2;A01
2,018E+11;1;7;0;0;2;4;23;D01
2,018E+11;1;7;0;0;2;4;23;B01
2,018E+11;1;7;0;0;2;4;23;E01
2,018E+11;2;7;0;0;2;6;2;B01
2,018E+11;2;17;0;0;2;3;12;A01
2,018E+11;2;33;0;0;2;3;1;B01
2,018E+11;2;7;0;0;2;5;12;A01
2,018E+11;2;7;0;0;2;4;2;C01
2,018E+11;2;7;0;3;2;4;23;B01
2,018E+11;2;7;0;3;2;3;2;A01
2,018E+11;1;10;0;0;2;4;1;B01
2,018E+11;1;17;0;0;2;2;2;A01
2,018E+11;2;7;0;4;0;1;13;A01
2,018E+11;2;32;0;0;2;4;2;B01
2,018E+11;2;7;0;0;2;2;2;A01
2,018E+11;2;17;0;0;2;2;1;B01
2,018E+11;2;7;0;0;2;8;9;A01
2,018E+11;1;17;0;0;2;4;2;B01
2,018E+11;1;17;0;0;2;1;2;A01
2,018E+11;2;7;0;0;2;4;23;C01
2,018E+11;2;7;0;0;2;1;2;A01
2,018E+11;2;7;0;0;2;4;23;B01
2,018E+11;2;7;0;0;2;1;13;A01
2,018E+11;2;7;0;0;2;4;1;B01
2,018E+11;2;10;0;0;2;3;2;A01
2,018E+11;2;7;0;0;2;4;2;D01
2,018E+11;2;7;0;0;2;4;2;B01
2,018E+11;2;7;0;0;2;4;2;C01
2,018E+11;2;7;0;0;2;3;11;A01
2,018E+11;2;33;0;0;2;7;3;B01
2,018E+11;1;7;0;0;2;5;1;B01
2,018E+11;1;33;0;0;2;3;3;A01
2,018E+11;1;10;0;0;2;1;2;A01
2,018E+11;1;17;0;0;2;4;1;B01
2,018E+11;2;7;0;0;2;1;1;C01
2,018E+11;2;7;0;4;2;0;21;B01
2,018E+11;2;7;0;0;2;0;9;A01
2,018E+11;1;7;0;3;2;1;13;A01
2,018E+11;1;7;0;0;2;2;1;B01
2,018E+11;1;7;0;0;2;1;2;A01
2,018E+11;1;7;0;0;2;4;2;B01
2,018E+11;2;33;0;0;0;7;3;A01
2,018E+11;1;10;0;0;2;0;0;D01
2,018E+11;1;17;0;0;2;7;14;C01
2,018E+11;1;7;0;0;2;0;0;A01
2,018E+11;1;7;0;0;2;6;2;B01
2,018E+11;2;17;0;13;0;0;14;A01
2,018E+11;2;14;0;0;2;2;1;B01
2,018E+11;2;7;0;0;2;6;9;A01
2,018E+11;1;10;0;0;2;1;1;A01
2,018E+11;1;7;0;0;2;6;23;C01
2,018E+11;1;7;0;4;2;4;23;B01
2,018E+11;1;7;0;0;2;4;23;D01
2,018E+11;1;7;0;0;2;4;23;B01
2,018E+11;1;10;0;0;2;1;2;A01
2,018E+11;1;7;0;0;2;4;23;E01
2,018E+11;1;7;0;0;2;4;23;C01
2,018E+11;1;33;0;4;2;1;1;B01
2,018E+11;1;7;0;0;2;8;1;C01
2,018E+11;1;7;0;0;2;6;11;A01
2,018E+11;1;7;0;0;2;4;1;D01
2,018E+11;1;17;0;0;2;2;12;A01
2,018E+11;1;7;0;5;2;6;1;B01
2,018E+11;1;7;0;0;2;1;14;A01
2,018E+11;1;7;0;0;2;4;1;B01
2,018E+11;2;7;0;3;0;3;13;A01
2,018E+11;1;7;0;0;2;6;23;B01
2,018E+11;1;33;0;0;2;1;21;A01
2,018E+11;1;7;0;0;2;1;2;A01
2,018E+11;1;7;0;0;2;4;1;B01
2,018E+11;1;32;0;4;2;2;1;B01
2,018E+11;1;7;0;0;2;6;11;A01
2,018E+11;1;7;0;3;0;1;13;A01
2,018E+11;2;7;0;0;2;5;23;C01
2,018E+11;2;7;0;0;2;1;2;A01
2,018E+11;2;7;0;0;2;4;23;B01
2,018E+11;2;10;0;0;2;6;1;C01
2,018E+11;2;7;0;0;2;7;12;A01
2,018E+11;2;33;0;0;2;8;3;B01
2,018E+11;1;7;0;0;2;4;1;B01
2,018E+11;1;33;0;0;2;1;2;A01
2,018E+11;1;7;0;0;2;1;1;C01
2,018E+11;1;7;0;0;2;6;1;B01
2,018E+11;1;7;0;0;2;1;12;A01
2,018E+11;1;7;0;0;2;4;2;B01
2,018E+11;1;7;0;0;2;1;2;A01
2,018E+11;1;7;0;0;2;4;12;B01
2,018E+11;1;33;0;0;2;1;1;A01
2,018E+11;2;7;0;0;2;4;23;B01
2,018E+11;2;7;0;0;2;4;23;C01
2,018E+11;2;7;0;0;2;4;23;D01
2,018E+11;2;7;0;0;2;1;2;A01
2,018E+11;1;17;0;0;2;2;12;A01
2,018E+11;1;7;0;0;2;6;1;B01
2,018E+11;1;7;0;0;2;7;12;A01
2,018E+11;1;32;0;0;2;1;3;B01
2,018E+11;2;10;0;0;2;1;2;A01
2,018E+11;2;10;0;0;2;4;23;B01
2,018E+11;2;7;0;0;2;4;23;C01
2,018E+11;2;7;0;0;2;4;23;D01
2,018E+11;2;33;0;0;2;1;3;A01
2,018E+11;2;7;0;0;2;0;1;B01
2,018E+11;1;7;0;0;2;1;2;A01
2,018E+11;1;7;0;0;2;4;2;C01
2,018E+11;1;7;0;0;2;4;2;B01
2,018E+11;1;14;0;0;2;2;1;A01
2,018E+11;1;7;0;0;0;1;9;B01
2,018E+11;1;7;0;4;0;1;19;A01
2,018E+11;1;34;0;0;0;8;0;A01
2,018E+11;2;33;0;0;2;3;1;B01
2,018E+11;2;7;0;0;2;5;1;C01
2,018E+11;2;7;0;0;2;8;11;A01
2,018E+11;1;7;0;5;0;1;14;A01
2,018E+11;2;17;0;0;2;1;1;C01
2,018E+11;2;7;0;0;2;6;1;B01
2,018E+11;2;10;0;3;2;2;14;A01
2,018E+11;2;7;0;0;2;4;1;D01
2,018E+11;2;10;0;14;0;1;14;A01
2,018E+11;1;7;0;0;2;1;2;A01
2,018E+11;1;7;0;0;2;4;2;C01
2,018E+11;1;7;0;0;2;4;2;B01
2,018E+11;2;7;0;0;2;1;2;A01
2,018E+11;2;7;0;0;2;4;1;B01
2,018E+11;2;7;0;0;2;4;1;B01
2,018E+11;2;7;0;0;2;1;2;A01
2,018E+11;1;7;0;0;2;4;2;B01
2,018E+11;1;7;0;0;2;1;1;A01
2,018E+11;2;7;0;0;2;6;1;B01
2,018E+11;2;33;0;0;2;1;3;A01
2,018E+11;1;14;0;0;2;0;1;B01
2,018E+11;1;17;0;0;2;1;11;A01
2,018E+11;1;17;0;0;2;1;1;C01
2,018E+11;2;7;0;0;2;6;11;A01
2,018E+11;2;7;0;4;2;2;1;B01
2,018E+11;2;7;0;0;2;4;1;B01
2,018E+11;2;7;0;0;2;1;2;A01
2,018E+11;1;33;0;0;2;8;1;B01
2,018E+11;1;7;0;0;2;2;12;A01
2,018E+11;1;10;0;0;2;6;1;C01
2,018E+11;2;7;0;0;2;1;2;A01
2,018E+11;2;7;0;0;2;4;1;B01
2,018E+11;1;7;0;0;2;4;1;B01
2,018E+11;1;7;0;0;2;1;2;A01
2,018E+11;1;7;0;0;2;1;2;C01
2,018E+11;2;7;0;0;2;1;2;A01
2,018E+11;2;17;0;0;2;4;0;B01
2,018E+11;1;7;0;0;2;1;2;A01
2,018E+11;1;7;0;0;2;4;23;C01
2,018E+11;1;7;0;0;2;4;23;B01
2,018E+11;2;7;0;14;0;1;1;B01
2,018E+11;2;7;0;;0;0;1;A01
2,018E+11;1;7;0;16;0;0;14;A01
2,018E+11;2;7;0;0;2;1;9;A01
2,018E+11;2;33;0;0;2;4;1;B01
2,018E+11;1;7;0;0;2;1;1;B01
2,018E+11;1;7;0;0;2;4;23;A01
2,018E+11;2;7;0;0;2;6;1;B01
2,018E+11;2;7;0;3;2;1;2;A01
2,018E+11;1;7;0;0;2;4;2;C01
2,018E+11;1;10;0;0;2;5;1;B01
2,018E+11;1;7;0;0;2;1;2;A01
2,018E+11;1;10;0;0;2;1;2;A01
2,018E+11;1;7;0;0;2;4;23;B01
2,018E+11;1;7;0;0;2;4;23;C01
2,018E+11;1;7;0;0;2;1;2;A01
2,018E+11;1;7;0;0;2;4;2;C01
2,018E+11;1;7;0;0;2;4;2;D01
2,018E+11;1;7;0;0;2;4;2;B01
2,018E+11;2;7;0;0;2;4;1;C01
2,018E+11;2;7;0;0;2;4;1;B01
2,018E+11;2;7;0;0;2;1;2;A01
2,018E+11;1;14;0;0;2;5;23;B01
2,018E+11;1;10;0;0;2;3;21;A01
2,018E+11;2;7;0;0;2;1;2;A01
2,018E+11;2;7;0;0;2;4;23;B01
2,018E+11;2;10;0;0;2;4;23;C01
2,018E+11;1;17;0;0;2;1;2;A01
2,018E+11;1;7;0;0;2;4;12;B01
2,018E+11;1;17;0;0;2;4;2;C01
2,018E+11;1;10;0;0;2;4;0;B01
2,018E+11;1;33;0;0;2;1;1;A01
2,018E+11;2;7;0;4;2;6;1;B01
2,018E+11;2;14;0;0;2;2;12;A01
2,018E+11;2;33;0;0;2;1;3;A01
2,018E+11;2;10;0;0;2;6;1;B01
2,018E+11;1;7;0;0;2;4;1;B01
2,018E+11;1;7;0;0;2;1;2;A01
2,018E+11;1;7;0;0;2;4;1;C01
2,018E+11;1;33;0;0;2;6;23;B01
2,018E+11;1;7;0;0;2;1;2;A01
2,018E+11;1;7;0;3;2;5;1;B01
2,018E+11;1;7;0;0;2;1;2;A01
2,018E+11;1;15;0;0;2;4;23;B01
2,018E+11;1;7;0;0;2;1;2;A01
2,018E+11;1;7;0;0;2;1;12;A01
2,018E+11;1;7;0;0;2;4;1;B01
2,018E+11;1;7;0;0;2;4;1;D01
2,018E+11;1;7;0;0;2;4;1;C01
2,018E+11;2;7;0;0;2;1;2;A01
2,018E+11;2;7;0;0;2;4;1;B01
2,018E+11;1;33;0;4;0;3;13;A01
2,018E+11;2;33;0;0;0;0;1;A01
2,018E+11;2;7;0;4;0;1;14;A01
2,018E+11;1;7;0;0;2;6;9;A01
2,018E+11;1;14;0;0;2;0;1;B01
2,018E+11;1;7;0;0;2;6;1;B01
2,018E+11;1;33;0;3;2;1;17;A01
2,018E+11;1;7;0;0;2;5;23;B01
2,018E+11;1;33;0;0;2;1;3;A01
2,018E+11;1;99;0;;1;;;Z01
2,018E+11;2;7;0;0;2;4;23;B01
2,018E+11;2;7;0;0;2;1;2;A01
2,018E+11;2;17;0;0;2;5;1;B01
2,018E+11;2;7;0;0;2;8;13;A01
2,018E+11;1;7;0;0;2;3;0;B01
2,018E+11;1;7;0;4;2;3;21;A01
2,018E+11;1;7;0;0;0;0;12;Z01
2,018E+11;2;33;0;14;0;7;3;A01
2,018E+11;2;33;0;0;2;8;3;B01
2,018E+11;2;7;0;0;2;7;12;A01
2,018E+11;2;7;0;0;2;1;2;A01
2,018E+11;2;10;0;0;2;4;2;B01
2,018E+11;2;7;0;0;2;4;2;C01
2,018E+11;1;7;0;13;0;1;13;A01