Num_Acc;senc;catv;occutc;obs;obsm;choc;manv;num_veh
2,018E+11;1;7;0;0;2;4;1;C01
2,018E+11;2;31;0;0;2;3;21;A01
2,018E+11;2;7;0;0;2;5;1;B01
2,018E+11;2;7;0;0;2;4;23;B01
2,018E+11;2;7;0;0;2;4;23;D01
2,018E+11;2;7;0;0;2;1;2;A01
2,018E+11;2;7;0;0;2;4;23;C01
2,018E+11;;10;0;;;;;A01
2,018E+11;;7;0;;;;;B01
2,018E+11;;10;0;;;;;C01
2,018E+11;;7;0;;;;;D01
2,018E+11;1;10;0;0;0;0;1;B01
2,018E+11;1;33;0;0;6;1;0;A01
2,018E+11;1;7;0;0;2;1;2;B01
2,018E+11;1;10;0;0;2;4;2;A01
2,018E+11;1;7;0;0;2;1;1;B01
2,018E+11;1;7;0;0;2;4;2;A01
2,018E+11;1;31;0;0;6;1;1;A01
2,018E+11;1;14;0;0;0;0;1;B01
2,018E+11;1;7;0;4;0;2;14;A01
2,018E+11;2;7;0;3;0;3;1;A01
2,018E+11;2;7;0;0;2;4;2;B01
2,018E+11;2;7;0;0;2;4;2;A01
2,018E+11;2;7;0;0;2;1;2;C01
2,018E+11;1;7;0;0;2;7;2;A01
2,018E+11;1;7;0;0;2;8;2;B01
2,018E+11;1;7;0;0;2;1;11;C01
2,018E+11;1;7;0;0;2;1;1;B01
2,018E+11;1;7;0;0;2;3;1;C01
2,018E+11;1;7;0;0;2;4;1;A01
2,018E+11;1;15;0;0;2;2;14;B01
2,018E+11;1;7;0;0;2;8;2;A01
2,018E+11;1;7;0;13;2;6;2;B01
2,018E+11;1;7;0;13;2;4;0;C01
2,018E+11;1;7;0;13;0;3;0;D01
2,018E+11;1;7;0;13;2;3;12;A01
2,018E+11;2;15;0;0;2;1;11;A01
2,018E+11;2;7;0;0;2;4;11;B01
2,018E+11;2;10;0;0;2;4;1;A01
2,018E+11;2;10;0;0;2;1;1;B01
2,018E+11;2;7;0;0;2;1;9;D01
2,018E+11;2;7;0;0;2;8;2;E01
2,018E+11;2;7;0;0;2;4;2;B01
2,018E+11;2;7;0;0;2;4;2;A01
2,018E+11;2;7;0;0;2;1;2;C01
2,018E+11;2;7;0;0;2;4;23;A01
2,018E+11;2;31;0;1;0;4;23;B01
2,018E+11;2;7;0;1;0;1;2;C01
2,018E+11;2;7;0;0;2;1;2;A01
2,018E+11;2;7;0;0;2;4;1;B01
2,018E+11;1;7;0;3;0;1;14;A01
2,018E+11;1;7;0;0;2;3;21;A01
2,018E+11;1;10;0;0;2;1;1;B01
2,018E+11;1;10;0;0;2;4;1;A01
2,018E+11;1;7;0;0;2;1;2;B01
2,018E+11;1;7;0;0;2;4;23;A01
2,018E+11;1;14;0;0;2;2;9;Z01
2,018E+11;1;7;0;0;2;8;9;A01
2,018E+11;1;7;0;4;0;3;1;A01
2,018E+11;2;7;0;0;2;4;2;A01
2,018E+11;2;7;0;0;2;1;2;B01
2,018E+11;1;7;0;0;2;1;0;B01
2,018E+11;1;7;0;0;2;4;0;A01
2,018E+11;2;7;0;4;0;2;14;A01
2,018E+11;2;7;0;4;0;2;14;A01
2,018E+11;2;7;0;0;1;1;1;A01
2,018E+11;2;7;0;0;2;6;1;B01
2,018E+11;2;7;0;0;2;1;17;A01
2,018E+11;2;30;0;12;0;9;0;A01
2,018E+11;1;10;0;0;2;3;10;A01
2,018E+11;1;7;0;0;2;2;1;B01
2,018E+11;2;33;0;0;2;1;2;A01
2,018E+11;2;7;0;0;2;0;12;Z01
2,018E+11;1;7;0;0;2;2;1;A01
2,018E+11;1;10;0;0;2;2;2;B01
2,018E+11;1;7;0;0;2;6;2;C01
2,018E+11;1;7;0;0;2;4;1;D01
2,018E+11;1;7;0;0;2;6;2;C01
2,018E+11;1;7;0;0;2;4;23;A01
2,018E+11;1;7;0;0;2;1;2;B01
2,018E+11;2;33;0;0;2;7;1;C01
2,018E+11;2;7;0;0;2;3;12;A01
2,018E+11;2;10;0;0;2;5;1;B01
2,018E+11;2;7;0;0;2;6;1;B01
2,018E+11;2;7;0;0;2;5;2;C01
2,018E+11;2;7;0;0;2;1;0;A01
2,018E+11;2;7;0;0;2;1;1;E01
2,018E+11;2;15;0;0;2;0;0;A01
2,018E+11;2;7;0;0;2;1;1;B01
2,018E+11;2;7;0;0;2;9;1;C01
2,018E+11;2;7;0;0;2;9;1;D01
2,018E+11;1;7;0;0;2;4;1;A01
2,018E+11;1;7;0;0;2;1;1;B01
2,018E+11;2;10;0;0;2;4;1;B01
2,018E+11;2;7;0;0;2;1;1;A01
2,018E+11;2;7;0;0;2;4;0;A01
2,018E+11;2;7;0;0;2;1;2;Z01
2,018E+11;2;7;0;0;2;4;1;A01
2,018E+11;2;33;0;0;2;1;17;B01
2,018E+11;1;10;0;0;2;1;2;B01
2,018E+11;1;7;0;0;2;4;2;A01
2,018E+11;1;7;0;0;2;2;2;B01
2,018E+11;1;7;0;0;2;6;14;A01
2,018E+11;1;7;0;0;2;4;1;B01
2,018E+11;1;7;0;0;2;4;1;A01
2,018E+11;1;7;0;0;2;1;1;C01
2,018E+11;1;7;0;0;2;1;2;B01
2,018E+11;1;7;0;0;2;4;2;A01
2,018E+11;1;33;0;0;2;1;3;B01
2,018E+11;1;7;0;0;2;5;23;A01
2,018E+11;1;7;0;0;2;4;1;A01
2,018E+11;1;7;0;0;2;1;1;B01
2,018E+11;2;7;0;0;2;4;2;A01
2,018E+11;2;7;0;0;2;4;2;B01
2,018E+11;2;7;0;0;2;1;2;D01
2,018E+11;2;7;0;0;2;4;2;C01
2,018E+11;1;7;0;4;2;8;1;B01
2,018E+11;1;7;0;0;2;3;1;A01
2,018E+11;2;7;0;0;2;1;2;B01
2,018E+11;2;7;0;0;2;4;2;A01
2,018E+11;1;7;0;0;2;1;1;B01
2,018E+11;1;7;0;0;0;4;23;A01
2,018E+11;2;7;0;0;2;4;2;A01
2,018E+11;2;10;0;0;2;4;2;B01
2,018E+11;2;7;0;0;2;1;2;C01
2,018E+11;1;7;0;0;2;4;1;A01
2,018E+11;1;7;0;0;2;3;11;B01
2,018E+11;1;33;0;0;0;0;0;B01
2,018E+11;1;7;0;0;2;6;11;A01
2,018E+11;1;7;0;0;2;1;2;B01
2,018E+11;1;7;0;0;2;4;2;A01
2,018E+11;1;7;0;0;2;1;0;B01
2,018E+11;1;7;0;0;2;4;0;A01
2,018E+11;2;7;0;13;0;1;1;A01
2,018E+11;2;10;0;0;2;1;2;C01
2,018E+11;2;7;0;0;0;4;1;A01
2,018E+11;2;7;0;0;2;4;2;B01
2,018E+11;1;31;0;4;0;3;21;A01
2,018E+11;1;7;0;0;2;4;2;A01
2,018E+11;1;7;0;0;2;2;2;B01
2,018E+11;2;7;0;0;2;1;2;B01
2,018E+11;2;7;0;0;2;4;2;A01
2,018E+11;1;7;0;3;0;1;9;A01
2,018E+11;2;7;0;0;2;2;2;B01
2,018E+11;2;31;0;0;2;8;2;A01
2,018E+11;2;7;0;0;2;5;2;Z01
2,018E+11;2;33;0;0;2;3;2;A01
2,018E+11;1;33;0;0;2;7;14;A01
2,018E+11;1;7;0;0;2;8;13;B01
2,018E+11;1;7;0;4;0;4;0;A01
2,018E+11;1;7;0;0;2;4;0;A01
2,018E+11;1;7;0;0;2;1;2;C01
2,018E+11;1;7;0;0;2;4;23;B01
2,018E+11;2;7;0;0;2;7;11;A01
2,018E+11;2;14;0;0;2;3;13;B01
2,018E+11;1;7;0;0;2;1;2;B01
2,018E+11;1;7;0;0;2;4;1;A01
2,018E+11;1;7;0;0;2;1;14;A01
2,018E+11;1;7;0;14;0;0;1;C01
2,018E+11;1;7;0;0;2;4;1;B01
2,018E+11;1;7;0;13;0;2;1;A01
2,018E+11;1;7;0;0;2;1;2;B01
2,018E+11;1;7;0;4;0;3;2;A01
2,018E+11;2;33;0;0;2;3;2;B01
2,018E+11;2;7;0;0;2;4;2;A01
2,018E+11;2;33;0;0;2;1;2;D01
2,018E+11;2;10;0;0;2;1;2;C01
2,018E+11;2;7;0;0;2;1;2;B01
2,018E+11;2;7;0;0;2;4;2;A01
2,018E+11;2;31;0;0;2;3;3;A01
2,018E+11;2;10;0;0;2;7;12;B01
2,018E+11;2;7;0;0;2;7;1;A01
2,018E+11;2;7;0;0;2;8;13;C01
2,018E+11;2;31;0;0;2;7;3;B01
2,018E+11;2;10;0;4;0;1;13;A01
2,018E+11;2;7;0;0;2;1;2;B01
2,018E+11;2;7;0;0;2;4;1;A01
2,018E+11;1;7;0;0;2;4;1;A01
2,018E+11;1;7;0;0;2;1;1;B01
2,018E+11;0;7;0;3;0;3;1;A01
2,018E+11;2;7;0;4;0;2;17;A01
2,018E+11;2;7;0;4;0;0;2;A01
2,018E+11;2;10;0;0;2;4;2;B01
2,018E+11;2;7;0;0;2;1;2;C01
2,018E+11;2;7;0;0;2;4;2;A01
2,018E+11;2;31;0;0;0;3;2;A01
2,018E+11;2;7;0;0;0;5;2;B01
2,018E+11;2;7;0;0;2;1;2;B01
2,018E+11;2;7;0;0;2;4;2;A01
2,018E+11;2;7;0;0;2;3;2;A01
2,018E+11;2;7;0;0;2;5;2;B01
2,018E+11;1;7;0;0;2;1;2;C01
2,018E+11;1;7;0;0;2;1;2;B01
2,018E+11;1;7;0;0;2;4;2;A01
2,018E+11;2;34;0;0;2;1;2;B01
2,018E+11;2;7;0;0;2;4;1;A01
2,018E+11;2;7;0;0;2;4;23;A01
2,018E+11;2;7;0;0;2;4;2;B01
2,018E+11;2;7;0;0;2;1;0;C01
2,018E+11;1;34;0;0;2;7;12;B01
2,018E+11;1;7;0;0;2;8;1;A01
2,018E+11;2;7;0;0;2;2;21;B01
2,018E+11;0;10;0;0;2;0;23;A01
2,018E+11;1;32;0;0;2;7;17;B01
2,018E+11;1;15;0;0;2;6;2;A01
2,018E+11;2;7;0;0;2;4;2;B01
2,018E+11;2;7;0;0;2;1;2;C01
2,018E+11;2;7;0;0;2;4;2;A01
2,018E+11;1;7;0;0;2;3;21;C01
2,018E+11;1;7;0;0;2;3;17;A01
2,018E+11;1;7;0;4;2;2;1;B01
2,018E+11;1;7;0;0;2;1;14;B01
2,018E+11;1;7;0;0;2;4;2;A01
2,018E+11;1;13;0;0;2;4;1;B01
2,018E+11;1;7;0;0;2;1;17;A01
2,018E+11;1;7;0;3;2;2;14;B01
2,018E+11;1;7;0;0;2;8;1;A01
2,018E+11;1;7;0;0;2;1;2;B01
2,018E+11;1;7;0;0;0;4;2;A01
2,018E+11;1;7;0;0;2;4;2;A01
2,018E+11;1;7;0;0;2;1;2;B01
2,018E+11;1;7;0;0;2;5;12;B01
2,018E+11;1;31;0;0;2;1;0;A01
2,018E+11;1;7;0;0;2;1;2;B01
2,018E+11;1;7;0;0;2;4;2;A01
2,018E+11;2;7;0;0;2;1;2;A01
2,018E+11;2;7;0;0;2;1;2;B01
2,018E+11;1;32;0;0;0;7;1;A01
2,018E+11;2;31;0;0;2;6;11;B01
2,018E+11;2;7;0;0;2;2;1;A01
2,018E+11;1;7;0;;;;;B01
2,018E+11;1;7;0;4;2;4;2;A01
2,018E+11;2;7;0;12;0;1;13;A01
2,018E+11;1;7;0;13;0;9;14;A01
2,018E+11;2;7;0;0;2;4;2;B01
2,018E+11;2;7;0;0;2;4;2;A01
2,018E+11;2;7;0;0;2;1;2;C01
2,018E+11;2;7;0;3;2;4;2;A01
2,018E+11;2;7;0;3;2;9;2;B01
2,018E+11;2;10;0;0;2;1;14;B01
2,018E+11;2;10;0;0;2;4;2;A01
2,018E+11;1;7;0;1;0;1;2;B01
2,018E+11;1;33;0;0;6;4;0;A01
2,018E+11;1;7;0;0;2;5;0;A01
2,018E+11;1;10;0;0;0;7;9;B01
2,018E+11;2;7;0;0;2;4;2;B01
2,018E+11;2;7;0;0;2;1;2;C01
2,018E+11;2;7;0;0;2;4;1;A01
2,018E+11;1;7;0;0;2;4;2;B01
2,018E+11;1;31;0;0;2;1;0;A01
2,018E+11;1;7;0;0;2;4;2;D01
2,018E+11;1;7;0;0;2;4;2;C01
2,018E+11;1;7;0;0;2;4;2;B01
2,018E+11;1;7;0;0;2;1;2;A01
2,018E+11;1;7;0;0;2;1;9;A01
2,018E+11;1;7;0;0;2;4;9;B01
2,018E+11;2;33;0;0;2;1;2;B01
2,018E+11;2;7;0;0;2;6;2;A01
2,018E+11;1;7;0;0;2;4;2;A01
2,018E+11;1;33;0;0;2;1;2;B01
2,018E+11;2;10;0;3;0;2;14;A01
2,018E+11;1;7;0;0;0;4;2;A01
2,018E+11;1;7;0;0;2;4;2;C01
2,018E+11;1;7;0;0;2;4;2;B01
2,018E+11;1;7;0;0;2;1;2;D01
2,018E+11;2;7;0;0;2;8;18;B01
2,018E+11;2;7;0;3;2;7;2;A01
2,018E+11;2;7;0;0;2;4;2;B01
2,018E+11;2;7;0;0;2;4;1;A01
2,018E+11;2;7;0;0;2;1;2;C01
2,018E+11;1;33;0;0;0;0;1;B01
2,018E+11;1;7;0;0;0;0;9;A01
2,018E+11;2;7;0;0;2;2;1;A01
2,018E+11;0;7;0;0;0;9;1;A01
2,018E+11;1;33;0;3;0;3;16;A01
2,018E+11;2;7;0;13;0;1;2;A01
2,018E+11;2;7;0;0;2;6;2;A01
2,018E+11;1;7;0;0;2;2;2;Z01
2,018E+11;2;7;0;0;2;1;2;B01
2,018E+11;2;7;0;0;6;5;1;A01
2,018E+11;2;7;0;0;2;3;1;A01
2,018E+11;2;14;0;0;2;5;12;B01
2,018E+11;2;33;0;0;2;1;2;B01
2,018E+11;2;7;0;0;2;4;1;A01
2,018E+11;1;7;0;4;0;3;1;A01
2,018E+11;1;7;0;0;2;1;2;Z01
2,018E+11;1;7;0;0;2;2;2;C01
2,018E+11;1;7;0;0;2;3;18;B01
2,018E+11;1;15;0;0;2;2;12;A01
2,018E+11;2;10;0;0;2;4;1;A01
2,018E+11;2;10;0;0;2;1;2;B01
2,018E+11;2;7;0;3;0;1;1;A01
2,018E+11;1;7;0;0;2;1;2;B01
2,018E+11;1;7;0;0;2;4;0;A01
2,018E+11;1;10;0;0;2;4;23;A01
2,018E+11;1;7;0;1;0;1;2;B01
2,018E+11;1;7;0;0;2;1;1;A01
2,018E+11;1;14;0;0;2;6;1;B01
2,018E+11;1;10;0;0;2;1;2;A01
2,018E+11;1;7;0;0;0;4;1;B01
2,018E+11;2;7;0;0;2;6;2;B01
2,018E+11;2;7;0;0;2;2;2;C01
2,018E+11;2;7;0;0;2;4;2;A01
2,018E+11;2;7;0;0;2;8;2;A01
2,018E+11;2;14;0;0;2;2;12;B01
2,018E+11;1;7;0;4;0;4;0;A01
2,018E+11;2;7;0;0;2;4;1;B01
2,018E+11;2;7;0;0;2;4;1;A01
2,018E+11;2;10;0;0;2;1;1;C01
2,018E+11;;7;0;;;;;A01
2,018E+11;;7;0;;;;;B01
2,018E+11;;7;0;;;;;C01
2,018E+11;2;7;0;4;2;7;1;B01
2,018E+11;2;7;0;4;2;8;13;A01
2,018E+11;2;33;0;0;2;1;3;B01
2,018E+11;2;7;0;0;2;5;1;A01
2,018E+11;1;34;0;0;6;1;2;A01
2,018E+11;2;7;0;3;2;1;2;B01
2,018E+11;2;10;0;0;2;4;1;A01
2,018E+11;1;7;0;0;2;2;1;A01
2,018E+11;1;10;0;0;2;3;18;Z01
2,018E+11;1;7;0;0;2;7;12;B01
2,018E+11;1;34;0;0;2;1;3;A01
2,018E+11;1;7;0;4;0;1;2;A01
2,018E+11;1;7;0;0;2;4;2;A01
2,018E+11;1;7;0;0;2;1;2;B01
2,018E+11;1;7;0;4;2;6;1;A01
2,018E+11;1;7;0;0;2;5;14;B01
2,018E+11;1;7;0;0;2;4;1;A01
2,018E+11;1;7;0;0;2;1;1;B01
2,018E+11;2;7;0;3;2;6;2;A01
2,018E+11;2;7;0;3;2;1;2;B01
2,018E+11;2;15;0;0;2;4;2;A01
2,018E+11;0;7;0;0;2;1;2;B01
2,018E+11;1;7;0;0;2;8;1;B01
2,018E+11;1;14;0;0;2;1;12;A01
2,018E+11;2;7;0;3;0;1;14;A01
2,018E+11;1;7;0;4;0;2;14;A01
2,018E+11;2;7;0;0;2;0;0;B01
2,018E+11;2;7;0;0;2;4;1;A01
2,018E+11;1;7;0;3;2;0;0;A01
2,018E+11;1;7;0;0;2;6;2;B01
2,018E+11;1;34;0;4;0;1;21;B01
2,018E+11;1;7;0;0;0;0;1;A01
2,018E+11;1;7;0;3;0;2;13;A01
2,018E+11;2;13;0;0;2;8;2;A01
2,018E+11;2;33;0;0;2;7;2;B01
2,018E+11;2;7;0;0;2;1;2;B01
2,018E+11;2;7;0;0;2;4;2;A01
2,018E+11;2;7;0;3;2;9;9;A01
2,018E+11;2;15;0;3;2;1;2;B01
2,018E+11;2;15;0;3;2;1;2;C01
2,018E+11;2;7;0;0;2;5;2;A01
2,018E+11;2;7;0;0;2;8;14;Z01
2,018E+11;1;34;0;0;2;8;21;B01
2,018E+11;1;7;0;0;2;5;2;A01
2,018E+11;2;7;0;0;2;4;2;A01
2,018E+11;2;7;0;0;2;1;2;B01
2,018E+11;2;7;0;2;0;1;15;A01
2,018E+11;2;7;0;0;2;6;11;A01
2,018E+11;2;33;0;0;2;1;1;B01
2,018E+11;2;7;0;0;0;0;0;Z01
2,018E+11;2;7;0;3;0;2;13;A01
2,018E+11;1;7;0;0;2;5;1;B01
2,018E+11;1;33;0;0;2;1;3;A01
2,018E+11;2;7;0;3;0;1;13;A01
2,018E+11;1;7;0;0;2;2;21;B01
2,018E+11;1;10;0;0;2;6;0;A01
2,018E+11;1;7;0;0;2;3;23;A01
2,018E+11;1;13;0;0;2;1;2;B01
2,018E+11;1;33;0;0;0;7;2;A01
2,018E+11;1;7;0;0;2;4;23;D01
2,018E+11;1;7;0;0;2;4;23;C01
2,018E+11;1;7;0;0;2;4;23;B01
2,018E+11;1;7;0;0;2;1;2;A01
2,018E+11;1;7;0;0;2;0;1;C01
2,018E+11;1;7;0;0;2;1;12;D01
2,018E+11;1;7;0;0;2;0;1;B01
2,018E+11;1;7;0;0;2;1;1;A01
2,018E+11;1;7;0;14;0;0;0;C01
2,018E+11;1;7;0;14;0;2;21;E01
2,018E+11;1;7;0;3;0;1;14;A01
2,018E+11;1;7;0;14;0;3;1;B01
2,018E+11;1;7;0;14;0;0;0;D01
2,018E+11;1;7;0;3;0;5;14;A01
2,018E+11;2;7;0;0;2;1;2;B01
2,018E+11;2;7;0;0;0;4;2;A01
2,018E+11;2;7;0;0;2;2;2;B01
2,018E+11;2;7;0;0;2;4;2;A01
2,018E+11;1;14;0;0;2;2;12;B01
2,018E+11;1;7;0;0;2;6;1;A01
2,018E+11;2;7;0;0;2;1;2;B01
2,018E+11;2;7;0;0;2;4;2;A01
2,018E+11;1;7;0;0;2;2;12;B01
2,018E+11;1;33;0;0;2;0;3;A01
2,018E+11;1;7;0;0;0;5;2;A01
2,018E+11;1;33;0;0;2;1;2;B01
2,018E+11;1;7;0;4;0;1;2;B01
2,018E+11;1;7;0;0;0;4;2;A01
2,018E+11;1;10;0;0;2;2;14;A01
2,018E+11;1;7;0;0;2;6;1;B01
2,018E+11;2;7;0;6;0;9;3;A01
2,018E+11;2;7;0;0;2;9;1;B01
2,018E+11;2;7;0;0;2;2;2;B01
2,018E+11;2;7;0;0;2;4;2;A01
2,018E+11;2;7;0;0;2;4;2;A01
2,018E+11;2;7;0;0;2;1;2;B01
2,018E+11;1;7;0;0;2;4;2;A01
2,018E+11;1;7;0;0;0;0;0;Z01
2,018E+11;2;7;0;0;2;4;2;A01
2,018E+11;2;14;0;0;2;1;2;D01
2,018E+11;2;7;0;0;2;4;2;B01
2,018E+11;2;7;0;0;2;4;2;C01
2,018E+11;2;13;0;0;2;4;2;A01
2,018E+11;2;33;0;0;2;1;2;B01
2,018E+11;1;7;0;3;0;1;14;A01
2,018E+11;1;7;0;6;0;8;13;A01
2,018E+11;0;7;0;0;2;1;2;B01
2,018E+11;0;7;0;0;2;4;23;A01
2,018E+11;1;10;0;0;2;1;2;A01
2,018E+11;1;37;10;0;2;4;2;D01
2,018E+11;1;7;0;0;2;9;23;B01
2,018E+11;1;7;0;0;2;9;23;C01
2,018E+11;2;7;0;0;2;4;2;A01
2,018E+11;2;10;0;0;2;1;2;C01
2,018E+11;2;7;0;0;2;4;2;B01
2,018E+11;1;10;0;3;0;1;12;A01
2,018E+11;2;7;0;0;2;4;1;D01
2,018E+11;2;7;0;0;2;1;1;A01
2,018E+11;2;7;0;0;2;4;1;C01
2,018E+11;2;7;0;0;2;1;1;B01
2,018E+11;1;7;0;0;2;4;1;A01
2,018E+11;1;7;0;0;2;1;1;C01
2,018E+11;1;7;0;0;2;4;1;B01
2,018E+11;2;34;0;3;0;8;16;A01
2,018E+11;2;7;0;0;2;1;2;B01
2,018E+11;2;10;0;0;2;4;2;A01
2,018E+11;2;7;0;0;2;5;1;A01
2,018E+11;2;32;0;0;2;7;12;C01
2,018E+11;2;34;0;0;2;6;1;B01
2,018E+11;2;7;0;2;0;1;13;A01
2,018E+11;1;7;0;0;0;0;0;B01
2,018E+11;1;7;0;0;2;2;14;A01
2,018E+11;2;7;0;0;2;4;12;A01
2,018E+11;2;7;0;0;2;1;12;B01
2,018E+11;2;33;0;0;2;9;0;C01
2,018E+11;2;34;0;0;2;0;0;A01
2,018E+11;2;7;0;0;2;1;2;B01
2,018E+11;1;31;0;5;0;8;13;A01
2,018E+11;2;7;0;0;0;6;2;A01
2,018E+11;2;7;0;0;0;0;0;Z01
2,018E+11;1;33;0;4;0;1;16;A01
2,018E+11;1;7;0;0;2;6;1;A01
2,018E+11;1;7;0;0;2;2;12;Z01
2,018E+11;1;7;0;0;2;4;1;A01
2,018E+11;1;7;0;0;0;0;0;B01
2,018E+11;1;7;0;0;2;1;0;C01
2,018E+11;1;7;0;0;2;5;2;B01
2,018E+11;1;7;0;0;2;5;2;A01
2,018E+11;1;7;0;0;2;4;2;A01
2,018E+11;1;7;0;0;2;1;2;B01
2,018E+11;2;7;0;3;2;9;2;B01
2,018E+11;2;7;0;3;2;1;2;C01
2,018E+11;2;7;0;3;2;4;2;A01
2,018E+11;2;33;0;0;0;8;2;A01
2,018E+11;1;7;0;3;0;6;1;A01
2,018E+11;;14;0;;;;;B01
2,018E+11;1;7;0;0;2;1;2;D01
2,018E+11;1;7;0;0;2;4;2;C01
2,018E+11;1;7;0;0;2;4;2;B01
2,018E+11;1;7;0;0;2;4;2;A01
2,018E+11;2;33;0;0;0;8;11;A01
2,018E+11;1;32;0;0;2;3;3;B01
2,018E+11;1;7;0;0;2;2;12;A01
2,018E+11;2;7;0;0;2;6;1;C01
2,018E+11;1;15;0;0;2;0;2;A01
2,018E+11;2;33;0;0;2;2;3;B01
2,018E+11;1;10;0;3;0;1;1;A01
2,018E+11;1;34;0;0;2;2;2;A01
2,018E+11;1;7;0;0;2;3;1;B01
2,018E+11;1;32;0;0;2;7;16;A01
2,018E+11;0;10;0;0;2;1;1;B01
2,018E+11;1;7;0;0;2;4;1;A01
2,018E+11;1;7;0;0;2;1;1;B01
2,018E+11;1;7;0;0;2;1;1;C01
2,018E+11;2;7;0;0;2;4;2;A01
2,018E+11;2;7;0;0;2;1;2;B01
2,018E+11;1;34;0;7;0;0;0;A01
2,018E+11;2;7;0;0;2;4;1;A01
2,018E+11;1;7;0;4;2;8;13;B01
2,018E+11;1;7;0;5;0;1;1;A01
2,018E+11;1;10;0;0;2;1;2;A01
2,018E+11;1;13;0;0;2;8;10;B01
2,018E+11;1;7;0;0;2;1;1;A01
2,018E+11;1;7;0;4;2;4;1;B01
2,018E+11;1;7;0;0;2;1;2;C01
2,018E+11;1;7;0;0;2;1;11;A01
2,018E+11;1;7;0;0;2;1;1;B01
2,018E+11;1;7;0;0;2;1;2;B01
2,018E+11;1;7;0;0;2;4;2;A01
2,018E+11;2;7;0;0;2;9;12;B01
2,018E+11;2;15;0;0;2;7;1;A01
2,018E+11;1;7;0;0;2;4;2;D01
2,018E+11;1;10;0;0;2;1;2;C01
2,018E+11;1;7;0;0;2;4;2;A01
2,018E+11;1;7;0;0;2;4;2;B01
2,018E+11;2;7;0;0;2;1;2;C01
2,018E+11;2;7;0;0;2;4;2;B01
2,018E+11;2;7;0;0;0;4;1;A01
2,018E+11;2;7;0;0;0;6;1;A01
2,018E+11;2;7;0;0;2;2;21;B01
2,018E+11;2;7;0;0;2;5;9;B01
2,018E+11;2;33;0;0;2;3;12;A01
2,018E+11;2;7;0;0;2;2;12;C01
2,018E+11;2;7;0;0;2;4;2;A01
2,018E+11;2;7;0;0;2;1;2;B01
2,018E+11;1;7;0;0;2;6;1;A01
2,018E+11;1;34;0;0;2;1;11;B01
2,018E+11;1;7;0;6;0;3;13;A01
2,018E+11;2;7;0;0;2;4;2;A01
2,018E+11;2;7;0;0;2;1;2;B01
2,018E+11;2;7;0;15;0;7;15;A01
2,018E+11;2;7;0;0;2;1;2;B01
2,018E+11;2;7;0;0;2;4;2;A01
2,018E+11;1;7;0;3;0;1;14;A01
2,018E+11;2;7;0;3;2;8;13;B01
2,018E+11;2;7;0;3;2;7;2;A01
2,018E+11;2;7;0;0;0;1;2;A01
2,018E+11;1;7;0;0;2;4;2;A01
2,018E+11;1;15;0;0;2;1;2;B01
2,018E+11;1;7;0;4;2;8;2;A01
2,018E+11;1;33;0;4;2;7;3;B01
2,018E+11;2;7;0;0;2;1;2;A01
2,018E+11;2;7;0;0;2;4;2;B01
2,018E+11;1;7;0;4;0;4;14;A01
2,018E+11;1;7;0;4;0;9;14;B01
2,018E+11;2;7;0;0;2;6;11;A01
2,018E+11;2;33;0;0;2;1;3;B01
2,018E+11;2;10;0;0;2;0;2;E01
2,018E+11;1;10;0;0;2;1;2;C01
2,018E+11;1;10;0;0;2;1;2;B01
2,018E+11;2;7;0;0;2;4;2;D01
2,018E+11;2;7;0;0;2;1;2;1 F
2,018E+11;1;7;0;0;2;4;2;A01
2,018E+11;2;7;0;0;2;1;1;C01
2,018E+11;2;7;0;0;2;4;1;B01
2,018E+11;2;7;0;0;2;4;1;A01
2,018E+11;1;7;0;0;2;1;2;A01
2,018E+11;1;7;0;0;2;4;2;C01
2,018E+11;1;7;0;0;2;4;2;B01
2,018E+11;1;7;0;0;2;4;2;D01
2,018E+11;1;7;0;0;2;1;2;B01
2,018E+11;1;7;0;0;2;6;2;A01
2,018E+11;2;7;0;0;2;1;2;B01
2,018E+11;2;7;0;0;2;4;1;A01
2,018E+11;2;7;0;0;2;1;1;A01
2,018E+11;2;7;0;0;2;4;11;B01
2,018E+11;2;7;0;0;2;4;2;C01
2,018E+11;2;7;0;0;2;4;1;D01
2,018E+11;1;7;0;14;0;1;1;A01
2,018E+11;2;7;0;4;2;4;2;A01
2,018E+11;2;10;0;4;2;1;2;C01
2,018E+11;2;7;0;4;2;4;2;B01
2,018E+11;2;7;0;0;0;1;14;A01
2,018E+11;2;7;0;3;0;1;14;A01
2,018E+11;2;7;0;0;2;4;2;A01
2,018E+11;2;7;0;0;2;4;2;B01
2,018E+11;2;7;0;0;2;4;2;C01
2,018E+11;2;7;0;0;2;1;2;D01
2,018E+11;2;7;0;3;0;2;1;A01
2,018E+11;2;10;0;0;2;1;2;C01
2,018E+11;2;7;0;0;2;4;2;A01
2,018E+11;2;7;0;0;2;4;2;B01
2,018E+11;2;14;0;0;2;7;1;A01
2,018E+11;2;15;0;0;0;8;1;B01
2,018E+11;2;7;0;0;2;4;1;A01
2,018E+11;2;7;0;0;2;1;1;B01
2,018E+11;2;34;0;0;0;1;1;A01
2,018E+11;2;7;0;0;2;1;2;B01
2,018E+11;2;7;0;0;2;4;2;A01
2,018E+11;2;33;0;14;0;1;1;A01
2,018E+11;;7;0;;;;;B01
2,018E+11;1;34;0;0;2;1;1;A01
2,018E+11;2;7;0;0;2;4;2;A01