Num_Acc;senc;catv;occutc;obs;obsm;choc;manv;num_veh
2,018E+11;2;7;0;0;1;3;14;A01
2,018E+11;0;99;0;0;2;1;1;A01
2,018E+11;0;99;0;0;2;1;10;B01
2,018E+11;2;7;0;0;2;2;15;A01
2,018E+11;1;7;0;0;2;1;1;B01
2,018E+11;1;10;0;0;1;2;1;A01
2,018E+11;1;7;0;0;2;4;1;B01
2,018E+11;1;30;0;0;2;1;1;A01
2,018E+11;1;7;0;0;2;4;2;A01
2,018E+11;1;31;0;0;2;1;2;B01
2,018E+11;1;31;0;0;0;0;1;A01
2,018E+11;1;31;0;0;2;8;2;A01
2,018E+11;1;7;0;0;2;3;2;B01
2,018E+11;1;7;0;0;2;5;2;B01
2,018E+11;1;31;0;0;2;8;2;A01
2,018E+11;2;31;0;0;2;1;2;A01
2,018E+11;2;7;0;0;2;8;2;B01
2,018E+11;2;33;0;0;2;1;1;B01
2,018E+11;1;7;0;0;2;4;1;A01
2,018E+11;2;7;0;0;2;4;1;B01
2,018E+11;2;31;0;0;2;1;2;A01
2,018E+11;1;7;0;0;2;1;13;A01
2,018E+11;2;7;0;0;2;1;1;B01
2,018E+11;1;30;0;0;6;3;13;A01
2,018E+11;1;1;0;0;2;2;1;B01
2,018E+11;1;33;0;11;0;1;0;A01
2,018E+11;2;7;0;0;2;1;1;A01
2,018E+11;2;7;0;0;2;4;1;B01
2,018E+11;2;7;0;0;2;5;12;A01
2,018E+11;2;31;0;0;2;0;0;B01
2,018E+11;1;33;0;4;0;1;1;A01
2,018E+11;1;7;0;12;0;9;11;A01
2,018E+11;1;33;0;0;2;1;1;B01
2,018E+11;0;7;0;0;2;8;1;A01
2,018E+11;1;7;0;0;2;6;11;A01
2,018E+11;1;7;0;0;2;2;1;B01
2,018E+11;1;30;0;14;0;1;0;A01
2,018E+11;1;7;0;9;0;1;14;A01
2,018E+11;1;7;0;0;2;4;1;A01
2,018E+11;1;7;0;0;2;1;2;B01
2,018E+11;1;33;0;0;0;0;0;A01
2,018E+11;2;7;0;0;2;7;16;B01
2,018E+11;2;32;0;0;2;8;18;A01
2,018E+11;1;33;0;;;;;A01
2,018E+11;1;3;0;;;;;B01
2,018E+11;1;7;0;0;2;1;11;A01
2,018E+11;2;7;0;0;2;1;1;B01
2,018E+11;1;33;0;0;2;1;1;A01
2,018E+11;0;7;0;0;2;7;15;B01
2,018E+11;1;7;0;0;2;1;2;A01
2,018E+11;1;7;0;0;2;4;1;B01
2,018E+11;1;7;0;0;2;4;2;C01
2,018E+11;1;7;0;0;2;2;15;A01
2,018E+11;2;33;0;0;2;1;1;B01
2,018E+11;0;33;0;0;2;6;17;A01
2,018E+11;0;7;0;0;2;8;15;B01
2,018E+11;2;7;0;0;2;1;1;C01
2,018E+11;1;31;0;0;2;2;17;A01
2,018E+11;1;31;0;0;2;3;1;B01
2,018E+11;0;7;0;0;2;1;1;B01
2,018E+11;2;7;0;3;2;1;17;A01
2,018E+11;1;7;0;0;2;3;1;B01
2,018E+11;2;33;0;0;2;3;13;A01
2,018E+11;1;33;0;0;2;7;14;A01
2,018E+11;1;10;0;0;2;8;1;B01
2,018E+11;1;7;0;3;2;2;0;A01
2,018E+11;1;7;0;16;2;3;2;B01
2,018E+11;1;7;0;0;1;1;1;A01
2,018E+11;2;7;0;0;2;2;15;B01
2,018E+11;1;33;0;0;2;7;17;A01
2,018E+11;2;7;0;0;2;3;21;A01
2,018E+11;1;7;0;0;2;3;1;C01
2,018E+11;2;10;0;0;2;0;0;B01
2,018E+11;2;7;0;4;2;5;1;C01
2,018E+11;2;7;0;0;2;8;13;B01
2,018E+11;2;33;0;0;2;7;14;A01
2,018E+11;0;10;0;13;0;1;0;A01
2,018E+11;1;32;0;0;2;1;2;B01
2,018E+11;1;7;0;0;2;6;15;A01
2,018E+11;1;31;0;0;2;1;17;A01
2,018E+11;1;7;0;0;2;8;15;B01
2,018E+11;0;7;0;0;2;1;1;A01
2,018E+11;1;7;0;0;2;4;1;B01
2,018E+11;1;7;0;0;2;4;1;C01
2,018E+11;2;31;0;0;2;1;17;A01
2,018E+11;2;7;0;0;2;3;15;B01
2,018E+11;1;10;0;0;2;3;15;A01
2,018E+11;1;33;0;0;2;8;0;B01
2,018E+11;1;7;0;0;2;1;1;A01
2,018E+11;1;7;0;0;2;4;1;B01
2,018E+11;1;7;0;0;1;1;1;A01
2,018E+11;2;7;0;0;2;7;1;Z01
2,018E+11;2;30;0;0;2;8;1;A01
2,018E+11;1;7;0;0;2;1;2;A01
2,018E+11;1;7;0;0;2;4;1;B01
2,018E+11;1;7;0;0;2;4;1;C01
2,018E+11;1;30;0;0;2;1;1;B01
2,018E+11;1;7;0;0;2;3;19;A01
2,018E+11;1;7;0;0;2;1;14;B01
2,018E+11;1;31;0;0;2;1;14;A01
2,018E+11;1;7;0;0;2;8;1;B01
2,018E+11;1;31;0;0;2;1;1;A01
2,018E+11;1;7;0;0;9;0;15;A01
2,018E+11;1;99;0;0;2;2;0;B01
2,018E+11;1;31;0;0;0;8;24;B01
2,018E+11;1;17;0;0;2;0;1;A01
2,018E+11;0;7;0;0;2;2;9;A01
2,018E+11;0;34;0;0;0;6;23;B01
2,018E+11;1;7;0;0;9;3;9;A01
2,018E+11;1;1;0;0;2;1;2;B01
2,018E+11;1;7;0;13;2;1;20;A01
2,018E+11;0;10;0;0;2;5;24;B01
2,018E+11;2;2;0;0;2;2;2;A01
2,018E+11;1;7;0;0;9;7;1;B01
2,018E+11;1;7;0;0;2;8;9;B01
2,018E+11;1;34;0;0;2;1;1;A01
2,018E+11;2;33;0;0;2;1;1;B01
2,018E+11;1;7;0;0;9;5;1;A01
2,018E+11;1;2;0;0;2;4;2;B01
2,018E+11;2;31;0;0;9;1;2;A01
2,018E+11;1;31;0;0;2;1;2;A01
2,018E+11;0;10;0;0;2;4;2;B01
2,018E+11;2;34;0;0;0;1;2;A01
2,018E+11;1;33;0;0;2;8;17;A01
2,018E+11;1;7;0;0;2;1;9;B01
2,018E+11;1;7;0;0;1;1;1;A01
2,018E+11;1;34;0;0;2;1;2;A01
2,018E+11;1;7;0;0;2;4;2;B01
2,018E+11;1;31;0;0;2;1;1;B01
2,018E+11;1;7;0;0;2;3;9;A01
2,018E+11;1;34;0;0;0;8;2;A01
2,018E+11;2;30;0;1;0;1;18;A01
2,018E+11;2;7;0;0;2;5;22;B01
2,018E+11;1;1;0;0;2;0;0;B01
2,018E+11;1;7;0;0;9;3;15;A01
2,018E+11;1;1;0;0;2;4;2;B01
2,018E+11;1;7;0;0;2;1;0;A01
2,018E+11;1;7;0;0;2;1;9;A01
2,018E+11;1;99;0;0;2;1;1;B01
2,018E+11;2;7;0;0;2;2;15;A01
2,018E+11;1;7;0;0;2;1;1;A01
2,018E+11;1;2;0;0;2;2;1;B01
2,018E+11;2;34;0;15;0;1;14;A01
2,018E+11;1;7;0;0;2;1;2;A01
2,018E+11;1;32;0;0;2;4;2;B01
2,018E+11;1;2;0;0;2;1;17;B01
2,018E+11;1;7;0;0;9;8;15;A01
2,018E+11;1;7;0;0;2;8;1;B01
2,018E+11;1;1;0;0;2;1;15;A01
2,018E+11;2;7;0;16;0;1;1;A01
2,018E+11;1;7;0;0;1;1;1;A01
2,018E+11;1;2;0;0;2;5;1;B01
2,018E+11;0;7;0;0;2;1;0;Z01
2,018E+11;1;1;0;0;2;4;1;B01
2,018E+11;1;7;0;0;2;3;15;A01
2,018E+11;0;7;0;0;2;2;15;A01
2,018E+11;1;2;0;0;2;1;1;B01
2,018E+11;0;7;0;0;2;1;1;Z01
2,018E+11;1;1;0;0;2;1;15;A01
2,018E+11;1;30;0;0;2;7;1;A01
2,018E+11;1;7;0;0;2;0;15;B01
2,018E+11;1;7;0;0;2;6;1;B01
2,018E+11;0;30;0;0;2;1;1;A01
2,018E+11;1;7;0;0;2;4;1;B01
2,018E+11;0;32;0;0;2;1;1;A01
2,018E+11;1;7;0;0;2;4;1;B01
2,018E+11;1;30;0;0;2;1;1;A01
2,018E+11;1;31;0;0;2;1;21;B01
2,018E+11;1;7;0;0;2;1;9;A01
2,018E+11;1;30;0;0;1;1;1;A01
2,018E+11;2;7;0;0;2;2;1;A01
2,018E+11;2;2;0;0;2;1;1;B01
2,018E+11;1;7;0;0;2;1;15;A01
2,018E+11;1;30;0;0;2;1;1;B01
2,018E+11;1;30;0;0;2;8;1;B01
2,018E+11;1;10;0;0;2;1;15;A01
2,018E+11;1;7;0;0;2;8;15;A01
2,018E+11;1;31;0;0;2;7;1;B01
2,018E+11;1;7;0;0;1;1;2;A01
2,018E+11;1;30;0;0;2;1;1;B01
2,018E+11;1;7;0;0;2;3;15;A01
2,018E+11;1;7;0;0;2;2;1;B01
2,018E+11;1;30;0;0;2;1;15;A01
2,018E+11;1;7;0;0;1;1;1;A01
2,018E+11;1;30;0;0;2;8;18;A01
2,018E+11;1;7;0;0;2;5;16;B01
2,018E+11;1;7;0;0;9;2;1;B01
2,018E+11;2;2;0;0;2;1;19;A01
2,018E+11;1;2;0;0;2;1;1;B01
2,018E+11;1;7;0;0;2;1;1;A01
2,018E+11;1;37;3;0;2;3;1;B01
2,018E+11;1;7;0;0;2;3;1;A01
2,018E+11;1;33;0;0;2;1;1;B01
2,018E+11;1;7;0;0;2;2;19;A01
2,018E+11;1;2;0;0;2;7;1;A01
2,018E+11;2;7;0;0;9;2;15;B01
2,018E+11;1;30;0;0;2;1;2;A01
2,018E+11;1;7;0;0;2;4;2;B01
2,018E+11;1;7;0;0;2;2;1;B01
2,018E+11;1;1;0;0;2;1;15;A01
2,018E+11;1;7;0;0;1;5;1;A01
2,018E+11;1;34;0;0;2;1;0;A01
2,018E+11;2;7;0;0;9;6;0;B01
2,018E+11;1;7;0;0;1;1;1;A01
2,018E+11;1;2;0;0;2;1;2;B01
2,018E+11;2;7;0;0;2;2;9;A01
2,018E+11;0;30;0;0;2;8;2;B01
2,018E+11;0;7;0;0;2;8;15;A01
2,018E+11;1;7;0;0;1;2;1;A01
2,018E+11;1;1;0;0;2;8;1;A01
2,018E+11;1;30;0;0;0;0;1;A01
2,018E+11;1;34;0;0;2;2;17;A01
2,018E+11;1;7;0;0;2;8;15;B01
2,018E+11;1;7;0;0;2;4;9;B01
2,018E+11;1;7;0;0;2;1;9;A01
2,018E+11;1;34;0;1;0;1;0;A01
2,018E+11;0;7;0;0;9;5;24;B01
2,018E+11;1;2;0;0;2;7;17;B01
2,018E+11;1;10;0;0;6;8;17;A01
2,018E+11;1;7;0;0;1;1;1;A01
2,018E+11;1;2;0;0;2;4;1;A01
2,018E+11;1;10;0;0;6;0;0;Z01
2,018E+11;2;7;0;0;2;5;15;A01
2,018E+11;1;7;0;0;0;1;1;B01
2,018E+11;1;2;0;0;2;1;15;A01
2,018E+11;1;7;0;0;2;5;2;B01
2,018E+11;0;7;0;0;2;1;2;A01
2,018E+11;0;1;0;0;2;4;2;B01
2,018E+11;1;2;0;0;2;1;15;A01
2,018E+11;1;7;0;0;2;0;23;C01
2,018E+11;1;7;0;0;2;0;1;B01
2,018E+11;1;30;0;0;2;4;23;B01
2,018E+11;1;37;1;0;2;1;2;A01
2,018E+11;1;34;0;0;2;7;1;B01
2,018E+11;1;7;0;0;6;1;19;A01
2,018E+11;1;2;0;0;0;0;0;A01
2,018E+11;0;10;0;0;2;1;16;B01
2,018E+11;2;30;0;0;2;1;1;A01
2,018E+11;1;7;0;0;2;1;15;A01
2,018E+11;1;2;0;0;2;7;1;B01
2,018E+11;0;2;0;0;2;0;21;A01
2,018E+11;0;7;0;1;0;2;16;B01
2,018E+11;1;7;0;0;2;1;1;B01
2,018E+11;1;14;0;0;2;8;15;A01
2,018E+11;0;30;0;0;2;1;17;A01
2,018E+11;1;7;0;0;2;1;15;B01
2,018E+11;1;10;0;0;2;1;0;C01
2,018E+11;1;30;0;0;2;1;1;B01
2,018E+11;0;32;0;0;2;1;1;A01
2,018E+11;1;2;0;0;2;7;17;A01
2,018E+11;1;7;0;0;6;1;13;B01
2,018E+11;2;99;0;0;2;0;0;Z01
2,018E+11;1;30;0;0;2;1;1;B01
2,018E+11;1;7;0;0;2;1;2;A01
2,018E+11;1;7;0;0;2;4;2;B01
2,018E+11;1;7;0;0;2;5;2;C01
2,018E+11;2;7;0;0;6;4;1;B01
2,018E+11;2;2;0;0;2;1;2;A01
2,018E+11;1;7;0;0;2;3;0;B01
2,018E+11;1;30;0;0;2;1;16;A01
2,018E+11;2;2;0;0;2;1;21;A01
2,018E+11;1;7;0;0;2;7;1;B01
2,018E+11;0;7;0;0;2;1;2;A01
2,018E+11;0;10;0;0;2;4;2;B01
2,018E+11;1;7;0;0;2;2;9;A01
2,018E+11;1;2;0;0;2;5;1;B01
2,018E+11;1;30;0;0;2;1;0;B01
2,018E+11;0;7;0;0;2;1;0;A01
2,018E+11;1;2;0;0;2;1;17;B01
2,018E+11;1;7;0;0;6;3;15;A01
2,018E+11;2;7;0;0;2;1;15;A01
2,018E+11;1;7;0;0;2;1;1;B01
2,018E+11;0;32;0;0;2;1;1;A01
2,018E+11;0;1;0;0;2;6;1;B01
2,018E+11;0;2;0;0;0;7;1;A01
2,018E+11;0;7;0;0;2;1;1;B01
2,018E+11;0;32;0;0;2;1;17;A01
2,018E+11;1;7;0;0;2;4;2;B01
2,018E+11;1;2;0;0;2;1;2;A01
2,018E+11;1;7;0;0;2;2;19;A01
2,018E+11;1;7;0;0;2;3;19;B01
2,018E+11;0;30;0;0;2;1;13;A01
2,018E+11;0;7;0;0;2;8;1;B01
2,018E+11;1;7;0;0;2;4;2;B01
2,018E+11;1;7;0;0;2;1;2;A01
2,018E+11;0;7;0;0;1;7;1;A01
2,018E+11;0;7;0;8;0;8;13;A01
2,018E+11;1;7;0;0;1;1;1;A01
2,018E+11;1;7;0;0;2;3;15;A01
2,018E+11;1;33;0;0;2;1;1;B01
2,018E+11;2;7;0;0;2;2;15;B01
2,018E+11;2;1;0;0;2;1;18;A01
2,018E+11;1;2;0;0;2;1;1;B01
2,018E+11;1;7;0;0;6;8;19;A01
2,018E+11;1;7;0;0;2;7;1;B01
2,018E+11;1;2;0;0;2;1;1;A01
2,018E+11;1;7;0;0;1;7;2;A01
2,018E+11;1;32;0;0;2;1;17;A01
2,018E+11;1;7;0;0;6;3;0;B01
2,018E+11;1;31;0;0;2;1;2;Z01
2,018E+11;1;1;0;0;2;4;1;B01
2,018E+11;1;7;0;0;2;3;1;B01
2,018E+11;0;1;0;0;2;1;1;A01
2,018E+11;1;30;0;0;2;1;1;B01
2,018E+11;1;7;0;0;2;3;1;C01
2,018E+11;1;30;0;0;2;1;1;A01
2,018E+11;1;32;0;0;6;7;0;A01
2,018E+11;0;1;0;0;2;0;0;B01
2,018E+11;1;7;0;0;2;1;2;B01
2,018E+11;0;7;0;0;2;1;2;A01
2,018E+11;1;7;0;0;2;4;2;C01
2,018E+11;1;31;0;0;2;1;1;A01
2,018E+11;1;2;0;0;2;0;1;Z01
2,018E+11;1;2;0;0;2;0;1;A01
2,018E+11;1;1;0;0;2;0;0;B01
2,018E+11;2;2;0;0;2;7;1;B01
2,018E+11;2;7;0;0;2;3;15;A01
2,018E+11;0;7;0;0;2;1;1;B01
2,018E+11;0;1;0;0;2;1;5;A01
2,018E+11;1;7;0;0;1;1;1;A01
2,018E+11;1;7;0;0;1;1;1;A01
2,018E+11;1;7;0;0;2;3;19;B01
2,018E+11;1;30;0;0;2;0;17;A01
2,018E+11;1;2;0;0;2;1;18;A01
2,018E+11;1;10;0;0;2;5;16;B01
2,018E+11;1;7;0;0;2;1;1;A01
2,018E+11;1;13;0;0;2;4;23;B01
2,018E+11;1;30;0;0;2;8;16;A01
2,018E+11;1;32;0;0;2;1;1;B01
2,018E+11;1;7;0;0;2;5;0;B01
2,018E+11;1;30;0;0;2;1;1;A01
2,018E+11;1;7;0;0;2;2;16;B01
2,018E+11;1;30;0;0;2;1;18;A01
2,018E+11;2;7;0;0;2;4;2;B01
2,018E+11;2;32;0;0;2;1;2;A01
2,018E+11;0;7;0;0;1;1;1;A01
2,018E+11;1;1;0;0;2;4;0;B01
2,018E+11;0;7;0;0;2;1;1;A01
2,018E+11;0;2;0;0;2;8;1;B01
2,018E+11;0;10;0;0;2;7;1;A01
2,018E+11;2;10;0;1;2;5;19;A01
2,018E+11;2;7;0;0;2;1;24;C01
2,018E+11;2;7;0;0;2;1;1;B01
2,018E+11;2;7;0;0;2;1;2;B01
2,018E+11;2;7;0;0;2;0;2;C01
2,018E+11;2;7;0;0;2;1;2;A01
2,018E+11;1;2;0;12;0;7;1;A01
2,018E+11;1;33;0;0;2;1;17;B01
2,018E+11;0;7;0;0;2;5;11;A01
2,018E+11;0;1;0;0;2;1;19;B01
2,018E+11;0;33;0;0;2;1;1;A01
2,018E+11;1;7;0;0;2;2;19;B01
2,018E+11;1;32;0;0;2;1;19;A01
2,018E+11;1;7;0;0;2;7;1;A01
2,018E+11;0;2;0;0;2;8;16;B01
2,018E+11;2;30;0;0;2;3;2;A01
2,018E+11;2;7;0;0;2;2;15;B01
2,018E+11;0;7;0;0;2;1;1;A01
2,018E+11;1;7;0;0;2;7;1;B01
2,018E+11;1;30;0;0;2;7;0;Z01
2,018E+11;1;1;0;0;2;8;1;B01
2,018E+11;1;1;0;0;2;7;19;B01
2,018E+11;1;1;0;0;2;0;19;C01
2,018E+11;1;10;0;0;2;1;1;Z01
2,018E+11;2;34;0;0;2;1;3;A01
2,018E+11;2;7;0;0;2;3;16;B01
2,018E+11;1;32;0;0;2;1;15;A01
2,018E+11;2;10;0;0;2;7;15;A01
2,018E+11;1;2;0;0;2;1;1;B01
2,018E+11;0;7;0;0;2;3;10;A01
2,018E+11;1;2;0;0;2;1;1;B01
2,018E+11;1;33;0;0;1;1;17;A01
2,018E+11;0;7;0;0;2;3;15;A01
2,018E+11;1;32;0;0;2;2;17;B01
2,018E+11;1;2;0;0;2;3;1;B01
2,018E+11;1;7;0;0;2;2;9;A01
2,018E+11;0;7;0;0;2;7;1;A01
2,018E+11;0;2;0;0;2;1;1;B01
2,018E+11;0;2;0;0;2;8;1;B01
2,018E+11;0;7;0;0;2;1;15;A01
2,018E+11;2;2;0;0;2;1;17;B01
2,018E+11;1;7;0;0;2;1;9;A01
2,018E+11;0;2;0;0;2;1;1;B01
2,018E+11;1;7;0;0;2;2;15;B01
2,018E+11;1;10;0;0;2;2;0;A01
2,018E+11;1;2;0;0;2;8;15;B01
2,018E+11;2;7;0;0;2;8;19;A01
2,018E+11;0;7;0;0;1;3;19;A01
2,018E+11;1;32;0;0;2;8;0;B01
2,018E+11;1;32;0;0;2;8;0;A01
2,018E+11;0;7;0;8;2;9;0;B01
2,018E+11;0;7;0;0;2;1;0;A01
2,018E+11;2;32;0;0;0;0;0;A01
2,018E+11;0;7;0;0;0;4;1;B01
2,018E+11;0;7;0;0;2;1;2;A01
2,018E+11;1;7;0;0;2;7;16;B01
2,018E+11;1;30;0;0;2;8;18;A01
2,018E+11;1;7;0;0;2;1;1;B01
2,018E+11;1;7;0;0;2;3;13;Z01
2,018E+11;0;7;0;0;2;8;1;B01
2,018E+11;0;7;0;0;2;7;1;A01
2,018E+11;1;7;0;0;2;8;15;A01
2,018E+11;1;33;0;0;2;1;1;B01
2,018E+11;2;7;0;16;0;0;0;B01
2,018E+11;1;2;0;16;0;4;1;A01
2,018E+11;0;37;1;0;2;3;1;B01
2,018E+11;0;2;0;0;2;1;21;A01
2,018E+11;0;7;0;0;2;8;24;C01
2,018E+11;2;30;0;0;2;1;5;A01
2,018E+11;1;7;0;0;2;3;19;B01
2,018E+11;0;2;0;0;2;1;1;A01
2,018E+11;0;7;0;0;2;4;1;B01
2,018E+11;1;7;0;0;2;1;1;B01
2,018E+11;1;7;0;0;2;2;9;A01
2,018E+11;0;7;0;0;2;1;23;C01
2,018E+11;1;33;0;0;0;0;0;A01
2,018E+11;2;7;0;0;0;0;0;B01
2,018E+11;1;7;0;0;2;5;15;B01
2,018E+11;1;7;0;0;2;8;2;A01
2,018E+11;1;7;0;0;2;4;1;B01
2,018E+11;1;30;0;0;2;1;2;A01
2,018E+11;1;7;0;0;2;3;1;C01
2,018E+11;0;7;0;0;2;1;1;B01
2,018E+11;0;2;0;0;2;8;1;A01
2,018E+11;1;32;0;1;2;1;2;A01
2,018E+11;1;7;0;1;2;5;23;B01
2,018E+11;0;7;0;0;2;4;9;A01
2,018E+11;0;14;0;0;2;1;1;B01
2,018E+11;0;31;0;0;2;2;13;A01
2,018E+11;0;7;0;0;2;3;11;B01
2,018E+11;0;10;0;0;6;2;1;A01
2,018E+11;0;2;0;0;2;1;1;B01
2,018E+11;1;99;0;0;1;3;1;A01
2,018E+11;1;10;0;0;2;3;16;B01
2,018E+11;1;10;0;0;2;0;16;A01
2,018E+11;1;7;0;0;2;1;2;A01
2,018E+11;1;7;0;0;0;4;2;C01
2,018E+11;1;7;0;0;2;4;0;B01
2,018E+11;0;30;0;0;2;4;1;A01
2,018E+11;0;30;0;0;2;1;0;Z01
2,018E+11;0;30;0;0;2;1;1;B01
2,018E+11;0;30;0;0;2;3;1;A01
2,018E+11;0;30;0;0;2;1;15;A01
2,018E+11;0;7;0;0;2;7;17;B01
2,018E+11;1;7;0;0;2;9;2;Z01
2,018E+11;1;7;0;0;2;1;2;A01
2,018E+11;1;7;0;0;2;4;2;B01
2,018E+11;1;7;0;0;2;3;13;A01
2,018E+11;1;7;0;0;2;3;1;B01
2,018E+11;1;2;0;0;2;8;16;B01
2,018E+11;1;7;0;0;2;2;16;A01
2,018E+11;1;7;0;0;2;1;0;B01
2,018E+11;1;7;0;0;2;1;5;A01
2,018E+11;0;1;0;0;2;1;19;A01
2,018E+11;0;33;0;0;2;1;1;B01
2,018E+11;0;7;0;0;2;8;1;B01
2,018E+11;0;2;0;0;2;1;21;A01
2,018E+11;0;2;0;0;2;1;8;C01
2,018E+11;1;7;0;0;2;1;1;A01
2,018E+11;1;7;0;0;2;4;1;B01
2,018E+11;1;7;0;0;2;4;1;C01
2,018E+11;0;10;0;0;2;6;1;B01
2,018E+11;0;30;0;0;2;6;21;A01
2,018E+11;1;7;0;0;0;0;0;B01
2,018E+11;1;34;0;0;0;0;0;A01
2,018E+11;1;7;0;0;0;0;0;C01
2,018E+11;0;7;0;0;2;3;1;A01
2,018E+11;0;2;0;0;2;1;0;B01
2,018E+11;0;32;0;0;2;1;1;B01
2,018E+11;0;7;0;0;2;1;15;A01
2,018E+11;0;7;0;0;2;3;1;B01
2,018E+11;0;7;0;0;2;1;1;A01
2,018E+11;0;10;0;0;1;1;1;A01
2,018E+11;1;7;0;0;0;0;0;A01
2,018E+11;0;2;0;0;2;1;17;A01
2,018E+11;0;7;0;0;6;3;15;B01
2,018E+11;0;10;0;0;1;3;16;A01
2,018E+11;0;10;0;0;0;0;23;B01
2,018E+11;0;10;0;0;6;7;19;B01
2,018E+11;0;2;0;0;2;1;1;A01
2,018E+11;1;2;0;0;0;1;1;B01
2,018E+11;1;7;0;0;0;2;19;A01
2,018E+11;0;10;0;0;2;0;0;Z01
2,018E+11;0;2;0;0;2;8;1;A01
2,018E+11;1;1;0;0;2;0;19;B01
2,018E+11;1;33;0;0;6;1;17;A01
2,018E+11;1;32;0;0;2;1;3;A01
2,018E+11;1;7;0;0;6;8;15;B01
2,018E+11;0;32;0;0;2;8;1;A01
2,018E+11;0;7;0;0;2;8;1;B01
2,018E+11;1;30;0;0;2;0;3;A01
2,018E+11;0;10;0;0;2;3;15;B01
2,018E+11;0;2;0;0;2;9;0;B01
2,018E+11;0;33;0;0;2;1;1;A01
2,018E+11;1;14;0;0;0;6;23;B01
2,018E+11;1;7;0;1;2;1;0;A01
2,018E+11;1;7;0;0;2;3;11;B01
2,018E+11;1;32;0;0;2;1;1;A01
2,018E+11;1;10;0;0;6;3;15;A01
2,018E+11;1;2;0;0;2;1;2;B01
2,018E+11;1;7;0;0;2;8;15;B01
2,018E+11;1;30;0;0;2;1;17;A01
2,018E+11;1;32;0;0;2;1;1;B01
2,018E+11;2;7;0;0;6;3;13;A01
2,018E+11;2;7;0;0;0;3;1;B01
2,018E+11;1;7;0;0;2;3;13;A01
2,018E+11;0;30;0;0;2;1;17;A01
2,018E+11;0;7;0;0;2;3;15;B01
2,018E+11;1;7;0;0;0;3;1;B01
2,018E+11;1;30;0;0;2;3;19;A01
2,018E+11;2;2;0;0;0;0;0;B01
2,018E+11;1;7;0;0;2;7;16;A01
2,018E+11;2;2;0;0;1;1;1;A01
2,018E+11;1;7;0;0;6;7;2;A01
2,018E+11;1;1;0;0;2;8;1;B01
2,018E+11;0;7;0;0;2;8;1;B01
2,018E+11;2;7;0;0;2;2;15;A01
2,018E+11;1;7;0;0;6;3;0;A01
2,018E+11;2;1;0;0;0;0;0;B01
2,018E+11;2;2;0;0;2;1;17;B01
2,018E+11;1;13;0;0;6;3;15;A01
2,018E+11;0;10;0;0;1;2;1;A01
2,018E+11;1;1;0;0;2;4;1;B01
2,018E+11;1;7;0;;;;;A01
2,018E+11;1;7;0;0;1;8;1;A01
2,018E+11;1;7;0;0;6;7;16;A01
2,018E+11;1;2;0;0;2;8;1;B01
2,018E+11;1;7;0;0;2;1;16;A01
2,018E+11;1;2;0;0;0;0;0;B01
2,018E+11;1;30;0;0;2;8;1;A01
2,018E+11;1;7;0;0;2;7;16;B01
2,018E+11;1;7;0;0;2;1;1;A01
2,018E+11;1;7;0;0;0;4;15;B01
2,018E+11;0;7;0;0;1;7;16;Z01
2,018E+11;1;7;0;0;2;3;15;A01
2,018E+11;1;2;0;0;2;8;1;B01
2,018E+11;0;7;0;0;1;2;1;A01
2,018E+11;2;7;0;0;2;1;1;A01
2,018E+11;2;7;0;0;2;7;1;B01
2,018E+11;1;7;0;0;2;2;15;A01
2,018E+11;1;2;0;0;2;1;1;B01
2,018E+11;2;7;0;0;2;1;15;A01
2,018E+11;2;30;0;0;2;3;1;B01
2,018E+11;1;2;0;0;2;1;1;B01
2,018E+11;0;7;0;0;2;1;15;A01
2,018E+11;0;7;0;0;2;7;2;B01
2,018E+11;0;32;0;0;2;8;2;A01
2,018E+11;0;7;0;12;0;0;0;C01
2,018E+11;0;30;0;0;2;0;15;A01
2,018E+11;0;30;0;0;2;1;1;B01
2,018E+11;1;2;0;0;2;1;17;A01
2,018E+11;1;7;0;0;2;6;15;B01
2,018E+11;2;33;0;0;2;1;1;B01
2,018E+11;1;7;0;0;0;7;15;A01
2,018E+11;1;7;0;0;2;1;1;A01
2,018E+11;1;2;0;0;2;8;19;B01
2,018E+11;1;7;0;0;2;1;15;A01
2,018E+11;1;2;0;0;2;1;1;B01
2,018E+11;0;1;0;0;2;8;15;B01
2,018E+11;0;7;0;0;2;3;1;A01
2,018E+11;1;10;0;0;2;4;2;C01
2,018E+11;1;10;0;0;2;4;2;B01
2,018E+11;1;10;0;0;2;1;2;A01
2,018E+11;1;2;0;0;2;1;1;B01
2,018E+11;0;7;0;0;6;1;16;A01
2,018E+11;1;2;0;0;2;1;1;B01
2,018E+11;1;7;0;0;2;3;15;A01
2,018E+11;2;7;0;0;1;1;1;A01
2,018E+11;1;7;0;0;1;1;16;A01
2,018E+11;1;7;0;0;2;1;15;A01
2,018E+11;1;30;0;0;2;1;17;B01
2,018E+11;1;30;0;0;2;7;16;A01
2,018E+11;0;7;0;6;0;8;1;A01
2,018E+11;1;7;0;0;2;7;16;B01
2,018E+11;1;2;0;0;2;3;1;A01
2,018E+11;1;7;0;0;0;0;0;B01
2,018E+11;1;30;0;0;0;0;0;A01
2,018E+11;0;7;0;0;0;0;0;C01