Num_Acc;senc;catv;occutc;obs;obsm;choc;manv;num_veh
2,018E+11;1;7;0;0;0;5;1;A01
2,018E+11;2;7;0;0;2;3;1;1 F
2,018E+11;1;34;0;0;0;2;21;A01
2,018E+11;2;7;0;0;2;7;15;A01
2,018E+11;1;1;0;0;2;1;1;B01
2,018E+11;2;7;0;4;0;6;23;A01
2,018E+11;2;31;0;1;0;1;21;B01
2,018E+11;2;37;10;0;1;7;1;A01
2,018E+11;2;7;0;0;1;1;1;A01
2,018E+11;2;7;0;1;0;2;1;A01
2,018E+11;1;7;0;0;2;0;2;A01
2,018E+11;1;1;0;0;2;3;2;B01
2,018E+11;2;2;0;0;2;1;5;A01
2,018E+11;2;10;0;0;2;3;1;B01
2,018E+11;1;31;0;0;2;8;18;B01
2,018E+11;1;7;0;0;9;7;14;A01
2,018E+11;2;7;0;0;1;1;1;A01
2,018E+11;1;7;0;14;0;2;1;A01
2,018E+11;1;7;0;0;1;4;20;A01
2,018E+11;1;7;0;0;2;1;21;A01
2,018E+11;1;33;0;0;2;3;15;B01
2,018E+11;1;7;0;0;1;3;2;A01
2,018E+11;1;33;0;8;0;8;14;A01
2,018E+11;2;7;0;0;9;4;23;C01
2,018E+11;2;7;0;0;9;4;23;D01
2,018E+11;2;7;0;0;9;4;23;B01
2,018E+11;2;7;0;0;2;2;2;A01
2,018E+11;2;7;0;0;1;8;19;A01
2,018E+11;2;34;0;6;0;7;15;A01
2,018E+11;2;7;0;0;2;3;17;A01
2,018E+11;1;30;0;0;2;3;1;B01
2,018E+11;1;7;0;0;2;3;9;B01
2,018E+11;1;31;0;0;2;7;9;A01
2,018E+11;2;7;0;0;1;1;19;B01
2,018E+11;2;7;0;0;1;3;19;A01
2,018E+11;1;7;0;0;2;6;15;A01
2,018E+11;1;7;0;0;2;1;1;B01
2,018E+11;1;31;0;12;0;1;1;A01
2,018E+11;2;37;1;1;0;7;20;A01
2,018E+11;2;7;0;0;2;8;24;B01
2,018E+11;1;37;0;0;2;1;1;A01
2,018E+11;2;33;0;0;2;1;13;B01
2,018E+11;1;37;0;0;2;3;15;B01
2,018E+11;2;7;0;0;2;1;13;A01
2,018E+11;2;7;0;0;0;1;9;A01
2,018E+11;1;10;0;4;0;8;0;A01
2,018E+11;2;7;0;0;2;4;1;A01
2,018E+11;2;33;0;0;2;1;2;B01
2,018E+11;1;7;0;0;2;5;23;A01
2,018E+11;1;31;0;0;2;1;11;B01
2,018E+11;1;7;0;0;2;3;13;A01
2,018E+11;1;7;0;0;2;2;0;B01
2,018E+11;1;7;0;0;2;2;1;A01
2,018E+11;1;7;0;0;2;6;1;B01
2,018E+11;0;31;0;0;2;2;13;B01
2,018E+11;0;7;0;0;2;3;19;A01
2,018E+11;1;33;0;5;0;1;16;A01
2,018E+11;1;33;0;1;2;4;0;A01
2,018E+11;2;33;0;0;2;1;17;A01
2,018E+11;2;10;0;0;2;6;2;B01
2,018E+11;1;7;0;0;2;8;0;C01
2,018E+11;1;33;0;0;0;0;0;A01
2,018E+11;2;7;0;0;2;1;13;A01
2,018E+11;1;7;0;0;2;1;0;B01
2,018E+11;1;30;0;0;0;0;2;A01
2,018E+11;2;7;0;7;2;1;1;A01
2,018E+11;2;7;0;0;2;4;1;B01
2,018E+11;1;7;0;0;6;3;13;A01
2,018E+11;2;1;0;0;2;1;21;B01
2,018E+11;1;7;0;0;2;1;13;A01
2,018E+11;2;7;0;0;2;3;1;B01
2,018E+11;1;10;0;0;0;4;2;A01
2,018E+11;1;30;0;0;2;1;2;B01
2,018E+11;1;7;0;0;2;1;1;A01
2,018E+11;1;7;0;0;2;4;1;B01
2,018E+11;1;7;0;0;2;4;1;A01
2,018E+11;0;7;0;0;2;1;2;B01
2,018E+11;1;7;0;6;0;3;16;A01
2,018E+11;1;31;0;0;2;3;13;A01
2,018E+11;1;7;0;0;6;3;1;B01
2,018E+11;2;7;0;0;2;2;1;B01
2,018E+11;2;7;0;0;2;3;15;A01
2,018E+11;2;7;0;0;2;1;1;A01
2,018E+11;2;7;0;0;2;4;2;B01
2,018E+11;2;7;0;0;2;8;1;C01
2,018E+11;1;7;0;0;2;0;1;D01
2,018E+11;2;7;0;0;0;0;0;A01
2,018E+11;1;7;0;0;0;0;0;B01
2,018E+11;2;7;0;0;2;3;13;A01
2,018E+11;2;33;0;0;2;7;17;B01
2,018E+11;1;7;0;0;1;1;1;A01
2,018E+11;1;34;0;0;0;3;2;A01
2,018E+11;1;7;0;0;0;3;15;B01
2,018E+11;1;7;0;0;2;1;1;A01
2,018E+11;1;7;0;0;2;4;1;B01
2,018E+11;2;7;0;0;2;1;2;A01
2,018E+11;2;7;0;0;2;4;2;B01
2,018E+11;2;7;0;0;2;4;2;C01
2,018E+11;1;10;0;0;1;8;15;A01
2,018E+11;1;2;0;0;2;1;1;B01
2,018E+11;1;7;0;0;2;3;15;A01
2,018E+11;1;30;0;0;0;0;0;A01
2,018E+11;1;7;0;0;1;3;0;A01
2,018E+11;1;7;0;0;2;1;12;A01
2,018E+11;1;1;0;0;2;4;1;B01
2,018E+11;1;10;0;0;2;2;15;A01
2,018E+11;1;30;0;0;2;1;1;B01
2,018E+11;1;10;0;0;2;1;15;A01
2,018E+11;1;33;0;0;2;1;1;B01
2,018E+11;2;7;0;6;0;1;15;A01
2,018E+11;1;7;0;0;2;9;21;A01
2,018E+11;1;7;0;0;2;4;21;B01
2,018E+11;1;13;0;0;2;2;21;C01
2,018E+11;1;7;0;0;6;6;5;A01
2,018E+11;2;33;0;0;2;7;5;B01
2,018E+11;2;33;0;0;0;7;0;A01
2,018E+11;2;7;0;1;2;9;2;A01
2,018E+11;2;7;0;1;0;4;0;B01
2,018E+11;2;7;0;1;0;1;0;C01
2,018E+11;1;7;0;;;;;A01
2,018E+11;1;7;0;14;0;4;23;B01
2,018E+11;1;31;0;0;2;1;15;A01
2,018E+11;1;7;0;0;2;2;1;B01
2,018E+11;2;7;0;0;1;3;1;A01
2,018E+11;2;7;0;0;2;3;15;A01
2,018E+11;1;7;0;0;2;3;1;B01
2,018E+11;2;7;0;0;1;1;0;A01
2,018E+11;1;7;0;1;0;1;1;A01
2,018E+11;1;7;0;0;2;2;24;B01
2,018E+11;1;7;0;0;1;6;19;A01
2,018E+11;1;15;0;0;2;1;2;A01
2,018E+11;1;7;0;0;2;4;2;B01
2,018E+11;1;7;0;0;2;4;1;C01
2,018E+11;0;7;0;0;1;1;15;A01
2,018E+11;2;7;0;6;0;2;17;A01
2,018E+11;1;30;0;0;0;0;0;A01
2,018E+11;1;7;0;0;2;2;16;A01
2,018E+11;2;1;0;0;2;1;13;B01
2,018E+11;2;32;0;0;0;3;0;A01
2,018E+11;1;31;0;12;0;2;16;A01
2,018E+11;0;7;0;0;2;1;19;A01
2,018E+11;0;1;0;0;2;1;11;B01
2,018E+11;1;7;0;0;2;3;0;A01
2,018E+11;2;2;0;0;2;7;15;B01
2,018E+11;1;20;0;0;2;1;0;A01
2,018E+11;1;7;0;0;2;1;1;B01
2,018E+11;1;7;0;0;2;4;24;C01
2,018E+11;1;7;0;0;2;2;1;A01
2,018E+11;1;31;0;0;2;1;1;B01
2,018E+11;1;7;0;0;2;0;0;A01
2,018E+11;1;7;0;0;2;4;2;B01
2,018E+11;1;7;0;14;2;1;2;C01
2,018E+11;1;7;0;0;2;0;0;D01
2,018E+11;1;7;0;0;2;4;2;A01
2,018E+11;1;7;0;0;2;4;2;B01
2,018E+11;1;7;0;0;2;4;2;C01
2,018E+11;1;7;0;0;2;4;2;D01
2,018E+11;1;7;0;0;2;2;19;A01
2,018E+11;1;7;0;0;2;1;1;B01
2,018E+11;1;7;0;0;2;6;2;A01
2,018E+11;2;7;0;0;2;1;2;B01
2,018E+11;2;33;0;0;2;1;1;A01
2,018E+11;2;7;0;0;2;6;1;B01
2,018E+11;1;10;0;15;0;1;0;A01
2,018E+11;1;10;0;0;2;4;23;B01
2,018E+11;1;7;0;0;2;1;23;C01
2,018E+11;1;7;0;0;2;1;23;D01
2,018E+11;1;7;0;15;0;9;14;A01
2,018E+11;2;7;0;0;2;4;23;A01
2,018E+11;0;7;0;0;2;4;1;B01
2,018E+11;1;1;0;0;6;1;2;B01
2,018E+11;1;30;0;0;1;1;1;A01
2,018E+11;2;33;0;0;2;0;13;A01
2,018E+11;2;7;0;0;2;6;15;B01
2,018E+11;1;7;0;0;1;1;0;A01
2,018E+11;1;7;0;0;2;8;15;A01
2,018E+11;1;31;0;0;2;1;1;B01
2,018E+11;2;33;0;0;2;2;17;A01
2,018E+11;2;7;0;0;2;3;15;B01
2,018E+11;1;7;0;0;2;3;1;A01
2,018E+11;2;2;0;0;2;1;13;B01
2,018E+11;1;7;0;0;2;1;1;D01
2,018E+11;1;7;0;4;2;8;1;B01
2,018E+11;1;7;0;0;2;3;13;A01
2,018E+11;2;32;0;0;2;1;1;C01
2,018E+11;1;7;0;0;2;1;17;A01
2,018E+11;1;7;0;0;2;4;1;B01
2,018E+11;2;7;0;0;2;4;1;C01
2,018E+11;2;7;0;0;0;0;0;A01
2,018E+11;2;35;0;0;2;6;1;B01
2,018E+11;2;7;0;0;2;3;9;A01
2,018E+11;1;7;0;0;2;2;9;B01
2,018E+11;2;33;0;0;2;1;0;A01
2,018E+11;2;10;0;0;2;0;0;B01
2,018E+11;1;7;0;0;2;1;2;A01
2,018E+11;1;7;0;0;2;4;2;B01
2,018E+11;1;7;0;0;1;2;16;A01
2,018E+11;0;7;0;0;6;3;15;A01
2,018E+11;1;1;0;9;2;1;2;B01
2,018E+11;2;7;0;0;2;1;2;A01
2,018E+11;2;7;0;0;2;4;16;B01
2,018E+11;2;1;0;0;0;6;13;A01
2,018E+11;2;7;0;0;6;2;9;B01
2,018E+11;1;7;0;2;0;9;17;A01
2,018E+11;1;30;0;0;2;1;2;A01
2,018E+11;1;7;0;0;0;4;1;B01
2,018E+11;2;7;0;0;2;1;5;C01
2,018E+11;0;30;0;0;0;8;15;A01
2,018E+11;1;7;0;0;2;2;1;B01
2,018E+11;1;7;0;0;2;1;16;A01
2,018E+11;1;7;0;0;2;1;9;A01
2,018E+11;1;7;0;0;2;1;1;B01
2,018E+11;1;7;0;0;0;3;2;A01
2,018E+11;1;7;0;0;2;3;15;B01
2,018E+11;1;7;0;13;0;9;0;A01
2,018E+11;1;30;0;0;2;0;0;A01
2,018E+11;2;7;0;0;2;0;15;B01
2,018E+11;2;31;0;0;2;1;1;A01
2,018E+11;2;7;0;0;0;6;1;B01
2,018E+11;0;33;0;0;1;1;0;Z01
2,018E+11;2;10;0;4;0;3;13;A01
2,018E+11;2;7;0;3;1;2;0;A01
2,018E+11;1;7;0;0;2;1;17;A01
2,018E+11;2;21;0;0;2;3;15;B01
2,018E+11;1;7;0;0;1;3;2;A01
2,018E+11;1;33;0;14;0;0;19;A01
2,018E+11;1;7;0;0;1;1;0;A01
2,018E+11;2;38;27;1;0;7;0;A01
2,018E+11;0;13;0;1;0;6;24;B01
2,018E+11;0;7;0;1;0;4;24;C01
2,018E+11;0;13;0;1;2;0;0;D01
2,018E+11;1;7;0;4;0;1;14;A01
2,018E+11;1;31;0;6;0;1;1;A01
2,018E+11;2;7;0;0;2;8;11;A01
2,018E+11;2;33;0;0;2;7;0;B01
2,018E+11;1;7;0;0;2;2;21;A01
2,018E+11;1;1;0;0;2;1;0;B01
2,018E+11;1;7;0;9;2;9;1;A01
2,018E+11;1;33;0;14;0;1;17;A01
2,018E+11;1;7;0;0;2;1;17;A01
2,018E+11;1;1;0;0;2;4;1;B01
2,018E+11;0;10;0;0;1;3;9;A01
2,018E+11;1;30;0;0;0;0;0;A01
2,018E+11;2;7;0;0;1;8;1;A01
2,018E+11;1;7;0;0;2;2;17;A01
2,018E+11;1;31;0;0;2;2;1;B01
2,018E+11;0;2;0;8;0;1;0;A01
2,018E+11;1;7;0;0;6;7;15;A01
2,018E+11;2;1;0;0;2;1;1;B01
2,018E+11;1;10;0;0;1;3;1;A01
2,018E+11;0;30;0;0;2;1;1;A01
2,018E+11;0;7;0;0;2;7;0;B01
2,018E+11;2;30;0;0;2;3;13;A01
2,018E+11;1;10;0;0;2;6;1;B01
2,018E+11;1;7;0;0;2;1;15;B01
2,018E+11;1;37;1;0;2;1;1;A01
2,018E+11;2;30;0;0;2;1;1;A01
2,018E+11;1;7;0;0;2;7;15;B01
2,018E+11;2;7;0;0;2;1;19;A01
2,018E+11;1;7;0;0;6;3;1;B01
2,018E+11;1;7;0;0;1;1;1;A01
2,018E+11;2;1;0;0;2;1;0;A01
2,018E+11;2;7;0;0;2;4;16;B01
2,018E+11;2;10;0;0;2;1;15;B01
2,018E+11;2;31;0;0;2;1;5;A01
2,018E+11;1;99;0;0;1;0;0;A01
2,018E+11;2;35;0;14;1;7;17;A01
2,018E+11;2;7;0;0;1;1;1;A01
2,018E+11;2;34;0;0;1;8;19;A01
2,018E+11;2;7;0;0;2;1;5;A01
2,018E+11;2;31;0;0;2;1;13;B01
2,018E+11;1;99;0;0;2;0;0;R01
2,018E+11;1;31;0;0;2;2;5;A01
2,018E+11;2;31;0;0;2;1;0;B01
2,018E+11;2;31;0;0;1;1;0;A01
2,018E+11;2;33;0;1;2;7;2;A01
2,018E+11;2;7;0;14;1;2;21;A01
2,018E+11;1;31;0;14;0;1;0;A01
2,018E+11;1;7;0;1;2;4;2;A01
2,018E+11;1;7;0;1;2;4;2;C01
2,018E+11;1;7;0;1;2;4;2;M01
2,018E+11;2;7;0;0;1;1;21;A01
2,018E+11;1;7;0;0;2;4;2;B01
2,018E+11;1;34;0;0;2;1;2;A01
2,018E+11;2;30;0;14;2;4;2;A01
2,018E+11;1;7;0;0;2;3;2;B01
2,018E+11;1;10;0;0;2;5;21;A01
2,018E+11;1;30;0;0;2;8;2;M01
2,018E+11;1;31;0;0;2;1;0;A01
2,018E+11;1;34;0;0;2;1;0;B01
2,018E+11;1;7;0;0;1;7;0;A01
2,018E+11;1;7;0;0;2;1;5;A01
2,018E+11;2;7;0;0;2;0;0;B01
2,018E+11;1;7;0;0;2;1;5;A01
2,018E+11;1;30;0;0;2;0;0;B01
2,018E+11;1;7;0;4;2;7;2;A01
2,018E+11;1;1;0;5;2;3;9;B01
2,018E+11;2;7;0;0;1;1;0;A01
2,018E+11;1;2;0;0;1;6;2;A01
2,018E+11;1;32;0;0;2;8;0;A01
2,018E+11;1;7;0;0;2;8;0;B01
2,018E+11;2;30;0;0;2;1;1;A01
2,018E+11;1;33;0;0;2;1;1;B01
2,018E+11;1;7;0;0;9;7;17;A01
2,018E+11;1;1;0;0;2;8;0;B01
2,018E+11;1;7;0;0;0;0;0;A01
2,018E+11;2;7;0;14;2;4;2;C01
2,018E+11;2;7;0;14;2;4;2;B01
2,018E+11;2;30;0;14;2;4;2;A01
2,018E+11;1;7;0;14;1;0;21;A01
2,018E+11;2;2;0;14;2;6;8;B01
2,018E+11;2;7;0;14;2;3;10;A01
2,018E+11;1;7;0;0;2;4;0;A01
2,018E+11;2;30;0;0;2;6;4;B01
2,018E+11;2;7;0;15;6;2;9;A01
2,018E+11;1;1;0;15;2;3;9;B01
2,018E+11;1;2;0;0;0;0;0;A01
2,018E+11;2;33;0;0;1;1;0;A01
2,018E+11;2;7;0;0;1;1;0;A01
2,018E+11;2;30;0;0;1;3;17;A01
2,018E+11;1;7;0;0;1;3;21;A01
2,018E+11;2;30;0;0;1;7;18;A01
2,018E+11;2;7;0;0;6;4;2;A01
2,018E+11;2;30;0;0;2;1;2;B01
2,018E+11;2;7;0;0;6;8;2;A01
2,018E+11;2;32;0;0;6;1;2;B01
2,018E+11;1;7;0;0;2;3;5;A01
2,018E+11;2;30;0;0;0;0;0;B01
2,018E+11;1;7;0;0;1;7;0;A01
2,018E+11;1;30;0;14;1;7;19;A01
2,018E+11;1;7;0;14;1;0;21;A01
2,018E+11;1;30;0;0;2;1;5;A01
2,018E+11;2;30;0;0;1;1;0;A01
2,018E+11;2;32;0;0;1;0;0;A01
2,018E+11;1;32;0;0;2;0;0;A01
2,018E+11;0;7;0;0;0;0;0;B01
2,018E+11;2;30;0;0;1;8;19;A01
2,018E+11;2;1;0;0;1;1;0;A01
2,018E+11;1;7;0;0;1;1;0;A01
2,018E+11;2;30;0;0;1;8;19;A01
2,018E+11;1;7;0;14;1;3;1;A01
2,018E+11;1;7;0;14;2;4;23;A01
2,018E+11;1;30;0;14;2;4;0;B01
2,018E+11;1;7;0;0;1;1;19;A01
2,018E+11;1;30;0;0;1;8;0;A01
2,018E+11;1;7;0;15;0;1;0;A01
2,018E+11;1;34;0;0;0;0;0;A01
2,018E+11;1;7;0;0;2;3;15;A01
2,018E+11;2;30;0;0;2;1;1;B01
2,018E+11;1;7;0;0;1;0;0;A01
2,018E+11;1;32;0;1;2;1;0;A01
2,018E+11;1;32;0;1;0;1;1;B01
2,018E+11;1;2;0;0;2;1;17;A01
2,018E+11;1;7;0;0;1;1;19;A01
2,018E+11;1;32;0;0;1;1;1;A01
2,018E+11;1;7;0;0;2;8;15;A01
2,018E+11;1;33;0;0;2;1;1;B01
2,018E+11;2;7;0;0;2;7;0;A01
2,018E+11;1;32;0;0;2;8;0;B01
2,018E+11;2;30;0;0;2;3;1;B01
2,018E+11;1;7;0;0;2;2;15;A01
2,018E+11;2;30;0;0;1;0;0;A01
2,018E+11;2;30;0;0;2;7;0;A01
2,018E+11;2;1;0;0;2;0;0;B01
2,018E+11;1;32;0;0;2;0;0;A01
2,018E+11;1;30;0;0;6;0;0;A01
2,018E+11;1;10;0;0;2;0;0;A01
2,018E+11;1;13;0;0;2;8;15;B01
2,018E+11;1;30;0;0;2;7;17;A01
2,018E+11;1;10;0;0;1;1;19;A01
2,018E+11;1;13;0;0;1;2;1;A01
2,018E+11;2;30;0;0;1;8;19;C01
2,018E+11;2;7;0;0;6;4;1;A01
2,018E+11;2;2;0;1;2;1;2;B01
2,018E+11;2;2;0;1;2;1;2;C01
2,018E+11;2;7;0;1;0;8;15;A01
2,018E+11;2;2;0;0;2;1;1;B01
2,018E+11;0;7;0;0;1;1;1;A01
2,018E+11;0;30;0;0;1;7;0;A01
2,018E+11;1;30;0;0;1;1;1;A01
2,018E+11;1;30;0;0;0;1;1;A01
2,018E+11;2;2;0;0;2;1;2;A01
2,018E+11;2;7;0;0;1;3;1;A01
2,018E+11;2;7;0;0;1;0;1;A01
2,018E+11;2;2;0;0;2;8;9;B01
2,018E+11;2;7;0;0;2;8;9;A01
2,018E+11;1;30;0;5;2;1;0;A01
2,018E+11;2;2;0;5;2;1;9;B01
2,018E+11;1;2;0;0;2;3;1;B01
2,018E+11;2;7;0;0;2;3;1;A01
2,018E+11;2;7;0;15;1;7;9;A01
2,018E+11;1;2;0;1;2;1;2;B01
2,018E+11;1;7;0;1;2;8;13;A01
2,018E+11;1;30;0;0;1;7;19;A01
2,018E+11;1;7;0;14;2;1;9;B01
2,018E+11;2;2;0;14;2;7;9;A01
2,018E+11;1;34;0;0;1;1;1;A01
2,018E+11;1;30;0;5;6;0;17;A01
2,018E+11;2;7;0;0;2;0;0;B01
2,018E+11;1;30;0;0;1;4;1;A01
2,018E+11;2;33;0;0;6;1;2;B01
2,018E+11;2;7;0;0;6;4;2;A01
2,018E+11;2;7;0;0;2;3;2;A01
2,018E+11;2;2;0;0;2;1;2;B01
2,018E+11;1;7;0;0;6;3;15;A01
2,018E+11;1;34;0;0;2;8;1;B01
2,018E+11;1;30;0;0;0;1;1;A01
2,018E+11;1;30;0;0;1;1;1;A01
2,018E+11;2;33;0;0;0;9;1;A01
2,018E+11;2;7;0;0;2;3;11;A01
2,018E+11;1;2;0;0;2;7;2;B01
2,018E+11;2;7;0;0;2;7;2;A01
2,018E+11;2;2;0;0;2;8;2;B01
2,018E+11;1;30;0;5;6;7;9;A01
2,018E+11;2;7;0;0;2;8;10;A01
2,018E+11;1;2;0;0;2;1;1;B01
2,018E+11;1;7;0;0;1;6;1;A01
2,018E+11;1;7;0;14;1;1;21;A01
2,018E+11;2;7;0;0;2;8;2;A01
2,018E+11;2;2;0;0;2;7;2;B01
2,018E+11;2;99;0;0;1;1;1;A01
2,018E+11;1;34;0;0;1;7;1;A01
2,018E+11;1;30;0;0;0;1;1;A01
2,018E+11;1;7;0;0;2;8;9;A01
2,018E+11;1;2;0;0;2;5;2;B01
2,018E+11;1;33;0;0;1;8;0;A01
2,018E+11;0;1;0;0;1;1;0;A01
2,018E+11;1;30;0;0;2;0;0;A01
2,018E+11;1;32;0;0;0;7;14;A01
2,018E+11;1;10;0;0;1;0;0;A01
2,018E+11;2;7;0;0;6;1;5;A01
2,018E+11;1;33;0;0;6;1;5;B01
2,018E+11;2;30;0;0;2;0;0;A01
2,018E+11;1;33;0;0;2;0;0;A01
2,018E+11;2;30;0;0;2;1;1;A01
2,018E+11;1;7;0;0;2;1;5;A01
2,018E+11;2;7;0;0;2;1;1;C01
2,018E+11;2;7;0;0;2;1;1;B01
2,018E+11;1;2;0;0;0;0;1;A01
2,018E+11;2;7;0;0;2;1;10;A01
2,018E+11;2;2;0;0;2;1;3;B01
2,018E+11;1;7;0;0;2;4;1;A01
2,018E+11;2;2;0;0;2;4;2;B01
2,018E+11;2;7;0;0;0;1;1;A01
2,018E+11;2;34;0;0;2;4;2;A01
2,018E+11;2;31;0;0;2;4;2;B01
2,018E+11;2;7;0;0;2;1;2;A01
2,018E+11;2;2;0;0;2;4;2;B01
2,018E+11;1;30;0;0;1;1;0;A01
2,018E+11;1;2;0;0;2;1;2;B01
2,018E+11;1;7;0;0;2;5;2;A01
2,018E+11;1;33;0;0;2;8;10;A01
2,018E+11;2;7;0;0;2;8;2;B01
2,018E+11;2;2;0;0;0;0;1;A01
2,018E+11;1;2;0;3;0;8;1;A01
2,018E+11;1;33;0;0;1;0;0;A01
2,018E+11;1;30;0;0;1;0;0;A01
2,018E+11;1;38;1;0;2;4;0;A01
2,018E+11;1;30;0;0;2;1;0;B01
2,018E+11;1;7;0;0;1;7;0;A01
2,018E+11;2;7;0;14;2;4;0;A01
2,018E+11;2;2;0;5;2;1;9;B01
2,018E+11;1;99;0;0;1;1;3;A01
2,018E+11;1;30;0;5;1;3;21;A01
2,018E+11;2;7;0;0;2;1;0;B01
2,018E+11;1;2;0;0;2;1;3;A01
2,018E+11;2;34;0;0;1;0;0;A01
2,018E+11;1;33;0;0;1;0;0;A01
2,018E+11;1;7;0;14;1;3;9;A01
2,018E+11;2;7;0;14;2;3;9;B01
2,018E+11;1;30;0;0;2;0;0;A01
2,018E+11;1;2;0;0;2;1;2;B01
2,018E+11;1;7;0;0;2;4;0;A01
2,018E+11;1;30;0;0;2;0;0;A01
2,018E+11;2;7;0;15;1;0;20;A01
2,018E+11;2;34;0;0;2;1;0;A01
2,018E+11;2;30;0;0;2;1;0;B01
2,018E+11;2;7;0;0;1;2;1;A01
2,018E+11;2;7;0;0;2;7;1;A01
2,018E+11;2;31;0;0;2;1;18;B01
2,018E+11;2;30;0;0;2;4;0;B01
2,018E+11;2;7;0;0;2;4;0;A01
2,018E+11;1;30;0;2;6;1;10;A01
2,018E+11;1;33;0;0;1;7;0;A01
2,018E+11;2;7;0;14;2;3;20;A01
2,018E+11;2;2;0;14;2;2;17;B01
2,018E+11;1;32;0;0;6;0;0;A01
2,018E+11;1;1;0;0;2;0;0;B01
2,018E+11;1;7;0;0;2;4;1;A01
2,018E+11;2;30;0;0;2;1;2;B01
2,018E+11;1;7;0;0;2;6;2;A01
2,018E+11;1;2;0;0;6;1;2;B01
2,018E+11;2;30;0;0;0;2;1;A01
2,018E+11;1;30;0;0;1;1;1;A01
2,018E+11;2;30;0;0;2;0;0;A01
2,018E+11;1;7;0;0;1;0;0;A01
2,018E+11;0;10;0;0;1;0;1;A01
2,018E+11;1;7;0;14;1;3;19;A01
2,018E+11;1;10;0;0;1;0;0;A01
2,018E+11;2;30;0;0;2;0;0;A01
2,018E+11;1;7;0;0;2;0;0;B01
2,018E+11;1;30;0;0;2;0;0;A01
2,018E+11;2;30;0;0;0;0;15;A01
2,018E+11;1;7;0;0;2;1;0;B01
2,018E+11;2;7;0;0;2;1;1;A01
2,018E+11;2;7;0;0;2;6;17;A01
2,018E+11;1;30;0;0;2;2;16;B01
2,018E+11;2;7;0;0;2;8;1;A01
2,018E+11;2;7;0;0;2;3;1;B01
2,018E+11;2;32;0;0;2;1;1;A01
2,018E+11;2;7;0;0;1;8;1;A01
2,018E+11;2;30;0;0;1;0;19;A01
2,018E+11;2;32;0;0;2;2;9;A01
2,018E+11;2;2;0;0;2;1;9;B01
2,018E+11;2;34;0;0;1;2;1;A01
2,018E+11;2;7;0;0;2;4;2;B01
2,018E+11;2;30;0;0;2;1;2;A01
2,018E+11;2;32;0;0;2;8;5;A01
2,018E+11;2;30;0;0;0;0;1;A01
2,018E+11;1;7;0;0;1;1;14;A01
2,018E+11;2;7;0;0;2;8;0;A01
2,018E+11;2;2;0;0;2;2;5;B01
2,018E+11;2;34;0;0;2;0;0;A01
2,018E+11;1;33;0;0;1;1;1;A01
2,018E+11;2;7;0;0;2;7;4;A01
2,018E+11;2;7;0;0;2;1;1;B01
2,018E+11;2;7;0;0;1;1;0;A01
2,018E+11;2;30;0;0;2;1;2;B01
2,018E+11;2;7;0;0;2;4;2;A01
2,018E+11;2;7;0;0;2;4;2;A01
2,018E+11;2;2;0;0;2;1;2;B01
2,018E+11;2;7;0;0;0;1;1;A01
2,018E+11;2;30;0;0;0;1;0;A01
2,018E+11;1;30;0;0;0;1;1;A01
2,018E+11;1;33;0;0;0;1;1;A01
2,018E+11;2;31;0;0;1;8;19;A01
2,018E+11;2;7;0;0;2;8;15;B01
2,018E+11;2;30;0;0;2;1;1;A01
2,018E+11;2;32;0;0;2;1;17;A01
2,018E+11;1;7;0;0;2;3;15;B01
2,018E+11;1;34;0;0;0;1;1;A01
2,018E+11;1;30;0;0;2;1;1;B01
2,018E+11;2;7;0;0;2;3;15;A01
2,018E+11;1;32;0;0;0;1;1;A01
2,018E+11;2;32;0;0;2;2;0;A01
2,018E+11;1;34;0;0;0;1;1;A01
2,018E+11;2;30;0;0;0;1;1;A01
2,018E+11;2;30;0;0;2;1;1;A01
2,018E+11;1;30;0;0;2;8;1;B01
2,018E+11;1;13;0;0;2;5;18;A01
2,018E+11;2;33;0;0;2;1;0;A01
2,018E+11;1;38;17;0;2;3;0;B01
2,018E+11;1;30;0;0;0;1;1;A01
2,018E+11;2;30;0;0;0;1;1;A01
2,018E+11;2;34;0;0;0;1;1;A01
2,018E+11;1;32;0;11;0;1;0;A01
2,018E+11;1;7;0;14;1;4;0;A01
2,018E+11;1;7;0;0;2;1;0;A01
2,018E+11;2;7;0;0;2;1;0;B01
2,018E+11;1;7;0;0;1;1;1;A01
2,018E+11;2;7;0;0;1;4;4;A01
2,018E+11;1;32;0;11;0;1;1;A01
2,018E+11;1;7;0;0;1;0;0;A01
2,018E+11;1;30;0;0;2;0;0;C01
2,018E+11;1;7;0;0;2;0;0;A01
2,018E+11;1;30;0;0;2;0;0;B01
2,018E+11;2;1;0;0;1;1;15;A01
2,018E+11;1;7;0;0;2;3;9;B01
2,018E+11;2;7;0;0;2;3;1;A01
2,018E+11;1;30;0;0;1;7;19;A01
2,018E+11;1;30;0;0;2;4;23;A01
2,018E+11;1;7;0;0;2;1;2;B01
2,018E+11;1;7;0;0;1;7;19;A01
2,018E+11;1;7;0;0;2;1;0;A01
2,018E+11;2;31;0;0;2;1;0;B01
2,018E+11;2;10;0;0;2;1;0;B01
2,018E+11;1;10;0;0;2;0;0;A01